Handle,Title,Body (HTML),Vendor,Type,Tags,Published,Variant SKU,Variant Price,Variant Inventory Qty,Image Src,nombre_zh,descripcion_zh,categoria,categoria_es,Canal,notas
cable-usb-type-c-100cm-3a,Cable USB Type-C 100cm / 3A,"Cable USB Type-C 100cm / 3A

📦 Características:
• USB Type-C
• 100cm
• 3A

✨ Estado: Nuevo
🚚 Disponible para entrega o recogida

🛒 VivaBien — Tu tienda de confianza en República Dominicana",VivaBien,Electrónicos y Tecnología,电子数码,TRUE,VB004E548C,110.00,10,VB004E548C.jpg,USB数据线,,电子数码,Electrónicos y Tecnología,"Shopify,Facebook Marketplace",价格由 AI 从图片识别：RD$ 110，请在审核台确认
spray-de-fragancia-88ml-con-tapa-rosa-ideal-para-el-d-a-a-d-,"Spray de fragancia 88ml con tapa rosa, ideal para el día a día","Spray de fragancia 88ml con tapa rosa, ideal para el día a día

📦 Características:
• Capacidad 88mL
• Tapa esférica rosada
• Spray aromático

✨ Estado: Nuevo
🚚 Disponible para entrega o recogida

🛒 VivaBien — Tu tienda de confianza en República Dominicana",VivaBien,Belleza y Cuidado Personal,美容个护,TRUE,VB00710E55,190.00,10,VB00710E55.jpg,莫吉托香氛喷雾,,美容个护,Belleza y Cuidado Personal,"Shopify,Facebook Marketplace",
cinta-m-trica-wincha-5m-x-19mm-abs-resistente,Cinta métrica / wincha 5m x 19mm ABS resistente,"Cinta métrica / wincha 5m x 19mm ABS resistente

📦 Características:
• 5 metros
• 19mm ancho
• Grosor 0.12mm
• Material ABS+TPR

✨ Estado: Nuevo
🚚 Disponible para entrega o recogida

🛒 VivaBien — Tu tienda de confianza en República Dominicana",VivaBien,Herramientas y Ferretería,工具五金,TRUE,VB007BA1E2,150.00,10,VB007BA1E2.jpg,钢卷尺,,工具五金,Herramientas y Ferretería,"Shopify,Facebook Marketplace",价格由 AI 从图片识别：RD$ 150，请在审核台确认
adorno-cer-mico-dorado-decoraci-n-pieza-nica,Adorno cerámico dorado / decoración / pieza única,"Adorno cerámico dorado / decoración / pieza única

📦 Características:
• color dorado
• Adorno
• Material cerámico

✨ Estado: Nuevo
🚚 Disponible para entrega o recogida

🛒 VivaBien — Tu tienda de confianza en República Dominicana",VivaBien,Decoración del Hogar,家居装饰,TRUE,VB0087DE44,95.00,10,VB0087DE44.jpg,金色苹果摆件,,家居装饰,Decoración del Hogar,"Shopify,Facebook Marketplace",价格由 AI 从图片识别：RD$ 95，请在审核台确认
manguera-met-lica-tubo-flexible-para-ba-o-2-metros,Manguera metálica / tubo flexible para baño 2 metros,"Manguera metálica / tubo flexible para baño 2 metros

📦 Características:
• 2 metros
• material metálico
• Para baños

✨ Estado: Nuevo
🚚 Disponible para entrega o recogida

🛒 VivaBien — Tu tienda de confianza en República Dominicana",VivaBien,Baño y Sanitarios,浴室卫浴,TRUE,VB00E643E7,145.00,10,VB00E643E7.jpg,金属软管,,浴室卫浴,Baño y Sanitarios,"Shopify,Facebook Marketplace",价格由 AI 从图片识别：RD$ 145，请在审核台确认
colgante-de-madera-con-letras-adorno-con-cuerda,Colgante de madera con letras / Adorno con cuerda,"Colgante de madera con letras / Adorno con cuerda

📦 Características:
• De madera
• Decoración con letras
• Cuerda

✨ Estado: Nuevo
🚚 Disponible para entrega o recogida

🛒 VivaBien — Tu tienda de confianza en República Dominicana",VivaBien,,,TRUE,VB00F2992E,315.00,10,VB00F2992E.jpg,木珠字母挂饰,,,,"Shopify,Facebook Marketplace",价格由 AI 从图片识别：RD$ 130，请在审核台确认
m-quina-para-waffles-waflera-1000w-antiadherente-3-a-os,Máquina para waffles / waflera 1000W antiadherente 3 años,"Máquina para waffles / waflera 1000W antiadherente 3 años

📦 Características:
• 1000W
• revestimiento antiadherente
• Calentamiento doble cara
• Fácil de limpiar
• Garantía de 3 años

✨ Estado: Nuevo
🚚 Disponible para entrega o recogida

🛒 VivaBien — Tu tienda de confianza en República Dominicana",VivaBien,Cocina y Hogar,厨房家居,TRUE,VB01127056,1330.00,10,VB01127056.jpg,华夫饼机,,厨房家居,Cocina y Hogar,"Shopify,Facebook Marketplace",价格由 AI 从图片识别：RD$ 1330，请在审核台确认
vaselina-para-beb-crema-hidratante-rosa-sin-especificar-tama,Vaselina para bebé / crema hidratante rosa sin especificar tamaño,"Vaselina para bebé / crema hidratante rosa sin especificar tamaño

📦 Características:
• Capacidad no especificada
• Empaque rosado
• Uso exclusivo para bebés

✨ Estado: Nuevo
🚚 Disponible para entrega o recogida

🛒 VivaBien — Tu tienda de confianza en República Dominicana",VivaBien,Belleza y Cuidado Personal,美容个护,TRUE,VB015CF879,95.00,10,VB015CF879.jpg,婴儿凡士林,,美容个护,Belleza y Cuidado Personal,"Shopify,Facebook Marketplace",价格由 AI 从图片识别：RD$ 95，请在审核台确认
llave-de-agua-grifo-met-lico-con-tefl-n-para-tuber-as,Llave de agua / grifo metálico con teflón para tuberías,"Llave de agua / grifo metálico con teflón para tuberías

📦 Características:
• Incluye cinta de sellado
• material metálico
• Para instalación de tuberías

✨ Estado: Nuevo
🚚 Disponible para entrega o recogida

🛒 VivaBien — Tu tienda de confianza en República Dominicana",VivaBien,Herramientas y Ferretería,工具五金,TRUE,VB01982BAF,195.00,10,VB01982BAF.jpg,水龙头套装,,工具五金,Herramientas y Ferretería,"Shopify,Facebook Marketplace",价格由 AI 从图片识别：RD$ 20，请在审核台确认
licuadora-batidora-multifuncional-vidrio-2l-300w-1000w,Licuadora / batidora multifuncional vidrio 2L 300W-1000W,"Licuadora / batidora multifuncional vidrio 2L 300W-1000W

📦 Características:
• Capacidad de 2L
• Rango de potencia 300W-1000W
• material de vidrio
• multifuncional

✨ Estado: Nuevo
🚚 Disponible para entrega o recogida

🛒 VivaBien — Tu tienda de confianza en República Dominicana",VivaBien,Cocina y Hogar,厨房家居,TRUE,VB01E6F1F1,1120.00,10,VB01E6F1F1.jpg,多功能料理机,,厨房家居,Cocina y Hogar,"Shopify,Facebook Marketplace",价格由 AI 从图片识别：RD$ 120，请在审核台确认 | 价格经二次OCR修正：120 → RD$ 1120
decoraci-n-de-madera-negra-coraz-n-rojo,Decoración de madera negra corazón rojo,"Decoración de madera negra corazón rojo

📦 Características:
• Negro
• De madera
• Con corazón rojo

✨ Estado: Nuevo
🚚 Disponible para entrega o recogida

🛒 VivaBien — Tu tienda de confianza en República Dominicana",VivaBien,Decoración del Hogar,家居装饰,TRUE,VB0222BAFC,195.00,10,VB0222BAFC.jpg,爱心装饰牌,,家居装饰,Decoración del Hogar,"Shopify,Facebook Marketplace",价格由 AI 从图片识别：RD$ 195，请在审核台确认
spray-de-perfume-masculino-80ml-botella-transparente-con-ato,"Spray de perfume masculino 80ml, botella transparente con atomizador","Spray de perfume masculino 80ml, botella transparente con atomizador

📦 Características:
• 80ml
• Cuerpo de botella transparente
• Con boquilla
• Fragancia masculina

✨ Estado: Nuevo
🚚 Disponible para entrega o recogida

🛒 VivaBien — Tu tienda de confianza en República Dominicana",VivaBien,Belleza y Cuidado Personal,美容个护,TRUE,VB0281153C,180.00,10,VB0281153C.jpg,香氛喷雾,,美容个护,Belleza y Cuidado Personal,"Shopify,Facebook Marketplace",
aud-fonos-auriculares-usb-c,Audífonos / auriculares USB-C,"Audífonos / auriculares USB-C

📦 Características:
• puerto USB-C

✨ Estado: Nuevo
🚚 Disponible para entrega o recogida

🛒 VivaBien — Tu tienda de confianza en República Dominicana",VivaBien,Electrónicos y Tecnología,电子数码,TRUE,VB0333E048,195.00,10,VB0333E048.jpg,USB-C耳机,,电子数码,Electrónicos y Tecnología,"Shopify,Facebook Marketplace",价格由 AI 从图片识别：RD$ 195，请在审核台确认
bloqueador-solar-protector-solar-spf-60-uva-uvb-100ml,Bloqueador solar / protector solar SPF 60 UVA/UVB 100ml,"Bloqueador solar / protector solar SPF 60 UVA/UVB 100ml

📦 Características:
• SPF 60
• PA+++
• 100ml
• protección UVA/UVB

✨ Estado: Nuevo
🚚 Disponible para entrega o recogida

🛒 VivaBien — Tu tienda de confianza en República Dominicana",VivaBien,Belleza y Cuidado Personal,美容个护,TRUE,VB0370E791,95.00,10,VB0370E791.jpg,防晒霜,,美容个护,Belleza y Cuidado Personal,"Shopify,Facebook Marketplace",价格由 AI 从图片识别：RD$ 95，请在审核台确认
spray-de-fragancia-88ml-dise-o-dorado-y-rojo-ideal-para-uso-,Spray de fragancia 88ml diseño dorado y rojo ideal para uso diario,"Spray de fragancia 88ml diseño dorado y rojo ideal para uso diario

📦 Características:
• Capacidad 88mL
• diseño dorado y rojo
• Spray aromático

✨ Estado: Nuevo
🚚 Disponible para entrega o recogida

🛒 VivaBien — Tu tienda de confianza en República Dominicana",VivaBien,Belleza y Cuidado Personal,美容个护,TRUE,VB0390B224,160.00,10,VB0390B224.jpg,香氛喷雾,,美容个护,Belleza y Cuidado Personal,"Shopify,Facebook Marketplace",
set-de-fragancia-y-cuidado-personal-en-caja-rosada-por-solo-,Set de fragancia y cuidado personal en caja rosada por solo $4.95,"Set de fragancia y cuidado personal en caja rosada por solo $4.95

📦 Características:
• Empaque rosado
• Incluye perfume y productos para el cuidado de la piel
• Precio $4.95

✨ Estado: Nuevo
🚚 Disponible para entrega o recogida

🛒 VivaBien — Tu tienda de confianza en República Dominicana",VivaBien,Belleza y Cuidado Personal,美容个护,TRUE,VB03AA982C,495.00,10,VB03AA982C.jpg,香氛礼盒,,美容个护,Belleza y Cuidado Personal,"Shopify,Facebook Marketplace",
limpiador-facial-jab-n-l-quido-120ml-con-vitamina-c,Limpiador facial / jabón líquido 120ml con vitamina C,"Limpiador facial / jabón líquido 120ml con vitamina C

📦 Características:
• 120ml
• Vitamina C de naranja
• apto para todo tipo de piel
• limpieza suave con aminoácidos

✨ Estado: Nuevo
🚚 Disponible para entrega o recogida

🛒 VivaBien — Tu tienda de confianza en República Dominicana",VivaBien,Belleza y Cuidado Personal,美容个护,TRUE,VB03C3D39B,145.00,10,VB03C3D39B.jpg,氨基酸洁面,,美容个护,Belleza y Cuidado Personal,"Shopify,Facebook Marketplace",价格由 AI 从图片识别：RD$ 145，请在审核台确认
llave-de-cocina-grifo-360-giratoria-ahorradora-de-agua,Llave de cocina / grifo 360° giratoria ahorradora de agua,"Llave de cocina / grifo 360° giratoria ahorradora de agua

📦 Características:
• Rotación de 360 grados
• 1/2 pulgada conexión
• Diseño ahorrador de agua

✨ Estado: Nuevo
🚚 Disponible para entrega o recogida

🛒 VivaBien — Tu tienda de confianza en República Dominicana",VivaBien,Herramientas y Ferretería,工具五金,TRUE,VB03CD2FF5,245.00,10,VB03CD2FF5.jpg,厨房水龙头,,工具五金,Herramientas y Ferretería,"Shopify,Facebook Marketplace",价格由 AI 从图片识别：RD$ 245，请在审核台确认
figura-decorativa-de-metal-mu-eco-met-lico,Figura decorativa de metal / muñeco metálico,"Adorno de ciervo metálico / figurita en plata 1 unidad

📦 Características:
• 1 unidad
• color plateado
• material metálico

✨ Estado: Nuevo
🚚 Disponible para entrega o recogida

🛒 VivaBien — Tu tienda de confianza en República Dominicana",VivaBien,Decoración del Hogar,家居装饰,TRUE,VB03CFF295,320.00,10,VB03CFF295.jpg,金属摆件,,家居装饰,Decoración del Hogar,"Shopify,Facebook Marketplace",价格由 AI 从图片识别：RD$ 320，请在审核台确认
tornillos-screws-3-5x20mm-plateados-cabeza-phillips,Tornillos / screws 3.5x20mm plateados cabeza Phillips,"Tornillos / screws 3.5x20mm plateados cabeza Phillips

📦 Características:
• 3.5x20mm
• color plateado
• punta Phillips

✨ Estado: Nuevo
🚚 Disponible para entrega o recogida

🛒 VivaBien — Tu tienda de confianza en República Dominicana",VivaBien,Herramientas y Ferretería,工具五金,TRUE,VB03D90162,40.00,10,VB03D90162.jpg,螺丝钉,,工具五金,Herramientas y Ferretería,"Shopify,Facebook Marketplace",价格由 AI 从图片识别：RD$ 10，请在审核台确认
depresores-de-lengua-de-madera-100-unidades-6-pulgadas,"Depresores de lengua de madera, 100 unidades, 6 pulgadas","Paletas para lengua / depresores de madera 100 unidades 6 pulgadas

📦 Características:
• 100 hojas
• Longitud de 6 pulgadas

✨ Estado: Nuevo
🚚 Disponible para entrega o recogida

🛒 VivaBien — Tu tienda de confianza en República Dominicana",VivaBien,Belleza y Cuidado Personal,美容个护,TRUE,VB03F505CF,175.00,10,VB03F505CF.jpg,压舌板,,美容个护,Belleza y Cuidado Personal,"Shopify,Facebook Marketplace",价格由 AI 从图片识别：RD$ 175，请在审核台确认
bocina-bluetooth-parlante-usb-tws-con-radio-y-aux,Bocina Bluetooth / parlante USB TWS con radio y AUX,"Bocina Bluetooth / parlante USB TWS con radio y AUX

📦 Características:
• reproducción USB
• Modo radio
• Puerto AUX
• función TWS

✨ Estado: Nuevo
🚚 Disponible para entrega o recogida

🛒 VivaBien — Tu tienda de confianza en República Dominicana",VivaBien,Electrónicos y Tecnología,电子数码,TRUE,VB04A55281,675.00,10,VB04A55281.jpg,蓝牙音箱,,电子数码,Electrónicos y Tecnología,"Shopify,Facebook Marketplace",价格由 AI 从图片识别：RD$ 675，请在审核台确认
llave-pl-stica-grifo-pl-stico-blanco-con-spray,Llave plástica / grifo plástico blanco con spray,"Llave plástica / grifo plástico blanco con spray

📦 Características:
• Blanco
• material plástico
• Con boquilla

✨ Estado: Nuevo
🚚 Disponible para entrega o recogida

🛒 VivaBien — Tu tienda de confianza en República Dominicana",VivaBien,Baño y Sanitarios,浴室卫浴,TRUE,VB04D9BCB9,275.00,10,VB04D9BCB9.jpg,塑料水龙头,,浴室卫浴,Baño y Sanitarios,"Shopify,Facebook Marketplace",价格由 AI 从图片识别：RD$ 275，请在审核台确认
set-de-perfume-y-crema-corporal-50ml-dise-o-elegante-oro-y-b,Set de Perfume y Crema Corporal 50ml Diseño Elegante Oro y Blanco,"Set de Perfume y Crema Corporal 50ml Diseño Elegante Oro y Blanco

📦 Características:
• Incluye perfume y crema corporal
• 50ml y 1.7fl.oz
• diseño de empaque dorado y blanco

✨ Estado: Nuevo
🚚 Disponible para entrega o recogida

🛒 VivaBien — Tu tienda de confianza en República Dominicana",VivaBien,Belleza y Cuidado Personal,美容个护,TRUE,VB053B2454,290.00,10,VB053B2454.jpg,香水礼盒,,美容个护,Belleza y Cuidado Personal,"Shopify,Facebook Marketplace",
silic-n-transparente-pega-rtv-100-impermeable-85g,Silicón transparente / pega RTV 100% impermeable 85g,"Silicón transparente / pega RTV 100% impermeable 85g

📦 Características:
• RTV 100%
• Transparente
• Impermeable
• Protección contra rayos UV
• Uso interno y externo
• 85g

✨ Estado: Nuevo
🚚 Disponible para entrega o recogida

🛒 VivaBien — Tu tienda de confianza en República Dominicana",VivaBien,Herramientas y Ferretería,工具五金,TRUE,VB0579EC36,110.00,10,VB0579EC36.jpg,硅胶密封胶,,工具五金,Herramientas y Ferretería,"Shopify,Facebook Marketplace",价格由 AI 从图片识别：RD$ 110，请在审核台确认
b-scula-digital-de-cocina-pesa-electr-nica-blanca,Báscula digital de cocina / pesa electrónica blanca,"Báscula digital de cocina / pesa electrónica blanca

📦 Características:
• 1 unidad
• Pantalla electrónica
• Blanco

✨ Estado: Nuevo
🚚 Disponible para entrega o recogida

🛒 VivaBien — Tu tienda de confianza en República Dominicana",VivaBien,Cocina y Hogar,厨房家居,TRUE,VB05AA5DFF,275.00,10,VB05AA5DFF.jpg,电子厨房秤,,厨房家居,Cocina y Hogar,"Shopify,Facebook Marketplace",价格由 AI 从图片识别：RD$ 275，请在审核台确认
silic-n-alta-temperatura-pega-resistente-750-f-85g,Silicón alta temperatura / pega resistente 750°F 85g,"Silicón alta temperatura / pega resistente 750°F 85g

📦 Características:
• Resistente a altas temperaturas 750°F
• Resistente al aceite, agua y congelamiento
• Para tapas de válvulas y colectores de admisión
• Peso neto 85g

✨ Estado: Nuevo
🚚 Disponible para entrega o recogida

🛒 VivaBien — Tu tienda de confianza en República Dominicana",VivaBien,Herramientas y Ferretería,工具五金,TRUE,VB05DAEB30,110.00,10,VB05DAEB30.jpg,高温密封胶,,工具五金,Herramientas y Ferretería,"Shopify,Facebook Marketplace",价格由 AI 从图片识别：RD$ 110，请在审核台确认
set-de-herramientas-manicura-pedicura-rosado-multifuncional,Set de herramientas manicura/pedicura rosado multifuncional,"Set de herramientas manicura/pedicura rosado multifuncional

📦 Características:
• Rosado
• multifuncional
• Herramienta para pies y uñas

✨ Estado: Nuevo
🚚 Disponible para entrega o recogida

🛒 VivaBien — Tu tienda de confianza en República Dominicana",VivaBien,Belleza y Cuidado Personal,美容个护,TRUE,VB063B36B1,150.00,10,VB063B36B1.jpg,美甲工具套装,,美容个护,Belleza y Cuidado Personal,"Shopify,Facebook Marketplace",
greca-cafetera-moka-met-lica-9-tazas,Greca / cafetera moka metálica 9 tazas,"Greca / cafetera moka metálica 9 tazas

📦 Características:
• 9 tazas
• material metálico

✨ Estado: Nuevo
🚚 Disponible para entrega o recogida

🛒 VivaBien — Tu tienda de confianza en República Dominicana",VivaBien,Cocina y Hogar,厨房家居,TRUE,VB06660007,720.00,10,VB06660007.jpg,摩卡壶,,厨房家居,Cocina y Hogar,"Shopify,Facebook Marketplace",价格由 AI 从图片识别：RD$ 720，请在审核台确认
double-switch-socket-con-bloqueo-infantil-y-alta-potencia,Double switch socket con bloqueo infantil y alta potencia,"Double switch socket con bloqueo infantil y alta potencia

📦 Características:
• Bloqueo infantil
• Alta potencia
• Estructura de cableado

✨ Estado: Nuevo
🚚 Disponible para entrega o recogida

🛒 VivaBien — Tu tienda de confianza en República Dominicana",VivaBien,Herramientas y Ferretería,工具五金,TRUE,VB06B7D546,100.00,10,VB06B7D546.jpg,双开关插座,,工具五金,Herramientas y Ferretería,"Shopify,Facebook Marketplace",价格由 AI 从图片识别：RD$ 1，请在审核台确认
portal-mparas-de-cer-mica-tama-o-mediano-durable-y-elegante,Portalámparas de cerámica tamaño mediano durable y elegante,"Portalámparas de cerámica tamaño mediano durable y elegante

📦 Características:
• Material cerámico
• Tamaño mediano

✨ Estado: Nuevo
🚚 Disponible para entrega o recogida

🛒 VivaBien — Tu tienda de confianza en República Dominicana",VivaBien,Decoración del Hogar,家居装饰,TRUE,VB06D65A58,30.00,10,VB06D65A58.jpg,陶瓷灯座,,家居装饰,Decoración del Hogar,"Shopify,Facebook Marketplace",价格由 AI 从图片识别：RD$ 30，请在审核台确认
parche-de-gel-verde-para-ojos-mascarilla-ocular-hidratante,Parche de gel verde para ojos / mascarilla ocular hidratante,"Parche de gel verde para ojos / mascarilla ocular hidratante

📦 Características:
• Verde
• Material de gel
• Cuidado de la piel

✨ Estado: Nuevo
🚚 Disponible para entrega o recogida

🛒 VivaBien — Tu tienda de confianza en República Dominicana",VivaBien,Belleza y Cuidado Personal,美容个护,TRUE,VB0806F2EB,35.00,10,VB0806F2EB.jpg,眼贴膜,,美容个护,Belleza y Cuidado Personal,"Shopify,Facebook Marketplace",价格由 AI 从图片识别：RD$ 35，请在审核台确认
tomacorriente-de-pared-con-doble-puerto-usb-y-tornillos-incl,Tomacorriente de pared con doble puerto USB y tornillos incluidos,"Tomacorriente de pared con doble puerto USB y tornillos incluidos

📦 Características:
• Doble puerto USB
• enchufe de pared
• Incluye instalación con tornillos

✨ Estado: Nuevo
🚚 Disponible para entrega o recogida

🛒 VivaBien — Tu tienda de confianza en República Dominicana",VivaBien,Herramientas y Ferretería,工具五金,TRUE,VB088CD87A,85.00,10,VB088CD87A.jpg,墙插带USB,,工具五金,Herramientas y Ferretería,"Shopify,Facebook Marketplace",价格由 AI 从图片识别：RD$ 85，请在审核台确认
spray-azul-pintura-en-spray-r-pido-secado-interior-exterior,Spray azul / pintura en spray rápido secado interior exterior,"Spray azul / pintura en spray rápido secado interior exterior

📦 Características:
• Azul
• Secado rápido
• multiuso
• Uso interior y exterior

✨ Estado: Nuevo
🚚 Disponible para entrega o recogida

🛒 VivaBien — Tu tienda de confianza en República Dominicana",VivaBien,Herramientas y Ferretería,工具五金,TRUE,VB08D6D186,110.00,10,VB08D6D186.jpg,喷漆,,工具五金,Herramientas y Ferretería,"Shopify,Facebook Marketplace",价格由 AI 从图片识别：RD$ 110，请在审核台确认
crema-facial-blanqueadora-hidratante-con-col-geno-y-vitamina,Crema facial blanqueadora / hidratante con colágeno y vitamina C,"Crema facial blanqueadora / hidratante con colágeno y vitamina C

📦 Características:
• Impermeable
• Blanqueamiento rápido
• Cuidado facial

✨ Estado: Nuevo
🚚 Disponible para entrega o recogida

🛒 VivaBien — Tu tienda de confianza en República Dominicana",VivaBien,Belleza y Cuidado Personal,美容个护,TRUE,VB08EE88B8,210.00,10,VB08EE88B8.jpg,牛奶胶原蛋白VC,,美容个护,Belleza y Cuidado Personal,"Shopify,Facebook Marketplace",价格由 AI 从图片识别：RD$ 210，请在审核台确认
limpiador-facial-jab-n-l-quido-vitamina-c-org-nico-antiacn,Limpiador facial / jabón líquido vitamina C orgánico antiacné,"Limpiador facial / jabón líquido vitamina C orgánico antiacné

📦 Características:
• limpieza profunda
• Control de grasa
• Anti acné
• Hidratante
• 100% orgánico

✨ Estado: Nuevo
🚚 Disponible para entrega o recogida

🛒 VivaBien — Tu tienda de confianza en República Dominicana",VivaBien,Belleza y Cuidado Personal,美容个护,TRUE,VB09006F6C,145.00,10,VB09006F6C.jpg,维C洁面乳,,美容个护,Belleza y Cuidado Personal,"Shopify,Facebook Marketplace",价格由 AI 从图片识别：RD$ 145，请在审核台确认
set-de-portarretratos-marcos-boda-1-set-blanco-y-rojo-coraz-,Set de portarretratos / marcos boda 1 set blanco y rojo corazón,"Set de portarretratos / marcos boda 1 set blanco y rojo corazón

📦 Características:
• un set
• Blanco
• Decoración de corazón rojo
• Tema de boda

✨ Estado: Nuevo
🚚 Disponible para entrega o recogida

🛒 VivaBien — Tu tienda de confianza en República Dominicana",VivaBien,Decoración del Hogar,家居装饰,TRUE,VB091B7F0D,365.00,10,VB091B7F0D.jpg,婚礼相框套装,,家居装饰,Decoración del Hogar,"Shopify,Facebook Marketplace",⚠ 价格疑似识别有误（599.0），已自动修正为 RD$ 5990 | 价格由 AI 从图片识别：RD$ 5990，请在审核台确认
cable-usb-c-a-usb-c-3a-carga-r-pida,Cable USB-C a USB-C 3A carga rápida,"Cable USB-C a USB-C 3A carga rápida

📦 Características:
• USB-C to USB-C
• 3A
• Carga rápida

✨ Estado: Nuevo
🚚 Disponible para entrega o recogida

🛒 VivaBien — Tu tienda de confianza en República Dominicana",VivaBien,Electrónicos y Tecnología,电子数码,TRUE,VB0945AF56,190.00,10,VB0945AF56.jpg,快充数据线,,电子数码,Electrónicos y Tecnología,"Shopify,Facebook Marketplace",价格由 AI 从图片识别：RD$ 190，请在审核台确认
switch-blanco-con-enchufe-para-pared-pr-ctico-y-f-cil-de-ins,"Switch blanco con enchufe para pared, práctico y fácil de instalar","Switch blanco con enchufe para pared, práctico y fácil de instalar

📦 Características:
• Blanco
• Con enchufe
• montaje en pared

✨ Estado: Nuevo
🚚 Disponible para entrega o recogida

🛒 VivaBien — Tu tienda de confianza en República Dominicana",VivaBien,Herramientas y Ferretería,工具五金,TRUE,VB098269F8,95.00,10,VB098269F8.jpg,墙面插座开关,,工具五金,Herramientas y Ferretería,"Shopify,Facebook Marketplace",价格由 AI 从图片识别：RD$ 95，请在审核台确认
disco-de-corrector-ushas-varios-tonos-cremoso-pa-cubrir-ojer,"Disco de corrector Ushas, varios tonos, cremoso, pa' cubrir ojeras","Disco de corrector Ushas, varios tonos, cremoso, pa' cubrir ojeras

📦 Características:
• varios tonos de color
• crema redonda
• empaque plástico

✨ Estado: Nuevo
🚚 Disponible para entrega o recogida

🛒 VivaBien — Tu tienda de confianza en República Dominicana",VivaBien,Belleza y Cuidado Personal,美容个护,TRUE,VB09EB56DE,195.00,10,VB09EB56DE.jpg,USHAS遮瑕盘,,美容个护,Belleza y Cuidado Personal,"Shopify,Facebook Marketplace","品名由豆包识图生成 conf=0.80，卖点:['多色号', '圆形膏体', '塑料包装']"
cable-type-c-a-lightning-100cm-carga-r-pida-27w-reforzado,Cable Type-C a Lightning 100cm / Carga rápida 27W / Reforzado,"Cable Type-C a Lightning 100cm / Carga rápida 27W / Reforzado

📦 Características:
• 100cm
• 27W
• tejido metálico
• Carga rápida

✨ Estado: Nuevo
🚚 Disponible para entrega o recogida

🛒 VivaBien — Tu tienda de confianza en República Dominicana",VivaBien,Electrónicos y Tecnología,电子数码,TRUE,VB0A06955D,235.00,10,VB0A06955D.jpg,Type-C转Lightning线,,电子数码,Electrónicos y Tecnología,"Shopify,Facebook Marketplace",价格由 AI 从图片识别：RD$ 235，请在审核台确认
varilla-roscada-tornillo-m12-x-120mm-galvanizado-c-arandela,Varilla roscada / tornillo M12 x 120mm galvanizado c/ arandela,"Varilla roscada / tornillo M12 x 120mm galvanizado c/ arandela

📦 Características:
• especificación M12
• 120mm longitud
• material galvanizado
• Incluye arandelas

✨ Estado: Nuevo
🚚 Disponible para entrega o recogida

🛒 VivaBien — Tu tienda de confianza en República Dominicana",VivaBien,Herramientas y Ferretería,工具五金,TRUE,VB0A277298,85.00,10,VB0A277298.jpg,螺纹杆套装,,工具五金,Herramientas y Ferretería,"Shopify,Facebook Marketplace",价格由 AI 从图片识别：RD$ 85，请在审核台确认
bocina-inal-mbrica-corneta-bluetooth-6-5-recargable-fm-usb-s,"Bocina inalámbrica / corneta Bluetooth 6.5"" recargable FM USB SD","Bocina inalámbrica / corneta Bluetooth 6.5"" recargable FM USB SD

📦 Características:
• 6.5 pulgadas
• Tecnología inalámbrica
• Batería recargable
• Función de radio FM
• Compatible con USB y Micro SD

✨ Estado: Nuevo
🚚 Disponible para entrega o recogida

🛒 VivaBien — Tu tienda de confianza en República Dominicana",VivaBien,Electrónicos y Tecnología,电子数码,TRUE,VB0AEC21DF,820.00,10,VB0AEC21DF.jpg,无线音箱,,电子数码,Electrónicos y Tecnología,"Shopify,Facebook Marketplace",价格由 AI 从图片识别：RD$ 820，请在审核台确认 | 价格经二次OCR修正：820 → RD$ 280
mosquitero-tul-para-cama-2-unidades-56x56x75-pulgadas-100-po,Mosquitero / tul para cama 2 unidades 56x56x75 pulgadas 100% poliéster,"Mosquitero / tul para cama 2 unidades 56x56x75 pulgadas 100% poliéster

📦 Características:
• 2 unidades
• 56x56x75 pulgadas
• 100% poliéster

✨ Estado: Nuevo
🚚 Disponible para entrega o recogida

🛒 VivaBien — Tu tienda de confianza en República Dominicana",VivaBien,Decoración del Hogar,家居装饰,TRUE,VB0B3CAAB9,560.00,10,VB0B3CAAB9.jpg,蚊帐,,家居装饰,Decoración del Hogar,"Shopify,Facebook Marketplace",价格由 AI 从图片识别：RD$ 50，请在审核台确认
limpiador-facial-gel-limpiador-sin-jab-n-100ml,Limpiador facial / gel limpiador sin jabón 100ml,"Limpiador facial / gel limpiador sin jabón 100ml

📦 Características:
• 100ml capacidad
• Fórmula sin jabón
• apto para piel perfecta

✨ Estado: Nuevo
🚚 Disponible para entrega o recogida

🛒 VivaBien — Tu tienda de confianza en República Dominicana",VivaBien,Belleza y Cuidado Personal,美容个护,TRUE,VB0B580C74,145.00,10,VB0B580C74.jpg,清爽洁面乳,,美容个护,Belleza y Cuidado Personal,"Shopify,Facebook Marketplace",价格由 AI 从图片识别：RD$ 145，请在审核台确认
pestillo-cerrojo-met-lico-60mm-con-tornillos,Pestillo / cerrojo metálico 60mm con tornillos,"Pestillo / cerrojo metálico 60mm con tornillos

📦 Características:
• 60mm
• material metálico
• Incluye tornillos

✨ Estado: Nuevo
🚚 Disponible para entrega o recogida

🛒 VivaBien — Tu tienda de confianza en República Dominicana",VivaBien,Herramientas y Ferretería,工具五金,TRUE,VB0B978B09,65.00,10,VB0B978B09.jpg,门栓锁,,工具五金,Herramientas y Ferretería,"Shopify,Facebook Marketplace",价格由 AI 从图片识别：RD$ 65，请在审核台确认
n-meros-adhesivos-75mm-de-metal-autoadheribles,Números adhesivos 75mm / de metal / autoadheribles,"Números adhesivos 75mm / de metal / autoadheribles

📦 Características:
• Altura 75mm
• material metálico
• Diseño auto-adhesivo

✨ Estado: Nuevo
🚚 Disponible para entrega o recogida

🛒 VivaBien — Tu tienda de confianza en República Dominicana",VivaBien,Decoración del Hogar,家居装饰,TRUE,VB0B9A9017,45.00,10,VB0B9A9017.jpg,自粘数字,,家居装饰,Decoración del Hogar,"Shopify,Facebook Marketplace",价格由 AI 从图片识别：RD$ 45，请在审核台确认
tornillos-auto-roscantes-6x60mm-cabeza-hexagonal,Tornillos auto-roscantes 6x60mm cabeza hexagonal,"Tornillos auto-roscantes 6x60mm cabeza hexagonal

📦 Características:
• 6x60mm
• cabeza hexagonal externa
• Función auto-roscado

✨ Estado: Nuevo
🚚 Disponible para entrega o recogida

🛒 VivaBien — Tu tienda de confianza en República Dominicana",VivaBien,Herramientas y Ferretería,工具五金,TRUE,VB0BAA9E6C,35.00,10,VB0BAA9E6C.jpg,六角自攻螺丝,,工具五金,Herramientas y Ferretería,"Shopify,Facebook Marketplace",价格由 AI 从图片识别：RD$ 35，请在审核台确认
corta-as-alicate-dorado-port-til-con-estuche,Cortaúñas / alicate dorado portátil con estuche,"Cortaúñas / alicate dorado portátil con estuche

📦 Características:
• color dorado
• Empaque portátil

✨ Estado: Nuevo
🚚 Disponible para entrega o recogida

🛒 VivaBien — Tu tienda de confianza en República Dominicana",VivaBien,Belleza y Cuidado Personal,美容个护,TRUE,VB0BB9C3D9,205.00,10,VB0BB9C3D9.jpg,指甲钳,,美容个护,Belleza y Cuidado Personal,"Shopify,Facebook Marketplace",价格由 AI 从图片识别：RD$ 205，请在审核台确认
set-arom-tico-difusor-con-bandeja-de-madera-y-5-varitas,Set aromático / difusor con bandeja de madera y 5 varitas,"Set aromático / difusor con bandeja de madera y 5 varitas

📦 Características:
• 1 bandeja de madera
• 1 difusor de varillas
• vela aromática de vidrio 1 unidad
• 1 vela de té
• 5 varillas de aromaterapia
• arena
• Piedra

✨ Estado: Nuevo
🚚 Disponible para entrega o recogida

🛒 VivaBien — Tu tienda de confianza en República Dominicana",VivaBien,Decoración del Hogar,家居装饰,TRUE,VB0C90316D,1235.00,10,VB0C90316D.jpg,香薰摆件套装,,家居装饰,Decoración del Hogar,"Shopify,Facebook Marketplace",价格由 AI 从图片识别：RD$ 12，请在审核台确认 | 价格经二次OCR修正：12.5 → RD$ 1235
disco-de-corte-rueda-de-corte-80mm-para-metal,Disco de corte / rueda de corte 80mm para metal,"Disco de corte / rueda de corte 80mm para metal

📦 Características:
• Diámetro aprox. 80mm
• material metálico
• compatible con corte

✨ Estado: Nuevo
🚚 Disponible para entrega o recogida

🛒 VivaBien — Tu tienda de confianza en República Dominicana",VivaBien,Herramientas y Ferretería,工具五金,TRUE,VB0CA15067,25.00,10,VB0CA15067.jpg,切割片,,工具五金,Herramientas y Ferretería,"Shopify,Facebook Marketplace",价格由 AI 从图片识别：RD$ 25，请在审核台确认
bandeja-decorativa-charola-pl-stica-dorada-rectangular,Bandeja decorativa / charola plástica dorada rectangular,"Bandeja decorativa / charola plástica dorada rectangular

📦 Características:
• marco dorado
• material plástico
• forma rectangular

✨ Estado: Nuevo
🚚 Disponible para entrega o recogida

🛒 VivaBien — Tu tienda de confianza en República Dominicana",VivaBien,Decoración del Hogar,家居装饰,TRUE,VB0CA36810,305.00,10,VB0CA36810.jpg,装饰托盘,,家居装饰,Decoración del Hogar,"Shopify,Facebook Marketplace",价格由 AI 从图片识别：RD$ 305，请在审核台确认
n-meros-adhesivos-stickers-plateados-75mm,Números adhesivos / stickers plateados 75mm,"Números adhesivos / stickers plateados 75mm

📦 Características:
• Altura 75mm
• color plateado
• Auto-adhesivo

✨ Estado: Nuevo
🚚 Disponible para entrega o recogida

🛒 VivaBien — Tu tienda de confianza en República Dominicana",VivaBien,Decoración del Hogar,家居装饰,TRUE,VB0CF6CB9E,45.00,10,VB0CF6CB9E.jpg,自粘数字,,家居装饰,Decoración del Hogar,"Shopify,Facebook Marketplace",价格由 AI 从图片识别：RD$ 45，请在审核台确认
osito-decorativo-verde-oro-de-resina,Osito decorativo verde/oro de resina,"Osito decorativo verde/oro de resina

📦 Características:
• Verde
• decoración dorada
• Material de resina

✨ Estado: Nuevo
🚚 Disponible para entrega o recogida

🛒 VivaBien — Tu tienda de confianza en República Dominicana",VivaBien,Decoración del Hogar,家居装饰,TRUE,VB0D94D9D7,715.00,10,VB0D94D9D7.jpg,绿熊摆件,,家居装饰,Decoración del Hogar,"Shopify,Facebook Marketplace",价格由 AI 从图片识别：RD$ 145，请在审核台确认
corta-as-alicate-de-u-as-de-acero-inoxidable,Cortaúñas / alicate de uñas de acero inoxidable,"Cortaúñas / alicate de uñas de acero inoxidable

📦 Características:
• material de acero inoxidable
• compatible con cortar uñas y piel muerta

✨ Estado: Nuevo
🚚 Disponible para entrega o recogida

🛒 VivaBien — Tu tienda de confianza en República Dominicana",VivaBien,Belleza y Cuidado Personal,美容个护,TRUE,VB0DF303FE,120.00,10,VB0DF303FE.jpg,指甲钳,,美容个护,Belleza y Cuidado Personal,"Shopify,Facebook Marketplace",价格由 AI 从图片识别：RD$ 120，请在审核台确认
silic-n-sellador-900ml-para-vidrio-metal-madera-cer-mica,Silicón sellador 900ml para vidrio / metal / madera / cerámica,"Silicón sellador 900ml para vidrio / metal / madera / cerámica

📦 Características:
• 900ml
• Alta adhesión
• Para vidrio, metal, concreto, madera, cerámica y plástico

✨ Estado: Nuevo
🚚 Disponible para entrega o recogida

🛒 VivaBien — Tu tienda de confianza en República Dominicana",VivaBien,Herramientas y Ferretería,工具五金,TRUE,VB0E26860F,295.00,10,VB0E26860F.jpg,密封胶,,工具五金,Herramientas y Ferretería,"Shopify,Facebook Marketplace",价格由 AI 从图片识别：RD$ 295，请在审核台确认
juego-de-destornilladores-desarmadores-con-cinta-m-trica,Juego de destornilladores / desarmadores con cinta métrica,"Juego de destornilladores / desarmadores con cinta métrica

📦 Características:
• Cinta métrica de 2 metros
• destornillador multifuncional
• Duradero

✨ Estado: Nuevo
🚚 Disponible para entrega o recogida

🛒 VivaBien — Tu tienda de confianza en República Dominicana",VivaBien,Herramientas y Ferretería,工具五金,TRUE,VB0E51255C,240.00,10,VB0E51255C.jpg,螺丝刀套装,,工具五金,Herramientas y Ferretería,"Shopify,Facebook Marketplace",价格由 AI 从图片识别：RD$ 240，请在审核台确认
spray-mata-cucarachas-y-hormigas-17-5oz-olor-fresco,Spray mata cucarachas y hormigas 17.5oz olor fresco,"Spray mata cucarachas y hormigas 17.5oz olor fresco

📦 Características:
• 17.5oz
• Aroma fresco para exteriores
• Mata hormigas y cucarachas

✨ Estado: Nuevo
🚚 Disponible para entrega o recogida

🛒 VivaBien — Tu tienda de confianza en República Dominicana",VivaBien,Otros,其他,TRUE,VB0EBB7B57,435.00,10,VB0EBB7B57.jpg,杀虫喷雾,,其他,Otros,"Shopify,Facebook Marketplace",价格由 AI 从图片识别：RD$ 435，请在审核台确认
cable-de-carga-type-c-r-pido-5a-tipo-c,Cable de carga Type-C rápido 5A / tipo C,"Cable de carga Type-C rápido 5A / tipo C

📦 Características:
• puerto Type-C
• Corriente 5A
• Carga rápida

✨ Estado: Nuevo
🚚 Disponible para entrega o recogida

🛒 VivaBien — Tu tienda de confianza en República Dominicana",VivaBien,Electrónicos y Tecnología,电子数码,TRUE,VB0EF80C2D,85.00,10,,Type-C充电线,,电子数码,Electrónicos y Tecnología,"Shopify,Facebook Marketplace","价格由 AI 从图片识别：RD$ 85，请在审核台确认 | ⚠️ AI 生图失败，可点「重新生图」重试: HTTPSConnectionPool(host='api.quickrouter.ai', port=443): Read timed out. (read timeout=120)"
masajeador-vibrador-18x4cm-140g-a-pilas-aa-multicolor,Masajeador vibrador 18x4cm 140g a pilas AA multicolor,"Masajeador vibrador 18x4cm 140g a pilas AA multicolor

📦 Características:
• Tamaño 18*4cm
• Peso 140g
• Dos pilas AA
• varios colores disponibles

✨ Estado: Nuevo
🚚 Disponible para entrega o recogida

🛒 VivaBien — Tu tienda de confianza en República Dominicana",VivaBien,Artículos para Adultos,情趣用品,TRUE,VB0F8F5CD1,310.00,10,VB0F8F5CD1.jpg,震动按摩棒,,情趣用品,Artículos para Adultos,"Shopify,Facebook Marketplace",价格由 AI 从图片识别：RD$ 310，请在审核台确认
toallero-dorado-gancho-redondo-para-ba-o-con-tornillos,Toallero dorado / gancho redondo para baño con tornillos,"Toallero dorado / gancho redondo para baño con tornillos

📦 Características:
• color dorado
• redondo
• Con tornillos

✨ Estado: Nuevo
🚚 Disponible para entrega o recogida

🛒 VivaBien — Tu tienda de confianza en República Dominicana",VivaBien,Baño y Sanitarios,浴室卫浴,TRUE,VB10720259,65.00,10,VB10720259.jpg,金色毛巾环,,浴室卫浴,Baño y Sanitarios,"Shopify,Facebook Marketplace",价格由 AI 从图片识别：RD$ 65，请在审核台确认
bocina-inal-mbrica-port-til-rgb,Bocina inalámbrica portátil RGB,"Bocina inalámbrica portátil RGB

📦 Características:
• efecto de luz RGB
• Portátil
• Inalámbrico

✨ Estado: Nuevo
🚚 Disponible para entrega o recogida

🛒 VivaBien — Tu tienda de confianza en República Dominicana",VivaBien,,,TRUE,VB109EBF31,1150.00,10,VB109EBF31.jpg,无线音箱,,,,"Shopify,Facebook Marketplace",价格由 AI 从图片识别：RD$ 175，请在审核台确认
perfume-en-caja-de-regalo-con-frasco-azul-y-spray-incluido,Perfume en caja de regalo con frasco azul y spray incluido,"Perfume en caja de regalo con frasco azul y spray incluido

📦 Características:
• Botella azul
• Incluye botella de spray
• Empaque de regalo

✨ Estado: Nuevo
🚚 Disponible para entrega o recogida

🛒 VivaBien — Tu tienda de confianza en República Dominicana",VivaBien,Belleza y Cuidado Personal,美容个护,TRUE,VB10C53255,295.00,10,VB10C53255.jpg,香水礼盒,,美容个护,Belleza y Cuidado Personal,"Shopify,Facebook Marketplace",
tirrap-abrazadera-pl-stica-zip-tie-3x100mm-100-unidades,Tirrap / abrazadera plástica / zip tie 3x100mm (100 unidades),"Tirrap / abrazadera plástica / zip tie 3x100mm (100 unidades)

📦 Características:
• Tamaño 3x100mm
• Cantidad 100 piezas

✨ Estado: Nuevo
🚚 Disponible para entrega o recogida

🛒 VivaBien — Tu tienda de confianza en República Dominicana",VivaBien,Herramientas y Ferretería,工具五金,TRUE,VB1118A751,20.00,10,VB1118A751.jpg,尼龙扎带,,工具五金,Herramientas y Ferretería,"Shopify,Facebook Marketplace",价格由 AI 从图片识别：RD$ 20，请在审核台确认
5-pares-pesta-as-8d-pelo-de-vis-n-hechas-a-mano,5 pares pestañas 8D pelo de visón hechas a mano,"5 pares pestañas 8D pelo de visón hechas a mano

📦 Características:
• 5 pares
• 8D
• Hecho a mano
• Pelo sintético tipo visón

✨ Estado: Nuevo
🚚 Disponible para entrega o recogida

🛒 VivaBien — Tu tienda de confianza en República Dominicana",VivaBien,Belleza y Cuidado Personal,美容个护,TRUE,VB11B46935,150.00,10,VB11B46935.jpg,8D仿貂假睫毛,,美容个护,Belleza y Cuidado Personal,"Shopify,Facebook Marketplace","品名由豆包识图生成 conf=0.90，卖点:['5对装', '8D', '手工制作', '仿貂毛']"
set-de-cuidado-personal-con-perfume-y-m-s-rojo-y-con-detalle,"Set de cuidado personal con perfume y más, rojo y con detalles dorados","Set de cuidado personal con perfume y más, rojo y con detalles dorados

📦 Características:
• Empaque rojo
• Incluye perfume, gel de baño, crema corporal
• decoración dorada

✨ Estado: Nuevo
🚚 Disponible para entrega o recogida

🛒 VivaBien — Tu tienda de confianza en República Dominicana",VivaBien,Belleza y Cuidado Personal,美容个护,TRUE,VB121E945C,495.00,10,VB121E945C.jpg,香氛礼盒,,美容个护,Belleza y Cuidado Personal,"Shopify,Facebook Marketplace",
corta-as-corta-u-as-de-acero-inoxidable,Cortaúñas / corta uñas de acero inoxidable,"Cortaúñas / corta uñas de acero inoxidable

📦 Características:
• material de acero inoxidable
• apto para cortar uñas y piel muerta

✨ Estado: Nuevo
🚚 Disponible para entrega o recogida

🛒 VivaBien — Tu tienda de confianza en República Dominicana",VivaBien,Belleza y Cuidado Personal,美容个护,TRUE,VB122EA612,130.00,10,VB122EA612.jpg,指甲剪,,美容个护,Belleza y Cuidado Personal,"Shopify,Facebook Marketplace",价格由 AI 从图片识别：RD$ 130，请在审核台确认
condones-preservativos-de-l-tex-natural-10-unidades,Condones / preservativos de látex natural 10 unidades,"Condones / preservativos de látex natural 10 unidades

📦 Características:
• 10 hojas
• Látex natural

✨ Estado: Nuevo
🚚 Disponible para entrega o recogida

🛒 VivaBien — Tu tienda de confianza en República Dominicana",VivaBien,Artículos para Adultos,情趣用品,TRUE,VB126C7790,180.00,10,VB126C7790.jpg,天然乳胶套,,情趣用品,Artículos para Adultos,"Shopify,Facebook Marketplace",价格由 AI 从图片识别：RD$ 180，请在审核台确认
letrero-mujer-madera-con-cuerda-cartel-ba-o-madera,Letrero mujer madera con cuerda / cartel baño madera,"Letrero mujer madera con cuerda / cartel baño madera

📦 Características:
• De madera
• Diseño con cuerda

✨ Estado: Nuevo
🚚 Disponible para entrega o recogida

🛒 VivaBien — Tu tienda de confianza en República Dominicana",VivaBien,Decoración del Hogar,家居装饰,TRUE,VB126E19D5,170.00,10,VB126E19D5.jpg,女性标识牌,,家居装饰,Decoración del Hogar,"Shopify,Facebook Marketplace",价格由 AI 从图片识别：RD$ 170，请在审核台确认
perfume-para-hombre-88ml-con-tapa-dorada-y-detalle-rojo-eleg,Perfume para hombre 88ml con tapa dorada y detalle rojo elegante,"Perfume para hombre 88ml con tapa dorada y detalle rojo elegante

📦 Características:
• Capacidad 88mL
• tapa dorada
• Anillo decorativo rojo

✨ Estado: Nuevo
🚚 Disponible para entrega o recogida

🛒 VivaBien — Tu tienda de confianza en República Dominicana",VivaBien,Belleza y Cuidado Personal,美容个护,TRUE,VB1272004A,120.00,10,VB1272004A.jpg,男士香水,,美容个护,Belleza y Cuidado Personal,"Shopify,Facebook Marketplace",
l-quido-acr-lico-para-u-as-150ml-color-violeta,Líquido acrílico para uñas / 150ml color violeta,"Pintura acrílica líquida / colorante 150ml violeta

📦 Características:
• 150ml
• Líquido morado

✨ Estado: Nuevo
🚚 Disponible para entrega o recogida

🛒 VivaBien — Tu tienda de confianza en República Dominicana",VivaBien,Belleza y Cuidado Personal,美容个护,TRUE,VB128CE19B,225.00,10,VB128CE19B.jpg,丙烯液体,,美容个护,Belleza y Cuidado Personal,"Shopify,Facebook Marketplace",
aud-fonos-inal-mbricos-bluetooth-blancos-t-ctiles-larga-dura,Audífonos inalámbricos / Bluetooth blancos táctiles larga duración,"Audífonos inalámbricos / Bluetooth blancos táctiles larga duración

📦 Características:
• un set
• Blanco
• operación táctil
• larga duración

✨ Estado: Nuevo
🚚 Disponible para entrega o recogida

🛒 VivaBien — Tu tienda de confianza en República Dominicana",VivaBien,Electrónicos y Tecnología,电子数码,TRUE,VB12E62506,595.00,10,VB12E62506.jpg,无线耳机,,电子数码,Electrónicos y Tecnología,"Shopify,Facebook Marketplace",价格由 AI 从图片识别：RD$ 595，请在审核台确认
escarcha-glitter-brillo-para-u-as-variados-colores,Escarcha / glitter / brillo para uñas - Variados colores,"Escarcha / glitter / brillo para uñas - Variados colores

📦 Características:
• varios colores
• Empaque pequeño
• apto para decoración de uñas

✨ Estado: Nuevo
🚚 Disponible para entrega o recogida

🛒 VivaBien — Tu tienda de confianza en República Dominicana",VivaBien,Belleza y Cuidado Personal,美容个护,TRUE,VB12F3B655,325.00,10,VB12F3B655.jpg,指甲装饰亮片,,美容个护,Belleza y Cuidado Personal,"Shopify,Facebook Marketplace",价格由 AI 从图片识别：RD$ 325，请在审核台确认
adorno-decorativo-pluma-plateada-metal-silver,Adorno decorativo pluma plateada / metal silver,"Adorno decorativo pluma plateada / metal silver

📦 Características:
• color plateado
• material metálico

✨ Estado: Nuevo
🚚 Disponible para entrega o recogida

🛒 VivaBien — Tu tienda de confianza en República Dominicana",VivaBien,Decoración del Hogar,家居装饰,TRUE,VB1343A01F,120.00,10,VB1343A01F.jpg,银色羽毛摆件,,家居装饰,Decoración del Hogar,"Shopify,Facebook Marketplace",价格由 AI 从图片识别：RD$ 120，请在审核台确认
tomacorriente-de-pared-blanco-con-doble-puerto-usb-para-carg,Tomacorriente de pared blanco con doble puerto USB para cargar fácil,"Tomacorriente de pared blanco con doble puerto USB para cargar fácil

📦 Características:
• Doble puerto USB
• Blanco
• enchufe de pared

✨ Estado: Nuevo
🚚 Disponible para entrega o recogida

🛒 VivaBien — Tu tienda de confianza en República Dominicana",VivaBien,Electrónicos y Tecnología,电子数码,TRUE,VB13512BDD,3.15,10,VB13512BDD.jpg,USB插座面板,,电子数码,Electrónicos y Tecnología,"Shopify,Facebook Marketplace",价格由 AI 从图片识别：RD$ 3，请在审核台确认
linterna-led-azul-port-til-eficiente-y-duradera,"Linterna LED azul portátil, eficiente y duradera","Linterna LED azul portátil, eficiente y duradera

📦 Características:
• Azul
• fuente de luz LED
• Portátil
• Eficiencia energética

✨ Estado: Nuevo
🚚 Disponible para entrega o recogida

🛒 VivaBien — Tu tienda de confianza en República Dominicana",VivaBien,Electrónicos y Tecnología,电子数码,TRUE,VB14784F25,190.00,10,VB14784F25.jpg,LED手电筒,,电子数码,Electrónicos y Tecnología,"Shopify,Facebook Marketplace",价格由 AI 从图片识别：RD$ 190，请在审核台确认
bandeja-met-lica-plateada-charola-en-forma-de-hoja-1-unidad,Bandeja metálica plateada / charola en forma de hoja 1 unidad,"Bandeja metálica plateada / charola en forma de hoja 1 unidad

📦 Características:
• 1 unidad
• color plateado
• material metálico
• Diseño en forma de hoja

✨ Estado: Nuevo
🚚 Disponible para entrega o recogida

🛒 VivaBien — Tu tienda de confianza en República Dominicana",VivaBien,Decoración del Hogar,家居装饰,TRUE,VB14960E8E,150.00,10,VB14960E8E.jpg,银色叶形盘,,家居装饰,Decoración del Hogar,"Shopify,Facebook Marketplace",价格由 AI 从图片识别：RD$ 150，请在审核台确认
cinta-doble-cara-pega-fuerte-para-pared-decoraciones,Cinta doble cara / pega fuerte para pared / decoraciones,"Cinta doble cara / pega fuerte para pared / decoraciones

📦 Características:
• Pegado doble cara
• Soporta 2 libras
• apto para decoración de paredes

✨ Estado: Nuevo
🚚 Disponible para entrega o recogida

🛒 VivaBien — Tu tienda de confianza en República Dominicana",VivaBien,Herramientas y Ferretería,工具五金,TRUE,VB1582D4B7,80.00,10,VB1582D4B7.jpg,双面泡沫胶带,,工具五金,Herramientas y Ferretería,"Shopify,Facebook Marketplace",价格由 AI 从图片识别：RD$ 80，请在审核台确认
esp-tula-rasqueta-de-cocina-mango-bicolor-acero-inoxidable,Espátula / rasqueta de cocina mango bicolor acero inoxidable,"Espátula / rasqueta de cocina mango bicolor acero inoxidable

📦 Características:
• Mango bicolor negro y amarillo
• hoja de acero inoxidable

✨ Estado: Nuevo
🚚 Disponible para entrega o recogida

🛒 VivaBien — Tu tienda de confianza en República Dominicana",VivaBien,Herramientas y Ferretería,工具五金,TRUE,VB1594D06B,65.00,10,VB1594D06B.jpg,刮刀,,工具五金,Herramientas y Ferretería,"Shopify,Facebook Marketplace",价格由 AI 从图片识别：RD$ 65，请在审核台确认
esp-tula-rasqueta-de-metal-mango-negro-y-amarillo,Espátula / rasqueta de metal mango negro y amarillo,"Espátula / rasqueta de metal mango negro y amarillo

📦 Características:
• Mango negro y amarillo
• material de acero inoxidable

✨ Estado: Nuevo
🚚 Disponible para entrega o recogida

🛒 VivaBien — Tu tienda de confianza en República Dominicana",VivaBien,Herramientas y Ferretería,工具五金,TRUE,VB15EE2D17,50.00,10,VB15EE2D17.jpg,刮刀,,工具五金,Herramientas y Ferretería,"Shopify,Facebook Marketplace",价格由 AI 从图片识别：RD$ 50，请在审核台确认
crema-antiarrugas-reafirmante-ponds-100g-piel-tersa,Crema antiarrugas / reafirmante Ponds 100g piel tersa,"Crema antiarrugas / reafirmante Ponds 100g piel tersa

📦 Características:
• 100g
• Antiarrugas
• Reafirma la piel

✨ Estado: Nuevo
🚚 Disponible para entrega o recogida

🛒 VivaBien — Tu tienda de confianza en República Dominicana",VivaBien,Belleza y Cuidado Personal,美容个护,TRUE,VB1605937A,225.00,10,VB1605937A.jpg,旁氏抗皱霜,,美容个护,Belleza y Cuidado Personal,"Shopify,Facebook Marketplace",价格由 AI 从图片识别：RD$ 225，请在审核台确认
juego-de-cerradura-candado-puerta-bronce-3-llaves,Juego de cerradura / candado puerta bronce 3 llaves,"Juego de cerradura / candado puerta bronce 3 llaves

📦 Características:
• compatible con puertas de 30-45mm de grosor
• Incluye 3 llaves
• Color cobre
• Durabilidad de 200,000 ciclos
• Fácil de instalar

✨ Estado: Nuevo
🚚 Disponible para entrega o recogida

🛒 VivaBien — Tu tienda de confianza en República Dominicana",VivaBien,Herramientas y Ferretería,工具五金,TRUE,VB163649FB,350.00,10,VB163649FB.jpg,门锁套装,,工具五金,Herramientas y Ferretería,"Shopify,Facebook Marketplace",价格由 AI 从图片识别：RD$ 350，请在审核台确认
abrillantador-limpiador-de-gomas-650ml,Abrillantador / limpiador de gomas 650mL,"Abrillantador / limpiador de gomas 650mL

📦 Características:
• Capacidad 650mL
• limpieza y brillo de neumáticos

✨ Estado: Nuevo
🚚 Disponible para entrega o recogida

🛒 VivaBien — Tu tienda de confianza en República Dominicana",VivaBien,Herramientas y Ferretería,工具五金,TRUE,VB1639FFC3,50.00,10,VB1639FFC3.jpg,轮胎光亮剂,,工具五金,Herramientas y Ferretería,"Shopify,Facebook Marketplace",价格由 AI 从图片识别：RD$ 50，请在审核台确认
cera-depilatoria-en-granos-300g-blanca-cuerpo-rostro-axilas-,Cera depilatoria en granos 300g blanca cuerpo/rostro/axilas/bikini,"Cera depilatoria en granos 300g blanca cuerpo/rostro/axilas/bikini

📦 Características:
• 300g
• Blanco
• Para rostro, cuerpo, axilas y línea del bikini

✨ Estado: Nuevo
🚚 Disponible para entrega o recogida

🛒 VivaBien — Tu tienda de confianza en República Dominicana",VivaBien,Belleza y Cuidado Personal,美容个护,TRUE,VB167AE79A,220.00,10,VB167AE79A.jpg,硬蜡豆,,美容个护,Belleza y Cuidado Personal,"Shopify,Facebook Marketplace",价格由 AI 从图片识别：RD$ 220，请在审核台确认
tiras-pl-sticas-abrazaderas-nylon-verdes-3x100mm-100-unidade,Tiras plásticas / abrazaderas nylon verdes 3x100mm 100 unidades,"Tiras plásticas / abrazaderas nylon verdes 3x100mm 100 unidades

📦 Características:
• Tamaño 3x100mm
• Color verde
• Cantidad 100 unidades

✨ Estado: Nuevo
🚚 Disponible para entrega o recogida

🛒 VivaBien — Tu tienda de confianza en República Dominicana",VivaBien,Herramientas y Ferretería,工具五金,TRUE,VB16D74B19,50.00,10,VB16D74B19.jpg,尼龙扎带,,工具五金,Herramientas y Ferretería,"Shopify,Facebook Marketplace",价格由 AI 从图片识别：RD$ 50，请在审核台确认
aro-de-luz-l-mpara-led-rosada-1-unidad-con-clip,Aro de luz / lámpara LED rosada 1 unidad con clip,"Aro de luz / lámpara LED rosada 1 unidad con clip

📦 Características:
• 1 unidad
• Rosado
• multifuncional
• Tipo clip

✨ Estado: Nuevo
🚚 Disponible para entrega o recogida

🛒 VivaBien — Tu tienda de confianza en República Dominicana",VivaBien,Electrónicos y Tecnología,电子数码,TRUE,VB16F1B5FA,215.00,10,VB16F1B5FA.jpg,手机补光灯,,电子数码,Electrónicos y Tecnología,"Shopify,Facebook Marketplace",价格由 AI 从图片识别：RD$ 215，请在审核台确认 | 价格经二次OCR修正：215 → RD$ 175
set-de-boquillas-rociadores-de-manguera-1-2-5-funciones,"Set de boquillas / rociadores de manguera 1/2"" 5 funciones","Set de boquillas / rociadores de manguera 1/2"" 5 funciones

📦 Características:
• 1/2 pulgada
• Color naranja
• 5 funciones

✨ Estado: Nuevo
🚚 Disponible para entrega o recogida

🛒 VivaBien — Tu tienda de confianza en República Dominicana",VivaBien,Herramientas y Ferretería,工具五金,TRUE,VB173BD40F,195.00,10,VB173BD40F.jpg,喷嘴套装,,工具五金,Herramientas y Ferretería,"Shopify,Facebook Marketplace",价格由 AI 从图片识别：RD$ 195，请在审核台确认
crema-para-manchas-blancas-vit-ligo-20g-r-pida-acci-n,Crema para manchas blancas / vitíligo 20g rápida acción,"Crema para manchas blancas / vitíligo 20g rápida acción

📦 Características:
• reparación profunda
• Acción rápida
• 20g

✨ Estado: Nuevo
🚚 Disponible para entrega o recogida

🛒 VivaBien — Tu tienda de confianza en República Dominicana",VivaBien,Belleza y Cuidado Personal,美容个护,TRUE,VB17A8F7AD,120.00,10,VB17A8F7AD.jpg,白癜风修复霜,,美容个护,Belleza y Cuidado Personal,"Shopify,Facebook Marketplace",价格由 AI 从图片识别：RD$ 120，请在审核台确认
clamp-sujetacable-abrazadera-para-cables-1-2-blanca,"Clamp / sujetacable / abrazadera para cables 1/2"" blanca","Clamp / sujetacable / abrazadera para cables 1/2"" blanca

📦 Características:
• Tamaño: 1/2 pulgada (12mm)
• Color: blanco

✨ Estado: Nuevo
🚚 Disponible para entrega o recogida

🛒 VivaBien — Tu tienda de confianza en República Dominicana",VivaBien,Herramientas y Ferretería,工具五金,TRUE,VB1881F4AF,55.00,10,VB1881F4AF.jpg,电缆固定夹,,工具五金,Herramientas y Ferretería,"Shopify,Facebook Marketplace",价格由 AI 从图片识别：RD$ 55，请在审核台确认
crema-de-c-rcuma-jengibre-org-nica-para-manchas-y-aclarar,Crema de cúrcuma / jengibre orgánica para manchas y aclarar,"Crema de cúrcuma / jengibre orgánica para manchas y aclarar

📦 Características:
• Blanqueador
• Mejora el tono apagado
• Reduce la pigmentación
• 100% orgánico

✨ Estado: Nuevo
🚚 Disponible para entrega o recogida

🛒 VivaBien — Tu tienda de confianza en República Dominicana",VivaBien,Belleza y Cuidado Personal,美容个护,TRUE,VB18A2E221,165.00,10,VB18A2E221.jpg,姜黄面霜,,美容个护,Belleza y Cuidado Personal,"Shopify,Facebook Marketplace",价格由 AI 从图片识别：RD$ 165，请在审核台确认
crema-hidratante-vitamina-c-cido-hialur-nico-antiarrugas,Crema hidratante vitamina C / ácido hialurónico antiarrugas,"Crema hidratante vitamina C / ácido hialurónico antiarrugas

📦 Características:
• Vitamina C
• Ácido hialurónico transparente
• hidratación y reparación
• Antiarrugas y reafirmante
• Repara la barrera cutánea

✨ Estado: Nuevo
🚚 Disponible para entrega o recogida

🛒 VivaBien — Tu tienda de confianza en República Dominicana",VivaBien,Belleza y Cuidado Personal,美容个护,TRUE,VB18F4F74F,160.00,10,VB18F4F74F.jpg,维C保湿乳,,美容个护,Belleza y Cuidado Personal,"Shopify,Facebook Marketplace",价格由 AI 从图片识别：RD$ 160，请在审核台确认
pestillo-cerrojo-tranca-de-puerta-6-acero-inoxidable,"Pestillo / cerrojo / tranca de puerta 6"" acero inoxidable","Pestillo / cerrojo / tranca de puerta 6"" acero inoxidable

📦 Características:
• 6 pulgadas
• material de acero inoxidable

✨ Estado: Nuevo
🚚 Disponible para entrega o recogida

🛒 VivaBien — Tu tienda de confianza en República Dominicana",VivaBien,Herramientas y Ferretería,工具五金,TRUE,VB1912107E,115.00,10,VB1912107E.jpg,门栓锁,,工具五金,Herramientas y Ferretería,"Shopify,Facebook Marketplace",价格由 AI 从图片识别：RD$ 115，请在审核台确认
ducha-regadera-negra-con-manguera-y-cabezal-ajustable,Ducha / regadera negra con manguera y cabezal ajustable,"Ducha / regadera negra con manguera y cabezal ajustable

📦 Características:
• Negro
• Con manguera
• spray multifuncional

✨ Estado: Nuevo
🚚 Disponible para entrega o recogida

🛒 VivaBien — Tu tienda de confianza en República Dominicana",VivaBien,Baño y Sanitarios,浴室卫浴,TRUE,VB192D1CB8,315.00,10,VB192D1CB8.jpg,花洒喷头,,浴室卫浴,Baño y Sanitarios,"Shopify,Facebook Marketplace",价格由 AI 从图片识别：RD$ 315，请在审核台确认
juego-de-llaves-allen-hexagonales-cr-v-9-piezas-t10-t50,Juego de llaves Allen / hexagonales CR-V 9 piezas T10-T50,"Juego de llaves Allen / hexagonales CR-V 9 piezas T10-T50

📦 Características:
• Juego de 9 piezas
• Material CR-V
• especificación T10-T50

✨ Estado: Nuevo
🚚 Disponible para entrega o recogida

🛒 VivaBien — Tu tienda de confianza en República Dominicana",VivaBien,Herramientas y Ferretería,工具五金,TRUE,VB193338F0,100.00,10,VB193338F0.jpg,内六角扳手套装,,工具五金,Herramientas y Ferretería,"Shopify,Facebook Marketplace",价格由 AI 从图片识别：RD$ 100，请在审核台确认
toma-corriente-con-bloqueo-infantil-y-soporte-alta-potencia,Toma corriente con bloqueo infantil y soporte alta potencia,"Toma corriente con bloqueo infantil y soporte alta potencia

📦 Características:
• Bloqueo infantil
• Soporte de alta potencia

✨ Estado: Nuevo
🚚 Disponible para entrega o recogida

🛒 VivaBien — Tu tienda de confianza en República Dominicana",VivaBien,Herramientas y Ferretería,工具五金,TRUE,VB19758CD3,100.00,10,VB19758CD3.jpg,开关插座,,工具五金,Herramientas y Ferretería,"Shopify,Facebook Marketplace",价格由 AI 从图片识别：RD$ 100，请在审核台确认
probador-de-corriente-tester-el-ctrico-con-pinzas-para-carro,Probador de corriente / Tester eléctrico con pinzas para carros,"Probador de corriente / Tester eléctrico con pinzas para carros

📦 Características:
• Con pinza de cocodrilo
• Mango transparente
• Para detección de circuitos de autos

✨ Estado: Nuevo
🚚 Disponible para entrega o recogida

🛒 VivaBien — Tu tienda de confianza en República Dominicana",VivaBien,Herramientas y Ferretería,工具五金,TRUE,VB19FD1032,180.00,10,VB19FD1032.jpg,汽车电路测试仪,,工具五金,Herramientas y Ferretería,"Shopify,Facebook Marketplace",价格由 AI 从图片识别：RD$ 180，请在审核台确认
spray-de-fragancia-250ml-con-dise-o-rosado-elegante-y-durade,Spray de fragancia 250ml con diseño rosado elegante y duradero,"Spray de fragancia 250ml con diseño rosado elegante y duradero

📦 Características:
• 250ml
• Empaque rosado
• Spray aromático

✨ Estado: Nuevo
🚚 Disponible para entrega o recogida

🛒 VivaBien — Tu tienda de confianza en República Dominicana",VivaBien,Belleza y Cuidado Personal,美容个护,TRUE,VB1A214E79,290.00,10,VB1A214E79.jpg,穆斯夫香氛喷雾,,美容个护,Belleza y Cuidado Personal,"Shopify,Facebook Marketplace",
letrero-de-empujar-empuje-madera-redondo-con-cuerda,Letrero de empujar / empuje madera redondo con cuerda,"Letrero de empujar / empuje madera redondo con cuerda

📦 Características:
• De madera
• redondo
• Cordón

✨ Estado: Nuevo
🚚 Disponible para entrega o recogida

🛒 VivaBien — Tu tienda de confianza en República Dominicana",VivaBien,Decoración del Hogar,家居装饰,TRUE,VB1ABE93C3,160.00,10,VB1ABE93C3.jpg,推门标牌,,家居装饰,Decoración del Hogar,"Shopify,Facebook Marketplace",价格由 AI 从图片识别：RD$ 160，请在审核台确认
mini-abanico-ventilador-usb-recargable-port-til-de-mesa,Mini abanico / ventilador USB recargable portátil de mesa,"Mini abanico / ventilador USB recargable portátil de mesa

📦 Características:
• carga USB
• Portátil
• Uso en escritorio

✨ Estado: Nuevo
🚚 Disponible para entrega o recogida

🛒 VivaBien — Tu tienda de confianza en República Dominicana",VivaBien,Electrónicos y Tecnología,电子数码,TRUE,VB1B1E6EA0,235.00,10,VB1B1E6EA0.jpg,迷你风扇,,电子数码,Electrónicos y Tecnología,"Shopify,Facebook Marketplace",价格由 AI 从图片识别：RD$ 235，请在审核台确认
revista-decorativa-estilo-viaje,Revista decorativa estilo viaje,"Revista de viaje 1 unidad / diseño plantas / en inglés

📦 Características:
• un libro
• Portada de plantas
• Contenido en inglés

✨ Estado: Nuevo
🚚 Disponible para entrega o recogida

🛒 VivaBien — Tu tienda de confianza en República Dominicana",VivaBien,Decoración del Hogar,家居装饰,TRUE,VB1B23CDBB,130.00,10,VB1B23CDBB.jpg,旅行风格杂志假书,,家居装饰,Decoración del Hogar,"Shopify,Facebook Marketplace",价格由 AI 从图片识别：RD$ 130，请在审核台确认
paleta-9-colores-tierra-tono-nude-tapa-clara-nueva,"Paleta 9 colores tierra tono nude, tapa clara, nueva","Paleta 9 colores tierra tono nude, tapa clara, nueva

📦 Características:
• 9 colores de sombras
• Tonos tierra
• Carcasa transparente

✨ Estado: Nuevo
🚚 Disponible para entrega o recogida

🛒 VivaBien — Tu tienda de confianza en República Dominicana",VivaBien,Belleza y Cuidado Personal,美容个护,TRUE,VB1B42C1B3,120.00,10,VB1B42C1B3.jpg,一鹿有你眼影盘,,美容个护,Belleza y Cuidado Personal,"Shopify,Facebook Marketplace","品名由豆包识图生成 conf=0.80，卖点:['9色眼影', '大地色系', '透明外壳']"
panel-el-ctrico-de-3-enchufes-con-protecci-n-infantil-y-alta,Panel eléctrico de 3 enchufes con protección infantil y alta potencia,"Panel eléctrico de 3 enchufes con protección infantil y alta potencia

📦 Características:
• tres agujeros
• Cerradura de seguridad infantil
• Soporte de alta potencia

✨ Estado: Nuevo
🚚 Disponible para entrega o recogida

🛒 VivaBien — Tu tienda de confianza en República Dominicana",VivaBien,Herramientas y Ferretería,工具五金,TRUE,VB1B8764B1,550.00,10,VB1B8764B1.jpg,插座面板,,工具五金,Herramientas y Ferretería,"Shopify,Facebook Marketplace",价格由 AI 从图片识别：RD$ 6，请在审核台确认
cuadro-decorativo-madera-negra-con-cuerda-para-colgar,Cuadro decorativo madera negra con cuerda para colgar,"Cuadro decorativo madera negra con cuerda para colgar

📦 Características:
• Borde de madera
• Fondo negro
• Con colgante de cuerda

✨ Estado: Nuevo
🚚 Disponible para entrega o recogida

🛒 VivaBien — Tu tienda de confianza en República Dominicana",VivaBien,Decoración del Hogar,家居装饰,TRUE,VB1C855E1F,190.00,10,VB1C855E1F.jpg,家居装饰挂件,,家居装饰,Decoración del Hogar,"Shopify,Facebook Marketplace",⚠ 价格疑似识别有误（199.0），已自动修正为 RD$ 1990 | 价格由 AI 从图片识别：RD$ 1990，请在审核台确认
cinta-el-ctrica-cinta-aislante-verde-17m-0-13mm,Cinta eléctrica / cinta aislante verde 17m 0.13mm,"Cinta eléctrica / cinta aislante verde 17m 0.13mm

📦 Características:
• 0.13mm grosor
• 17 metros de longitud
• Verde
• Aislamiento eléctrico

✨ Estado: Nuevo
🚚 Disponible para entrega o recogida

🛒 VivaBien — Tu tienda de confianza en República Dominicana",VivaBien,Herramientas y Ferretería,工具五金,TRUE,VB1C866A28,40.00,10,VB1C866A28.jpg,电工绝缘胶带,,工具五金,Herramientas y Ferretería,"Shopify,Facebook Marketplace",价格由 AI 从图片识别：RD$ 40，请在审核台确认
base-de-l-mpara-cer-mica-114-3mm-f-cil-de-instalar-y-resiste,"Base de lámpara cerámica 114.3mm, fácil de instalar y resistente al fu","Base de lámpara cerámica 114.3mm, fácil de instalar y resistente al fu

📦 Características:
• 114.3mm diámetro
• Fácil de instalar
• Carcasa resistente al fuego

✨ Estado: Nuevo
🚚 Disponible para entrega o recogida

🛒 VivaBien — Tu tienda de confianza en República Dominicana",VivaBien,Decoración del Hogar,家居装饰,TRUE,VB1C934582,70.00,10,VB1C934582.jpg,陶瓷灯座,,家居装饰,Decoración del Hogar,"Shopify,Facebook Marketplace",价格由 AI 从图片识别：RD$ 70，请在审核台确认
palitos-de-madera-para-u-as-removedor-doble-punta,Palitos de madera para uñas / removedor doble punta,"Palitos de madera para uñas / removedor doble punta

📦 Características:
• De madera
• Diseño de doble cabezal

✨ Estado: Nuevo
🚚 Disponible para entrega o recogida

🛒 VivaBien — Tu tienda de confianza en República Dominicana",VivaBien,Belleza y Cuidado Personal,美容个护,TRUE,VB1C997FE1,50.00,10,VB1C997FE1.jpg,木质修甲棒,,美容个护,Belleza y Cuidado Personal,"Shopify,Facebook Marketplace",价格由 AI 从图片识别：RD$ 50，请在审核台确认
maquillaje-color-style-paleta-ojazos-cartoon,Maquillaje Color Style paleta ojazos cartoon🥰,"Maquillaje Color Style paleta ojazos cartoon🥰

📦 Características:
• Empaque de caricatura
• sombras de ojos multicolor

✨ Estado: Nuevo
🚚 Disponible para entrega o recogida

🛒 VivaBien — Tu tienda de confianza en República Dominicana",VivaBien,Belleza y Cuidado Personal,美容个护,TRUE,VB1CD652CE,95.00,10,VB1CD652CE.jpg,COLOR STYLE彩妆盘,,美容个护,Belleza y Cuidado Personal,"Shopify,Facebook Marketplace","品名由豆包识图生成 conf=0.80，卖点:['可爱卡通包装', '多色眼影']"
set-de-manicura-corta-as-tijeras-de-u-as-met-lico,Set de manicura / cortaúñas / tijeras de uñas metálico,"Set de manicura / cortaúñas / tijeras de uñas metálico

📦 Características:
• Incluye alicate para uñas
• Incluye cortaúñas
• material metálico

✨ Estado: Nuevo
🚚 Disponible para entrega o recogida

🛒 VivaBien — Tu tienda de confianza en República Dominicana",VivaBien,Belleza y Cuidado Personal,美容个护,TRUE,VB1CDDF05A,130.00,10,VB1CDDF05A.jpg,指甲修剪套装,,美容个护,Belleza y Cuidado Personal,"Shopify,Facebook Marketplace",价格由 AI 从图片识别：RD$ 125，请在审核台确认
cargador-adaptador-con-cable-usb-1-unidad,Cargador / adaptador con cable USB 1 unidad,"Cargador / adaptador con cable USB 1 unidad

📦 Características:
• 1 cabezal de carga
• 1 cable de carga

✨ Estado: Nuevo
🚚 Disponible para entrega o recogida

🛒 VivaBien — Tu tienda de confianza en República Dominicana",VivaBien,Electrónicos y Tecnología,电子数码,TRUE,VB1D27B767,265.00,10,VB1D27B767.jpg,充电器套装,,电子数码,Electrónicos y Tecnología,"Shopify,Facebook Marketplace",价格由 AI 从图片识别：RD$ 265，请在审核台确认
disco-de-sierra-hoja-circular-tct-alta-calidad,Disco de sierra / hoja circular TCT alta calidad,"Disco de sierra / hoja circular TCT alta calidad

📦 Características:
• material TCT
• redondo
• Certificación de alta calidad

✨ Estado: Nuevo
🚚 Disponible para entrega o recogida

🛒 VivaBien — Tu tienda de confianza en República Dominicana",VivaBien,Herramientas y Ferretería,工具五金,TRUE,VB1D3C5052,125.00,10,VB1D3C5052.jpg,锯片,,工具五金,Herramientas y Ferretería,"Shopify,Facebook Marketplace",价格由 AI 从图片识别：RD$ 125，请在审核台确认
letrero-para-ba-o-de-hombres-se-al-de-ba-o-20x30cm-pvc,Letrero para baño de hombres / señal de baño 20x30cm PVC,"Letrero para baño de hombres / señal de baño 20x30cm PVC

📦 Características:
• 20x30cm
• material PVC
• Parte trasera con adhesivo

✨ Estado: Nuevo
🚚 Disponible para entrega o recogida

🛒 VivaBien — Tu tienda de confianza en República Dominicana",VivaBien,Baño y Sanitarios,浴室卫浴,TRUE,VB1D93FEBD,70.00,10,VB1D93FEBD.jpg,男士洗手间标牌,,浴室卫浴,Baño y Sanitarios,"Shopify,Facebook Marketplace",价格由 AI 从图片识别：RD$ 70，请在审核台确认
cinta-m-gica-adhesiva-reutilizable-y-lavable,Cinta mágica / adhesiva reutilizable y lavable,"Cinta mágica / adhesiva reutilizable y lavable

📦 Características:
• Reutilizable
• Removible
• Lavable

✨ Estado: Nuevo
🚚 Disponible para entrega o recogida

🛒 VivaBien — Tu tienda de confianza en República Dominicana",VivaBien,Herramientas y Ferretería,工具五金,TRUE,VB1D9B4E7C,110.00,10,VB1D9B4E7C.jpg,多功能胶带,,工具五金,Herramientas y Ferretería,"Shopify,Facebook Marketplace",价格由 AI 从图片识别：RD$ 110，请在审核台确认
bloqueador-solar-protector-solar-spf75-150ml-coco-y-girasol,Bloqueador solar / protector solar SPF75 150ml coco y girasol,"Bloqueador solar / protector solar SPF75 150ml coco y girasol

📦 Características:
• SPF75
• Protección antioxidante
• 150ml
• Con vitamina B5, aceite de girasol y aceite de coco

✨ Estado: Nuevo
🚚 Disponible para entrega o recogida

🛒 VivaBien — Tu tienda de confianza en República Dominicana",VivaBien,Belleza y Cuidado Personal,美容个护,TRUE,VB1DA1A31B,195.00,10,VB1DA1A31B.jpg,防晒油,,美容个护,Belleza y Cuidado Personal,"Shopify,Facebook Marketplace",价格由 AI 从图片识别：RD$ 195，请在审核台确认
mini-m-quina-de-donuts-donas-1200w-6-unidades,Mini máquina de donuts / donas 1200W 6 unidades,"Mini máquina de donuts / donas 1200W 6 unidades

📦 Características:
• 1200W
• 6 donuts

✨ Estado: Nuevo
🚚 Disponible para entrega o recogida

🛒 VivaBien — Tu tienda de confianza en República Dominicana",VivaBien,Cocina y Hogar,厨房家居,TRUE,VB1E0B2154,720.00,10,VB1E0B2154.jpg,迷你甜甜圈机,,厨房家居,Cocina y Hogar,"Shopify,Facebook Marketplace",价格由 AI 从图片识别：RD$ 720，请在审核台确认
rastrillo-herramienta-para-desyerbar-saca-hierba-verde,Rastrillo / herramienta para desyerbar / saca hierba verde,"Rastrillo / herramienta para desyerbar / saca hierba verde

📦 Características:
• Barra metálica negra
• Mango verde
• Función para cortar hierba

✨ Estado: Nuevo
🚚 Disponible para entrega o recogida

🛒 VivaBien — Tu tienda de confianza en República Dominicana",VivaBien,Herramientas y Ferretería,工具五金,TRUE,VB1EA25556,145.00,10,VB1EA25556.jpg,园艺除草器,,工具五金,Herramientas y Ferretería,"Shopify,Facebook Marketplace",价格由 AI 从图片识别：RD$ 145，请在审核台确认
espejo-redondo-20cm-material-de-mimbre-rat-n,Espejo redondo 20cm material de mimbre / ratán,"Espejo redondo 20cm material de mimbre / ratán

📦 Características:
• Material de mimbre
• redondo
• Diámetro aprox. 20cm

✨ Estado: Nuevo
🚚 Disponible para entrega o recogida

🛒 VivaBien — Tu tienda de confianza en República Dominicana",VivaBien,Decoración del Hogar,家居装饰,TRUE,VB1EC0EAC9,405.00,10,VB1EC0EAC9.jpg,藤编镜子,,家居装饰,Decoración del Hogar,"Shopify,Facebook Marketplace",价格由 AI 从图片识别：RD$ 405，请在审核台确认
separadores-de-cer-mica-pisos-2-5mm-100-unidades-blancos,Separadores de cerámica / pisos 2.5mm 100 unidades blancos,"Separadores de cerámica / pisos 2.5mm 100 unidades blancos

📦 Características:
• 2.5mm espacio
• 100 unidades
• Material de plástico blanco

✨ Estado: Nuevo
🚚 Disponible para entrega o recogida

🛒 VivaBien — Tu tienda de confianza en República Dominicana",VivaBien,Herramientas y Ferretería,工具五金,TRUE,VB1F71FD38,25.00,10,VB1F71FD38.jpg,瓷砖间隔器,,工具五金,Herramientas y Ferretería,"Shopify,Facebook Marketplace",⚠ 图片可能拍反，价格从旋转图中识别 | 价格由 AI 从图片识别：RD$ 25，请在审核台确认
removedor-de-callos-el-ctrico-lima-el-ctrica-recargable,Removedor de callos eléctrico / lima eléctrica recargable,"Removedor de callos eléctrico / lima eléctrica recargable

📦 Características:
• Doble cabezal de rodillo
• Luz integrada
• Ajuste de doble velocidad
• Batería de litio recargable

✨ Estado: Nuevo
🚚 Disponible para entrega o recogida

🛒 VivaBien — Tu tienda de confianza en República Dominicana",VivaBien,Belleza y Cuidado Personal,美容个护,TRUE,VB1FD8970B,285.00,10,VB1FD8970B.jpg,电动去角质器,,美容个护,Belleza y Cuidado Personal,"Shopify,Facebook Marketplace",价格由 AI 从图片识别：RD$ 285，请在审核台确认
humidificador-ultras-nico-difusor-200ml-madera-luz-nocturna,Humidificador ultrasónico / difusor 200ml madera luz nocturna,"Humidificador ultrasónico / difusor 200ml madera luz nocturna

📦 Características:
• 200ml
• Luz nocturna
• Spray silencioso
• Material con vetas de madera

✨ Estado: Nuevo
🚚 Disponible para entrega o recogida

🛒 VivaBien — Tu tienda de confianza en República Dominicana",VivaBien,Decoración del Hogar,家居装饰,TRUE,VB2039229D,250.00,10,VB2039229D.jpg,超声波加湿器,,家居装饰,Decoración del Hogar,"Shopify,Facebook Marketplace",价格由 AI 从图片识别：RD$ 250，请在审核台确认
gel-de-ba-o-jab-n-l-quido-750ml-aloe-y-aceite-de-oliva,Gel de baño / Jabón líquido 750ml aloe y aceite de oliva,"Gel de baño / Jabón líquido 750ml aloe y aceite de oliva

📦 Características:
• 750ml
• Efecto hidratante
• Con aloe vera y aceite de oliva

✨ Estado: Nuevo
🚚 Disponible para entrega o recogida

🛒 VivaBien — Tu tienda de confianza en República Dominicana",VivaBien,Belleza y Cuidado Personal,美容个护,TRUE,VB20B21BBA,175.00,10,VB20B21BBA.jpg,芦荟橄榄沐浴露,,美容个护,Belleza y Cuidado Personal,"Shopify,Facebook Marketplace",价格由 AI 从图片识别：RD$ 175，请在审核台确认
bomba-de-agua-usb-recargable-el-ctrica,Bomba de agua USB recargable / eléctrica,"Bomba de agua USB recargable / eléctrica

📦 Características:
• carga USB
• botón único
• Recargable

✨ Estado: Nuevo
🚚 Disponible para entrega o recogida

🛒 VivaBien — Tu tienda de confianza en República Dominicana",VivaBien,Cocina y Hogar,厨房家居,TRUE,VB20C196F5,265.00,10,VB20C196F5.jpg,USB水泵,,厨房家居,Cocina y Hogar,"Shopify,Facebook Marketplace",价格由 AI 从图片识别：RD$ 265，请在审核台确认
sanduchera-m-quina-de-s-ndwich-900w,Sanduchera / máquina de sándwich 900W,"Sanduchera / máquina de sándwich 900W

📦 Características:
• 900W

✨ Estado: Nuevo
🚚 Disponible para entrega o recogida

🛒 VivaBien — Tu tienda de confianza en República Dominicana",VivaBien,Cocina y Hogar,厨房家居,TRUE,VB20D24F93,1785.00,10,VB20D24F93.jpg,三明治机,,厨房家居,Cocina y Hogar,"Shopify,Facebook Marketplace",价格由 AI 从图片识别：RD$ 175，请在审核台确认 | 价格经二次OCR修正：175 → RD$ 1785
cable-micro-usb-2m-cargador-r-pido-2-1a,Cable Micro USB 2m / cargador rápido 2.1A,"Cable Micro USB 2m / cargador rápido 2.1A

📦 Características:
• 2M
• 2.1A
• Carga rápida

✨ Estado: Nuevo
🚚 Disponible para entrega o recogida

🛒 VivaBien — Tu tienda de confianza en República Dominicana",VivaBien,Electrónicos y Tecnología,电子数码,TRUE,VB211CCF47,140.00,10,VB211CCF47.jpg,Micro USB线,,电子数码,Electrónicos y Tecnología,"Shopify,Facebook Marketplace",价格由 AI 从图片识别：RD$ 140，请在审核台确认
afeitadora-desechable-rasuradora-doble-filo-fija,Afeitadora desechable / rasuradora doble filo fija,"Afeitadora desechable / rasuradora doble filo fija

📦 Características:
• Doble filo
• desechable
• fijo

✨ Estado: Nuevo
🚚 Disponible para entrega o recogida

🛒 VivaBien — Tu tienda de confianza en República Dominicana",VivaBien,Belleza y Cuidado Personal,美容个护,TRUE,VB213488D4,50.00,10,VB213488D4.jpg,双刃剃须刀,,美容个护,Belleza y Cuidado Personal,"Shopify,Facebook Marketplace",⚠ 价格疑似识别有误（5.0），已自动修正为 RD$ 50 | 价格由 AI 从图片识别：RD$ 50，请在审核台确认
crema-blanqueadora-r-pida-para-aclarar-piel-3-d-as,Crema blanqueadora rápida / para aclarar piel 3 días,"Crema blanqueadora rápida / para aclarar piel 3 días

📦 Características:
• Blanqueamiento rápido
• Colágeno
• ingredientes de leche
• Resultados en 3 días

✨ Estado: Nuevo
🚚 Disponible para entrega o recogida

🛒 VivaBien — Tu tienda de confianza en República Dominicana",VivaBien,Belleza y Cuidado Personal,美容个护,TRUE,VB214F1056,150.00,10,VB214F1056.jpg,美白面霜,,美容个护,Belleza y Cuidado Personal,"Shopify,Facebook Marketplace",价格由 AI 从图片识别：RD$ 150，请在审核台确认
candado-cerradura-tipo-cruz-para-puerta-enrollable,Candado / cerradura tipo cruz para puerta enrollable,"Candado / cerradura tipo cruz para puerta enrollable

📦 Características:
• Cerradura de alta seguridad
• Diseño en cruz

✨ Estado: Nuevo
🚚 Disponible para entrega o recogida

🛒 VivaBien — Tu tienda de confianza en República Dominicana",VivaBien,Herramientas y Ferretería,工具五金,TRUE,VB215F5FD2,200.00,10,VB215F5FD2.jpg,卷闸门锁,,工具五金,Herramientas y Ferretería,"Shopify,Facebook Marketplace",⚠ 图片可能拍反，价格从旋转图中识别 | 价格由 AI 从图片识别：RD$ 200，请在审核台确认
perfume-floral-con-dise-o-rosado-y-de-flores-solo-rd-3-15,"Perfume floral con diseño rosado y de flores, solo RD$3.15","Perfume floral con diseño rosado y de flores, solo RD$3.15

📦 Características:
• Botella rosada
• Patrón floral
• Precio $3.15

✨ Estado: Nuevo
🚚 Disponible para entrega o recogida

🛒 VivaBien — Tu tienda de confianza en República Dominicana",VivaBien,Belleza y Cuidado Personal,美容个护,TRUE,VB21655436,315.00,10,VB21655436.jpg,花香香水,,美容个护,Belleza y Cuidado Personal,"Shopify,Facebook Marketplace","⚠️ AI 生图失败，可点「重新生图」重试: HTTPSConnectionPool(host='api.quickrouter.ai', port=443): Read timed out. (read timeout=120)"
pesta-as-6d-mink-pelo-real-largas-y-tupidas,"Pestañas 6D mink pelo real, largas y tupidas","Pestañas 6D mink pelo real, largas y tupidas

📦 Características:
• 6D
• material de pelo de visón
• volumen y longitud

✨ Estado: Nuevo
🚚 Disponible para entrega o recogida

🛒 VivaBien — Tu tienda de confianza en República Dominicana",VivaBien,Belleza y Cuidado Personal,美容个护,TRUE,VB2170C295,60.00,10,VB2170C295.jpg,HUDA假睫毛,,美容个护,Belleza y Cuidado Personal,"Shopify,Facebook Marketplace","品名由豆包识图生成 conf=0.80，卖点:['6D', '水貂毛材质', '浓密纤长']"
perfume-rosado-con-dise-o-de-estrella-y-botella-esf-rica-en-,Perfume rosado con diseño de estrella y botella esférica en spray,"Perfume rosado con diseño de estrella y botella esférica en spray

📦 Características:
• Rosado
• Patrón de estrella
• botella esférica
• diseño de spray

✨ Estado: Nuevo
🚚 Disponible para entrega o recogida

🛒 VivaBien — Tu tienda de confianza en República Dominicana",VivaBien,Belleza y Cuidado Personal,美容个护,TRUE,VB21BDBCCF,160.00,10,VB21BDBCCF.jpg,粉色香水瓶,,美容个护,Belleza y Cuidado Personal,"Shopify,Facebook Marketplace","⚠️ AI 生图失败，可点「重新生图」重试: HTTPSConnectionPool(host='api.quickrouter.ai', port=443): Read timed out. (read timeout=120)"
candado-padlock-63mm-con-llave-color-dorado,Candado / padlock 63mm con llave color dorado,"Candado / padlock 63mm con llave color dorado

📦 Características:
• 63mm
• Con llave
• color dorado

✨ Estado: Nuevo
🚚 Disponible para entrega o recogida

🛒 VivaBien — Tu tienda de confianza en República Dominicana",VivaBien,Herramientas y Ferretería,工具五金,TRUE,VB22557C84,160.00,10,VB22557C84.jpg,高质量挂锁,,工具五金,Herramientas y Ferretería,"Shopify,Facebook Marketplace",价格由 AI 从图片识别：RD$ 160，请在审核台确认
pegamento-l-quido-para-u-as-80ml-gel-morado,Pegamento líquido para uñas 80ml / Gel morado,"Pegamento líquido para uñas 80ml / Gel morado

📦 Características:
• Capacidad 80ml
• Líquido morado

✨ Estado: Nuevo
🚚 Disponible para entrega o recogida

🛒 VivaBien — Tu tienda de confianza en República Dominicana",VivaBien,Belleza y Cuidado Personal,美容个护,TRUE,VB22674A81,375.00,10,VB22674A81.jpg,液体指甲胶,,美容个护,Belleza y Cuidado Personal,"Shopify,Facebook Marketplace",价格由 AI 从图片识别：RD$ 375，请在审核台确认
spray-impermeable-pintura-en-aerosol-para-agua,Spray impermeable / pintura en aerosol para agua,"Spray sellador / impermeabilizante 700ml para grietas

📦 Características:
• 700ml
• Repara grietas
• Revestimiento impermeable

✨ Estado: Nuevo
🚚 Disponible para entrega o recogida

🛒 VivaBien — Tu tienda de confianza en República Dominicana",VivaBien,Herramientas y Ferretería,工具五金,TRUE,VB227148BE,195.00,10,VB227148BE.jpg,防水喷漆,,工具五金,Herramientas y Ferretería,"Shopify,Facebook Marketplace",价格由 AI 从图片识别：RD$ 195，请在审核台确认
manguera-de-jard-n-tubo-de-agua-7-5m-anti-torceduras,Manguera de jardín / tubo de agua 7.5m anti-torceduras,"Manguera de jardín / tubo de agua 7.5m anti-torceduras

📦 Características:
• 7.5 metros
• 1/2 pulgada diámetro
• Protección contra rayos UV
• antienredos
• multiuso

✨ Estado: Nuevo
🚚 Disponible para entrega o recogida

🛒 VivaBien — Tu tienda de confianza en República Dominicana",VivaBien,Herramientas y Ferretería,工具五金,TRUE,VB227A0888,495.00,10,VB227A0888.jpg,花园水管,,工具五金,Herramientas y Ferretería,"Shopify,Facebook Marketplace",价格由 AI 从图片识别：RD$ 595，请在审核台确认
caja-met-lica-cuadrada-con-tapa-perforada-para-conexiones-el,Caja metálica cuadrada con tapa perforada para conexiones eléctricas,"Caja metálica cuadrada con tapa perforada para conexiones eléctricas

📦 Características:
• material metálico
• Diseño cuadrado
• Con tapa perforada

✨ Estado: Nuevo
🚚 Disponible para entrega o recogida

🛒 VivaBien — Tu tienda de confianza en República Dominicana",VivaBien,Herramientas y Ferretería,工具五金,TRUE,VB229464B8,50.00,10,VB229464B8.jpg,金属接线盒,,工具五金,Herramientas y Ferretería,"Shopify,Facebook Marketplace",价格由 AI 从图片识别：RD$ 50，请在审核台确认
abanico-l-mpara-plegable-2-en-1-azul-y-rosado,Abanico / lámpara plegable 2 en 1 azul y rosado,"Abanico / lámpara plegable 2 en 1 azul y rosado

📦 Características:
• 2 unidades
• Azul
• Rosado
• Función plegable
• Ventilador de circulación
• Lámpara de mesa

✨ Estado: Nuevo
🚚 Disponible para entrega o recogida

🛒 VivaBien — Tu tienda de confianza en República Dominicana",VivaBien,Electrónicos y Tecnología,电子数码,TRUE,VB2299C026,690.00,10,VB2299C026.jpg,折叠台灯风扇,,电子数码,Electrónicos y Tecnología,"Shopify,Facebook Marketplace",价格由 AI 从图片识别：RD$ 690，请在审核台确认 | 价格经二次OCR修正：690 → RD$ 400
cera-dura-cera-depilatoria-200g-sabor-fresa-roja,Cera dura / cera depilatoria 200g sabor fresa roja,"Cera dura / cera depilatoria 200g sabor fresa roja

📦 Características:
• 200g
• Sabor a fresa
• Rojo

✨ Estado: Nuevo
🚚 Disponible para entrega o recogida

🛒 VivaBien — Tu tienda de confianza en República Dominicana",VivaBien,Belleza y Cuidado Personal,美容个护,TRUE,VB22B65C4B,160.00,10,VB22B65C4B.jpg,硬蜡豆,,美容个护,Belleza y Cuidado Personal,"Shopify,Facebook Marketplace",价格由 AI 从图片识别：RD$ 160，请在审核台确认
martillo-maceta-mango-de-madera-cabeza-de-metal,Martillo / maceta mango de madera cabeza de metal,"Martillo / maceta mango de madera cabeza de metal

📦 Características:
• Mango de madera
• cabeza de martillo metálica
• apto para trabajos de golpeo

✨ Estado: Nuevo
🚚 Disponible para entrega o recogida

🛒 VivaBien — Tu tienda de confianza en República Dominicana",VivaBien,Herramientas y Ferretería,工具五金,TRUE,VB22C2E906,210.00,10,VB22C2E906.jpg,木柄锤子,,工具五金,Herramientas y Ferretería,"Shopify,Facebook Marketplace",价格由 AI 从图片识别：RD$ 210，请在审核台确认
micr-fono-inal-mbrico-wireless-para-entrevistas-y-live,Micrófono inalámbrico / wireless para entrevistas y live.,"Micrófono inalámbrico / wireless para entrevistas y live.

📦 Características:
• Inalámbrico
• Versión mejorada
• Para transmisiones en vivo, entrevistas y videos cortos

✨ Estado: Nuevo
🚚 Disponible para entrega o recogida

🛒 VivaBien — Tu tienda de confianza en República Dominicana",VivaBien,Electrónicos y Tecnología,电子数码,TRUE,VB22C41A6B,395.00,10,VB22C41A6B.jpg,无线麦克风,,电子数码,Electrónicos y Tecnología,"Shopify,Facebook Marketplace",价格由 AI 从图片识别：RD$ 395，请在审核台确认
cable-de-audio-3-5mm-extensi-n-1-0m-alta-resoluci-n,Cable de audio 3.5mm / extensión 1.0m alta resolución,"Cable de audio 3.5mm / extensión 1.0m alta resolución

📦 Características:
• 1.0m
• Puerto 3.5mm
• audio Hi-Res

✨ Estado: Nuevo
🚚 Disponible para entrega o recogida

🛒 VivaBien — Tu tienda de confianza en República Dominicana",VivaBien,Electrónicos y Tecnología,电子数码,TRUE,VB23E5414C,95.00,10,VB23E5414C.jpg,音频延长线,,电子数码,Electrónicos y Tecnología,"Shopify,Facebook Marketplace",价格由 AI 从图片识别：RD$ 95，请在审核台确认
terebentina-aguarr-s-naranja-en-botella-de-vidrio-12-1,Terebentina / aguarrás naranja en botella de vidrio 12/1,"Terebentina / aguarrás naranja en botella de vidrio 12/1

📦 Características:
• Líquido naranja
• empaque de botella de vidrio
• Capacidad 12/1

✨ Estado: Nuevo
🚚 Disponible para entrega o recogida

🛒 VivaBien — Tu tienda de confianza en República Dominicana",VivaBien,Herramientas y Ferretería,工具五金,TRUE,VB241896FD,110.00,10,VB241896FD.jpg,松节油,,工具五金,Herramientas y Ferretería,"Shopify,Facebook Marketplace",
perfume-para-ni-os-con-aroma-suave-y-duradero,Perfume para niños con aroma suave y duradero,"Shampú infantil con tapa rosa y diseño de princesa para niñas

📦 Características:
• Tapa rosada
• Diseño de princesa animada
• apto para niños

✨ Estado: Nuevo
🚚 Disponible para entrega o recogida

🛒 VivaBien — Tu tienda de confianza en República Dominicana",VivaBien,Belleza y Cuidado Personal,美容个护,TRUE,VB24D84CB2,190.00,10,VB24D84CB2.jpg,儿童香水啊！,,美容个护,Belleza y Cuidado Personal,"Shopify,Facebook Marketplace",
bomba-de-agua-el-ctrica-motobomba-au-35f-acero-inoxidable,Bomba de agua eléctrica / motobomba AU-35F acero inoxidable,"Bomba de agua eléctrica / motobomba AU-35F acero inoxidable

📦 Características:
• Para agua limpia
• eje de acero inoxidable
• motor de aluminio
• modelo AU-35F

✨ Estado: Nuevo
🚚 Disponible para entrega o recogida

🛒 VivaBien — Tu tienda de confianza en República Dominicana",VivaBien,Herramientas y Ferretería,工具五金,TRUE,VB24F1E199,3295.00,10,VB24F1E199.jpg,电动水泵,,工具五金,Herramientas y Ferretería,"Shopify,Facebook Marketplace",价格由 AI 从图片识别：RD$ 175，请在审核台确认
toallitas-faciales-h-medas-25-unidades-coco-y-s-bila,Toallitas faciales húmedas 25 unidades coco y sábila,"Toallitas faciales húmedas 25 unidades coco y sábila

📦 Características:
• Paquete de 25 piezas
• Con coco y aloe vera

✨ Estado: Nuevo
🚚 Disponible para entrega o recogida

🛒 VivaBien — Tu tienda de confianza en República Dominicana",VivaBien,Belleza y Cuidado Personal,美容个护,TRUE,VB2576A411,55.00,10,VB2576A411.jpg,洁面湿巾,,美容个护,Belleza y Cuidado Personal,"Shopify,Facebook Marketplace",价格由 AI 从图片识别：RD$ 55，请在审核台确认
adorno-dorado-de-cer-mica-decoraci-n-para-el-hogar,Adorno dorado de cerámica / Decoración para el hogar,"Adorno dorado de cerámica / Decoración para el hogar

📦 Características:
• color dorado
• Material cerámico

✨ Estado: Nuevo
🚚 Disponible para entrega o recogida

🛒 VivaBien — Tu tienda de confianza en República Dominicana",VivaBien,Decoración del Hogar,家居装饰,TRUE,VB257C620D,270.00,10,VB257C620D.jpg,金色摆件,,家居装饰,Decoración del Hogar,"Shopify,Facebook Marketplace",价格由 AI 从图片识别：RD$ 270，请在审核台确认
set-de-perfume-60ml-con-gel-de-ba-o-incluido-ideal-para-rega,"Set de perfume 60ml con gel de baño incluido, ideal para regalar","Set de perfume 60ml con gel de baño incluido, ideal para regalar

📦 Características:
• Incluye perfume
• Incluye gel de baño
• Capacidad 60ml

✨ Estado: Nuevo
🚚 Disponible para entrega o recogida

🛒 VivaBien — Tu tienda de confianza en República Dominicana",VivaBien,Belleza y Cuidado Personal,美容个护,TRUE,VB2597454D,284.00,10,VB2597454D.jpg,香水礼盒,,美容个护,Belleza y Cuidado Personal,"Shopify,Facebook Marketplace","⚠️ AI 生图失败，可点「重新生图」重试: HTTPSConnectionPool(host='api.quickrouter.ai', port=443): Read timed out. (read timeout=120)"
cargador-r-pido-44w-cargador-inteligente-cargador-usb,Cargador rápido 44W / cargador inteligente / cargador USB,"Cargador rápido 44W / cargador inteligente / cargador USB

📦 Características:
• 44W
• Carga rápida

✨ Estado: Nuevo
🚚 Disponible para entrega o recogida

🛒 VivaBien — Tu tienda de confianza en República Dominicana",VivaBien,Electrónicos y Tecnología,电子数码,TRUE,VB2597E23C,240.00,10,VB2597E23C.jpg,智能充电器,,电子数码,Electrónicos y Tecnología,"Shopify,Facebook Marketplace",价格由 AI 从图片识别：RD$ 240，请在审核台确认
aud-fonos-bluetooth-p9-pro-max-negros-alta-fidelidad-40mm,Audífonos Bluetooth P9 Pro Max negros alta fidelidad 40mm,"Audífonos Bluetooth P9 Pro Max negros alta fidelidad 40mm

📦 Características:
• Altavoz dinámico de 40mm
• Alta fidelidad
• Compatible con decodificación AAC/SBC
• Negro

✨ Estado: Nuevo
🚚 Disponible para entrega o recogida

🛒 VivaBien — Tu tienda de confianza en República Dominicana",VivaBien,Electrónicos y Tecnología,电子数码,TRUE,VB259C8BFA,385.00,10,VB259C8BFA.jpg,P9 Pro Max耳机,,电子数码,Electrónicos y Tecnología,"Shopify,Facebook Marketplace",价格由 AI 从图片识别：RD$ 385，请在审核台确认
pared-blanco-con-doble-interruptor-ideal-para-tu-hogar,Pared Blanco Con Doble Interruptor - Ideal Para Tu Hogar,"Pared Blanco Con Doble Interruptor - Ideal Para Tu Hogar

📦 Características:
• Diseño de doble interruptor
• Blanco
• instalación en pared

✨ Estado: Nuevo
🚚 Disponible para entrega o recogida

🛒 VivaBien — Tu tienda de confianza en República Dominicana",VivaBien,Herramientas y Ferretería,工具五金,TRUE,VB25AB20E2,75.00,10,VB25AB20E2.jpg,墙壁开关面板,,工具五金,Herramientas y Ferretería,"Shopify,Facebook Marketplace",价格由 AI 从图片识别：RD$ 75，请在审核台确认
brocha-para-u-as-pincel-para-manicure-arco-ris-mango-met-lic,Brocha para uñas / pincel para manicure arcoíris mango metálico,"Brocha para uñas / pincel para manicure arcoíris mango metálico

📦 Características:
• Cabezal de cepillo arcoíris
• mango metálico
• Para manicura

✨ Estado: Nuevo
🚚 Disponible para entrega o recogida

🛒 VivaBien — Tu tienda de confianza en República Dominicana",VivaBien,Belleza y Cuidado Personal,美容个护,TRUE,VB25BB7DD8,160.00,10,VB25BB7DD8.jpg,美甲刷,,美容个护,Belleza y Cuidado Personal,"Shopify,Facebook Marketplace",价格由 AI 从图片识别：RD$ 160，请在审核台确认
jab-n-l-quido-de-s-bila-gel-antibacterial-11-oz,Jabón líquido de sábila / gel antibacterial 11 oz,"Jabón líquido de sábila / gel antibacterial 11 oz

📦 Características:
• Con extracto de aloe vera
• apto para piel sensible
• Uso en manos y cuerpo
• Capacidad 11oz

✨ Estado: Nuevo
🚚 Disponible para entrega o recogida

🛒 VivaBien — Tu tienda de confianza en República Dominicana",VivaBien,Belleza y Cuidado Personal,美容个护,TRUE,VB25D2F7FF,115.00,10,VB25D2F7FF.jpg,芦荟洗手液,,美容个护,Belleza y Cuidado Personal,"Shopify,Facebook Marketplace",价格由 AI 从图片识别：RD$ 115，请在审核台确认
ventilador-port-til-abanico-recargable-con-base-24h,Ventilador portátil / abanico recargable con base 24h,"Ventilador portátil / abanico recargable con base 24h

📦 Características:
• 180° ángulo ajustable
• Duración de trabajo 5-24 horas
• Batería de alta capacidad
• Con soporte para celular

✨ Estado: Nuevo
🚚 Disponible para entrega o recogida

🛒 VivaBien — Tu tienda de confianza en República Dominicana",VivaBien,Electrónicos y Tecnología,电子数码,TRUE,VB25D7DBA3,735.00,10,VB25D7DBA3.jpg,便携风扇,,电子数码,Electrónicos y Tecnología,"Shopify,Facebook Marketplace",价格由 AI 从图片识别：RD$ 735，请在审核台确认
multitoma-doble-con-usb-y-type-c-para-interior-y-exterior-re,"Multitoma doble con USB y Type-C para interior y exterior, resistente","Multitoma doble con USB y Type-C para interior y exterior, resistente

📦 Características:
• Doble enchufe
• puerto USB
• puerto Type-C
• Para uso interior y exterior
• Con conexión a tierra para uso pesado

✨ Estado: Nuevo
🚚 Disponible para entrega o recogida

🛒 VivaBien — Tu tienda de confianza en República Dominicana",VivaBien,Electrónicos y Tecnología,电子数码,TRUE,VB2660D45F,195.00,10,VB2660D45F.jpg,室内外插座,,电子数码,Electrónicos y Tecnología,"Shopify,Facebook Marketplace",价格由 AI 从图片识别：RD$ 195，请在审核台确认
regleta-extensi-n-el-ctrica-18-pies-blanca-con-tapa-segura,Regleta / Extensión eléctrica 18 pies blanca con tapa segura,"Regleta / Extensión eléctrica 18 pies blanca con tapa segura

📦 Características:
• 18 pies
• Blanco
• Diseño de polaridad
• Con tapa de seguridad

✨ Estado: Nuevo
🚚 Disponible para entrega o recogida

🛒 VivaBien — Tu tienda de confianza en República Dominicana",VivaBien,Herramientas y Ferretería,工具五金,TRUE,VB26BEAB1F,170.00,10,VB26BEAB1F.jpg,家用延长线,,工具五金,Herramientas y Ferretería,"Shopify,Facebook Marketplace",价格由 AI 从图片识别：RD$ 4，请在审核台确认
switch-y-tomacorriente-modernos-para-tu-hogar-u-oficina,Switch y tomacorriente modernos para tu hogar u oficina,"Toma corriente con protector infantil y alta potencia, seguro y confia

📦 Características:
• Bloqueo infantil
• Alta potencia
• Estructura de cableado

✨ Estado: Nuevo
🚚 Disponible para entrega o recogida

🛒 VivaBien — Tu tienda de confianza en República Dominicana",VivaBien,Herramientas y Ferretería,工具五金,TRUE,VB26C7AD81,50.00,10,VB26C7AD81.jpg,开关插座,,工具五金,Herramientas y Ferretería,"Shopify,Facebook Marketplace",价格由 AI 从图片识别：RD$ 50，请在审核台确认
caja-de-algod-n-pa-desmaquillar-suavecita-y-econ-mica,"Caja de algodón pa desmaquillar, suavecita y económica","Caja de algodón pa desmaquillar, suavecita y económica

📦 Características:
• Empaque en caja transparente
• Almohadilla de algodón blanca

✨ Estado: Nuevo
🚚 Disponible para entrega o recogida

🛒 VivaBien — Tu tienda de confianza en República Dominicana",VivaBien,Belleza y Cuidado Personal,美容个护,TRUE,VB27245EAA,120.00,10,VB27245EAA.jpg,盒装化妆棉,,美容个护,Belleza y Cuidado Personal,"Shopify,Facebook Marketplace","品名由豆包识图生成 conf=0.70，卖点:['透明盒装', '白色棉片']"
exfoliante-corporal-scrub-de-naranja-300ml-natural-98,Exfoliante corporal / scrub de naranja 300ml natural 98%,"Exfoliante corporal / scrub de naranja 300ml natural 98%

📦 Características:
• 300ml
• exfoliación suave
• 98% extracto natural

✨ Estado: Nuevo
🚚 Disponible para entrega o recogida

🛒 VivaBien — Tu tienda de confianza en República Dominicana",VivaBien,Belleza y Cuidado Personal,美容个护,TRUE,VB27BD39A0,765.00,10,VB27BD39A0.jpg,橙子身体磨砂,,美容个护,Belleza y Cuidado Personal,"Shopify,Facebook Marketplace",价格由 AI 从图片识别：RD$ 765，请在审核台确认
mesa-de-noche-gavetero-compacto-blanco-36x30x45-cm,Mesa de noche / gavetero compacto blanco 36x30x45 cm,"Mesa de noche / gavetero compacto blanco 36x30x45 cm

📦 Características:
• 36x30x45cm
• Blanco cálido
• Dos gavetas

✨ Estado: Nuevo
🚚 Disponible para entrega o recogida

🛒 VivaBien — Tu tienda de confianza en República Dominicana",VivaBien,Decoración del Hogar,家居装饰,TRUE,VB286EE837,,10,VB286EE837.jpg,简约床头柜,,家居装饰,Decoración del Hogar,"Shopify,Facebook Marketplace",
m-quina-para-barquillos-conos-1200w-led-f-cil-limpiar,Máquina para barquillos / conos 1200W LED fácil limpiar,"Máquina para barquillos / conos 1200W LED fácil limpiar

📦 Características:
• 1200W
• lámpara LED
• Calentamiento rápido
• Fácil de limpiar

✨ Estado: Nuevo
🚚 Disponible para entrega o recogida

🛒 VivaBien — Tu tienda de confianza en República Dominicana",VivaBien,Cocina y Hogar,厨房家居,TRUE,VB28715CB8,1540.00,10,VB28715CB8.jpg,蛋筒机,,厨房家居,Cocina y Hogar,"Shopify,Facebook Marketplace",价格由 AI 从图片识别：RD$ 15，请在审核台确认
letras-autoadhesivas-75mm-stickers-para-decorar,Letras autoadhesivas 75mm / stickers para decorar,"Letras autoadhesivas 75mm / stickers para decorar

📦 Características:
• Altura 75mm
• Auto-adhesivo

✨ Estado: Nuevo
🚚 Disponible para entrega o recogida

🛒 VivaBien — Tu tienda de confianza en República Dominicana",VivaBien,Decoración del Hogar,家居装饰,TRUE,VB289AE924,45.00,10,VB289AE924.jpg,自粘字母贴,,家居装饰,Decoración del Hogar,"Shopify,Facebook Marketplace",价格由 AI 从图片识别：RD$ 45，请在审核台确认
m-quina-de-desayuno-7-4l-cafetera-400ml-1050w-roja,Máquina de desayuno 7.4L / cafetera 400ml / 1050W roja,"Máquina de desayuno 7.4L / cafetera 400ml / 1050W roja

📦 Características:
• Capacidad 7.4L
• Cafetera de 400ml
• 1050W potencia
• control de temperatura
• puerta de vidrio visual
• Rojo

✨ Estado: Nuevo
🚚 Disponible para entrega o recogida

🛒 VivaBien — Tu tienda de confianza en República Dominicana",VivaBien,Cocina y Hogar,厨房家居,TRUE,VB28BF5BF4,3255.00,10,VB28BF5BF4.jpg,早餐机,,厨房家居,Cocina y Hogar,"Shopify,Facebook Marketplace",价格由 AI 从图片识别：RD$ 325，请在审核台确认
exfoliante-corporal-scrub-de-miel-500ml-suaviza-piel,Exfoliante corporal / scrub de miel 500ml suaviza piel,"Exfoliante corporal / scrub de miel 500ml suaviza piel

📦 Características:
• 500ml
• ingredientes de miel
• Suaviza la piel

✨ Estado: Nuevo
🚚 Disponible para entrega o recogida

🛒 VivaBien — Tu tienda de confianza en República Dominicana",VivaBien,Belleza y Cuidado Personal,美容个护,TRUE,VB2997CA27,205.00,10,VB2997CA27.jpg,蜂蜜身体磨砂,,美容个护,Belleza y Cuidado Personal,"Shopify,Facebook Marketplace",价格由 AI 从图片识别：RD$ 205，请在审核台确认
u-as-postizas-tips-morados-con-dise-o-de-gatos-y-caricaturas,Uñas postizas / tips morados con diseño de gatos y caricaturas,"Uñas postizas / tips morados con diseño de gatos y caricaturas

📦 Características:
• Tema morado
• Diseño de caricatura
• Con patrón de gato

✨ Estado: Nuevo
🚚 Disponible para entrega o recogida

🛒 VivaBien — Tu tienda de confianza en República Dominicana",VivaBien,Belleza y Cuidado Personal,美容个护,TRUE,VB29A3C53A,70.00,10,VB29A3C53A.jpg,美甲贴片,,美容个护,Belleza y Cuidado Personal,"Shopify,Facebook Marketplace",价格由 AI 从图片识别：RD$ 70，请在审核台确认
adaptador-de-enchufe-triple-beige-para-conectar-m-ltiples-di,Adaptador de enchufe triple beige para conectar múltiples dispositivos,"Adaptador de enchufe triple beige para conectar múltiples dispositivos

📦 Características:
• diseño de tres agujeros
• Para conexión de múltiples dispositivos
• Carcasa beige

✨ Estado: Nuevo
🚚 Disponible para entrega o recogida

🛒 VivaBien — Tu tienda de confianza en República Dominicana",VivaBien,Herramientas y Ferretería,工具五金,TRUE,VB29BF5952,1.15,10,VB29BF5952.jpg,三孔插座转换器,,工具五金,Herramientas y Ferretería,"Shopify,Facebook Marketplace",价格由 AI 从图片识别：RD$ 1，请在审核台确认
spray-rojo-pintura-en-spray-400ml-r-pido-secado,Spray rojo / pintura en spray 400ml rápido secado,"Spray rojo / pintura en spray 400ml rápido secado

📦 Características:
• 400ml
• Rojo
• acrílico termoplástico
• Reparación rápida

✨ Estado: Nuevo
🚚 Disponible para entrega o recogida

🛒 VivaBien — Tu tienda de confianza en República Dominicana",VivaBien,Herramientas y Ferretería,工具五金,TRUE,VB2A68405D,135.00,10,VB2A68405D.jpg,红色喷漆,,工具五金,Herramientas y Ferretería,"Shopify,Facebook Marketplace",价格由 AI 从图片识别：RD$ 135，请在审核台确认
crema-hidratante-para-beb-15fl-oz-443ml,Crema hidratante para bebé 15FL OZ / 443mL,"Crema hidratante para bebé 15FL OZ / 443mL

📦 Características:
• 15FL OZ
• 443mL
• Loción

✨ Estado: Nuevo
🚚 Disponible para entrega o recogida

🛒 VivaBien — Tu tienda de confianza en República Dominicana",VivaBien,Bebés y Maternidad,母婴用品,TRUE,VB2AB8ACF2,145.00,10,VB2AB8ACF2.jpg,婴儿润肤乳,,母婴用品,Bebés y Maternidad,"Shopify,Facebook Marketplace",价格由 AI 从图片识别：RD$ 145，请在审核台确认
mosquitero-tul-para-cama-2-5-plazas-60x56x80-pulgadas,Mosquitero / tul para cama 2.5 plazas 60x56x80 pulgadas,"Mosquitero / tul para cama 2.5 plazas 60x56x80 pulgadas

📦 Características:
• 2.5 plazas
• 60x56x80 pulgadas
• Rosado
• 100% fibra de poliéster
• Con ajuste elástico

✨ Estado: Nuevo
🚚 Disponible para entrega o recogida

🛒 VivaBien — Tu tienda de confianza en República Dominicana",VivaBien,Decoración del Hogar,家居装饰,TRUE,VB2B127FB6,620.00,10,VB2B127FB6.jpg,蚊帐,,家居装饰,Decoración del Hogar,"Shopify,Facebook Marketplace",价格由 AI 从图片识别：RD$ 350，请在审核台确认
toma-corriente-doble-con-protecci-n-infantil-y-dise-o-modern,Toma corriente doble con protección infantil y diseño moderno,"Toma corriente doble con protección infantil y diseño moderno

📦 Características:
• Protección infantil
• Alta potencia
• Diseño simple

✨ Estado: Nuevo
🚚 Disponible para entrega o recogida

🛒 VivaBien — Tu tienda de confianza en República Dominicana",VivaBien,Herramientas y Ferretería,工具五金,TRUE,VB2B705786,100.00,10,VB2B705786.jpg,双开关插座,,工具五金,Herramientas y Ferretería,"Shopify,Facebook Marketplace",价格由 AI 从图片识别：RD$ 100，请在审核台确认
cerradura-cerrojo-de-puerta-plateada-3-llaves-20-a-os,Cerradura / cerrojo de puerta plateada 3 llaves 20 años,"Cerradura / cerrojo de puerta plateada 3 llaves 20 años

📦 Características:
• color plateado
• Incluye 3 llaves
• Para puertas de 35-45mm de grosor
• Garantía de 20 años

✨ Estado: Nuevo
🚚 Disponible para entrega o recogida

🛒 VivaBien — Tu tienda de confianza en República Dominicana",VivaBien,Herramientas y Ferretería,工具五金,TRUE,VB2B8FE70F,280.00,10,VB2B8FE70F.jpg,门锁套装,,工具五金,Herramientas y Ferretería,"Shopify,Facebook Marketplace",价格由 AI 从图片识别：RD$ 280，请在审核台确认
llave-de-fregadero-grifo-con-filtro-y-dise-o-antisplash,Llave de fregadero / grifo con filtro y diseño antisplash,"Llave de fregadero / grifo con filtro y diseño antisplash

📦 Características:
• Con elemento de filtrado
• Diseño resistente a salpicaduras
• color plateado

✨ Estado: Nuevo
🚚 Disponible para entrega o recogida

🛒 VivaBien — Tu tienda de confianza en República Dominicana",VivaBien,Herramientas y Ferretería,工具五金,TRUE,VB2B9A7BCA,290.00,10,VB2B9A7BCA.jpg,水龙头配件,,工具五金,Herramientas y Ferretería,"Shopify,Facebook Marketplace",价格由 AI 从图片识别：RD$ 290，请在审核台确认
piedra-p-mez-blanca-para-pies-cuidado-de-la-piel-con-cuerdit,Piedra pómez blanca para pies / cuidado de la piel con cuerdita,"Piedra pómez blanca para pies / cuidado de la piel con cuerdita

📦 Características:
• Blanco
• Para cuidado de la piel
• Con cuerda para colgar

✨ Estado: Nuevo
🚚 Disponible para entrega o recogida

🛒 VivaBien — Tu tienda de confianza en República Dominicana",VivaBien,Belleza y Cuidado Personal,美容个护,TRUE,VB2BDCF56E,90.00,10,VB2BDCF56E.jpg,浮石,,美容个护,Belleza y Cuidado Personal,"Shopify,Facebook Marketplace",
pinza-pa-cejas-3-piezas-acero-inoxidable,Pinza pa cejas 3 piezas acero inoxidable,"Pinza pa cejas 3 piezas acero inoxidable

📦 Características:
• material de acero inoxidable
• paquete de tres piezas
• Herramienta de cuidado personal

✨ Estado: Nuevo
🚚 Disponible para entrega o recogida

🛒 VivaBien — Tu tienda de confianza en República Dominicana",VivaBien,Belleza y Cuidado Personal,美容个护,TRUE,VB2BE5B91F,90.00,10,VB2BE5B91F.jpg,修眉钳三件套,,美容个护,Belleza y Cuidado Personal,"Shopify,Facebook Marketplace","品名由豆包识图生成 conf=0.80，卖点:['不锈钢材质', '三件装', '美容工具']"
crema-blanqueadora-antiarrugas-500ml-aclarado-piel,Crema blanqueadora / antiarrugas 500ml aclarado piel,"Crema blanqueadora / antiarrugas 500ml aclarado piel

📦 Características:
• 500ml
• Blanqueador
• Antiarrugas
• Aclara el tono de piel
• Contra manchas oscuras

✨ Estado: Nuevo
🚚 Disponible para entrega o recogida

🛒 VivaBien — Tu tienda de confianza en República Dominicana",VivaBien,Belleza y Cuidado Personal,美容个护,TRUE,VB2BEDD023,260.00,10,VB2BEDD023.jpg,姜黄美白乳,,美容个护,Belleza y Cuidado Personal,"Shopify,Facebook Marketplace",价格由 AI 从图片识别：RD$ 260，请在审核台确认
regleta-con-protecci-n-infantil-y-dise-o-moderno-para-alta-p,Regleta con protección infantil y diseño moderno para alta potencia,"Regleta con protección infantil y diseño moderno para alta potencia

📦 Características:
• Protección infantil
• Alta potencia
• Diseño minimalista

✨ Estado: Nuevo
🚚 Disponible para entrega o recogida

🛒 VivaBien — Tu tienda de confianza en República Dominicana",VivaBien,Herramientas y Ferretería,工具五金,TRUE,VB2C2C77A3,155.00,10,VB2C2C77A3.jpg,插座开关,,工具五金,Herramientas y Ferretería,"Shopify,Facebook Marketplace",价格由 AI 从图片识别：RD$ 155，请在审核台确认
kit-u-as-set-manicure-verde-menta-port-til-con-lima-y-cepill,Kit uñas / set manicure verde menta portátil con lima y cepillo,"Kit uñas / set manicure verde menta portátil con lima y cepillo

📦 Características:
• Verde menta
• Incluye lima y cepillo de limpieza
• Empaque portátil

✨ Estado: Nuevo
🚚 Disponible para entrega o recogida

🛒 VivaBien — Tu tienda de confianza en República Dominicana",VivaBien,Belleza y Cuidado Personal,美容个护,TRUE,VB2C5096E9,45.00,10,VB2C5096E9.jpg,指甲护理套装,,美容个护,Belleza y Cuidado Personal,"Shopify,Facebook Marketplace",价格由 AI 从图片识别：RD$ 45，请在审核台确认
kit-de-herramientas-met-licas-para-gomas-neum-ticos,Kit de herramientas metálicas para gomas / neumáticos,"Kit de herramientas metálicas para gomas / neumáticos

📦 Características:
• material metálico
• Incluye varias herramientas
• Para reparación de neumáticos

✨ Estado: Nuevo
🚚 Disponible para entrega o recogida

🛒 VivaBien — Tu tienda de confianza en República Dominicana",VivaBien,Herramientas y Ferretería,工具五金,TRUE,VB2CA77F8E,245.00,10,VB2CA77F8E.jpg,重型轮胎修理工具,,工具五金,Herramientas y Ferretería,"Shopify,Facebook Marketplace",价格由 AI 从图片识别：RD$ 245，请在审核台确认
u-as-postizas-tips-rosados-en-forma-de-punta,Uñas postizas / tips rosados en forma de punta,"Uñas postizas / tips rosados en forma de punta

📦 Características:
• Rosado
• Forma de punta fina

✨ Estado: Nuevo
🚚 Disponible para entrega o recogida

🛒 VivaBien — Tu tienda de confianza en República Dominicana",VivaBien,Belleza y Cuidado Personal,美容个护,TRUE,VB2CA78D27,100.00,10,VB2CA78D27.jpg,假指甲,,美容个护,Belleza y Cuidado Personal,"Shopify,Facebook Marketplace",价格由 AI 从图片识别：RD$ 100，请在审核台确认
disco-de-corte-hoja-diamantada-4-5-115mm-alta-calidad,"Disco de corte / hoja diamantada 4.5"" 115mm alta calidad","Disco de corte / hoja diamantada 4.5"" 115mm alta calidad

📦 Características:
• 4.5 pulgadas
• 115mm
• Alto rendimiento
• Corte en seco

✨ Estado: Nuevo
🚚 Disponible para entrega o recogida

🛒 VivaBien — Tu tienda de confianza en República Dominicana",VivaBien,Herramientas y Ferretería,工具五金,TRUE,VB2CC6DA05,175.00,10,VB2CC6DA05.jpg,金刚石锯片,,工具五金,Herramientas y Ferretería,"Shopify,Facebook Marketplace",价格由 AI 从图片识别：RD$ 375，请在审核台确认
estufa-de-gas-fog-n-triple-negra-vidrio,Estufa de gas / fogón triple negra vidrio,"Estufa de gas / fogón doble negra vidrio

📦 Características:
• Doble cabezal
• Negro
• panel de vidrio

✨ Estado: Nuevo
🚚 Disponible para entrega o recogida

🛒 VivaBien — Tu tienda de confianza en República Dominicana",VivaBien,Cocina y Hogar,厨房家居,TRUE,VB2D115EA0,1980.00,10,VB2D115EA0.jpg,双头燃气灶,,厨房家居,Cocina y Hogar,"Shopify,Facebook Marketplace",
adaptador-de-bombillo-blanco-en-pl-stico-resistente-para-l-m,Adaptador de bombillo blanco en plástico resistente para lámparas,"Adaptador de bombillo blanco en plástico resistente para lámparas

📦 Características:
• Blanco
• material plástico
• adaptador de bombillo

✨ Estado: Nuevo
🚚 Disponible para entrega o recogida

🛒 VivaBien — Tu tienda de confianza en República Dominicana",VivaBien,Herramientas y Ferretería,工具五金,TRUE,VB2D36F81B,,10,VB2D36F81B.jpg,灯头转换器,,工具五金,Herramientas y Ferretería,"Shopify,Facebook Marketplace",
calentador-de-agua-instant-neo-220v-7000w-40-c,Calentador de agua instantáneo 220V / 7000W / 40°C,"Calentador de agua instantáneo 220V / 7000W / 40°C

📦 Características:
• Calentamiento instantáneo
• Temperatura constante de 40°C
• 220V
• 7000W

✨ Estado: Nuevo
🚚 Disponible para entrega o recogida

🛒 VivaBien — Tu tienda de confianza en República Dominicana",VivaBien,Baño y Sanitarios,浴室卫浴,TRUE,VB2DF5C60E,4520.00,10,VB2DF5C60E.jpg,即热式热水器,,浴室卫浴,Baño y Sanitarios,"Shopify,Facebook Marketplace",⚠ 价格疑似识别有误（599.0），已自动修正为 RD$ 5990 | 价格由 AI 从图片识别：RD$ 5990，请在审核台确认
estufa-de-gas-cocina-de-gas-4-quemadores-inoxidable,Estufa de gas / cocina de gas 4 quemadores inoxidable,"Estufa de gas / cocina de gas 4 quemadores inoxidable

📦 Características:
• 4 quemadores de gas
• material de acero inoxidable

✨ Estado: Nuevo
🚚 Disponible para entrega o recogida

🛒 VivaBien — Tu tienda de confianza en República Dominicana",VivaBien,Cocina y Hogar,厨房家居,TRUE,VB2DFDAA8F,7930.00,10,VB2DFDAA8F.jpg,燃气灶,,厨房家居,Cocina y Hogar,"Shopify,Facebook Marketplace",
guantes-antideslizantes-de-tela-con-puntos-negros-blancos,Guantes antideslizantes / de tela con puntos negros blancos,"Guantes antideslizantes / de tela con puntos negros blancos

📦 Características:
• Blanco
• Puntos antideslizantes negros
• material tejido

✨ Estado: Nuevo
🚚 Disponible para entrega o recogida

🛒 VivaBien — Tu tienda de confianza en República Dominicana",VivaBien,Herramientas y Ferretería,工具五金,TRUE,VB2E68A785,25.00,10,VB2E68A785.jpg,防滑手套,,工具五金,Herramientas y Ferretería,"Shopify,Facebook Marketplace",价格由 AI 从图片识别：RD$ 25，请在审核台确认
decoraci-n-de-peras-doradas-cer-mica,Decoración de peras doradas / cerámica,"Decoración de peras doradas / cerámica

📦 Características:
• color dorado
• Material cerámico

✨ Estado: Nuevo
🚚 Disponible para entrega o recogida

🛒 VivaBien — Tu tienda de confianza en República Dominicana",VivaBien,Decoración del Hogar,家居装饰,TRUE,VB2E73C9E3,180.00,10,VB2E73C9E3.jpg,金色梨摆件,,家居装饰,Decoración del Hogar,"Shopify,Facebook Marketplace",价格由 AI 从图片识别：RD$ 180，请在审核台确认
acetona-100-pura-4oz-quitaesmalte,Acetona 100% pura 4oz / quitaesmalte,"Acetona 100% pura 4oz / quitaesmalte

📦 Características:
• 4oz
• 100% pureza

✨ Estado: Nuevo
🚚 Disponible para entrega o recogida

🛒 VivaBien — Tu tienda de confianza en República Dominicana",VivaBien,Belleza y Cuidado Personal,美容个护,TRUE,VB2EBDC6CA,70.00,10,VB2EBDC6CA.jpg,100%丙酮,,美容个护,Belleza y Cuidado Personal,"Shopify,Facebook Marketplace",价格由 AI 从图片识别：RD$ 70，请在审核台确认
n-meros-adhesivos-plateados-75mm-pegatinas-para-puertas,Números adhesivos plateados 75mm / pegatinas para puertas,"Números adhesivos plateados 75mm / pegatinas para puertas

📦 Características:
• Altura 75mm
• color plateado
• Auto-adhesivo

✨ Estado: Nuevo
🚚 Disponible para entrega o recogida

🛒 VivaBien — Tu tienda de confianza en República Dominicana",VivaBien,Decoración del Hogar,家居装饰,TRUE,VB2ED9C7E7,55.00,10,VB2ED9C7E7.jpg,自粘数字贴,,家居装饰,Decoración del Hogar,"Shopify,Facebook Marketplace",价格由 AI 从图片识别：RD$ 55，请在审核台确认
bisagra-gozne-charnela-de-acero-inoxidable-multiuso,Bisagra / gozne / charnela de acero inoxidable multiuso,"Bisagra / gozne / charnela de acero inoxidable multiuso

📦 Características:
• material de acero inoxidable
• Alta calidad
• diseño con múltiples agujeros

✨ Estado: Nuevo
🚚 Disponible para entrega o recogida

🛒 VivaBien — Tu tienda de confianza en República Dominicana",VivaBien,Herramientas y Ferretería,工具五金,TRUE,VB2EE2BDBA,320.00,10,VB2EE2BDBA.jpg,不锈钢合页,,工具五金,Herramientas y Ferretería,"Shopify,Facebook Marketplace",价格由 AI 从图片识别：RD$ 3，请在审核台确认
talco-para-beb-polvo-corporal-para-beb-200g-7-04oz,Talco para bebé / polvo corporal para bebé 200g 7.04oz,"Talco para bebé / polvo corporal para bebé 200g 7.04oz

📦 Características:
• 200g
• 7.04 FL.OZ

✨ Estado: Nuevo
🚚 Disponible para entrega o recogida

🛒 VivaBien — Tu tienda de confianza en República Dominicana",VivaBien,Bebés y Maternidad,母婴用品,TRUE,VB2F11B7CC,90.00,10,VB2F11B7CC.jpg,婴儿爽身粉,,母婴用品,Bebés y Maternidad,"Shopify,Facebook Marketplace",价格由 AI 从图片识别：RD$ 90，请在审核台确认
set-de-cuidado-corporal-con-perfume-y-crema-perfecto-para-re,"Set de cuidado corporal con perfume y crema, perfecto para regalar","Set de cuidado corporal con perfume y crema, perfecto para regalar

📦 Características:
• Perfume
• crema corporal
• Caja de regalo

✨ Estado: Nuevo
🚚 Disponible para entrega o recogida

🛒 VivaBien — Tu tienda de confianza en República Dominicana",VivaBien,Belleza y Cuidado Personal,美容个护,TRUE,VB2F1DBAE0,295.00,10,VB2F1DBAE0.jpg,身体护理套装,,美容个护,Belleza y Cuidado Personal,"Shopify,Facebook Marketplace",
pintura-acr-lica-l-quida-acr-lico-l-quido-53ml-morado,Pintura acrílica líquida / acrílico líquido 53ml morado,"Pintura acrílica líquida / acrílico líquido 53ml morado

📦 Características:
• 53ml
• Morado

✨ Estado: Nuevo
🚚 Disponible para entrega o recogida

🛒 VivaBien — Tu tienda de confianza en República Dominicana",VivaBien,Belleza y Cuidado Personal,美容个护,TRUE,VB2F4C770F,110.00,10,VB2F4C770F.jpg,丙烯液体,,美容个护,Belleza y Cuidado Personal,"Shopify,Facebook Marketplace",价格由 AI 从图片识别：RD$ 110，请在审核台确认
abanico-mini-ventilador-port-til-1-unidad-azul-dise-o-cartoo,Abanico mini / ventilador portátil 1 unidad azul diseño cartoon,"Abanico mini / ventilador portátil 1 unidad azul diseño cartoon

📦 Características:
• 1 unidad
• Azul
• Diseño de caricatura
• Portátil

✨ Estado: Nuevo
🚚 Disponible para entrega o recogida

🛒 VivaBien — Tu tienda de confianza en República Dominicana",VivaBien,Electrónicos y Tecnología,电子数码,TRUE,VB2F5BA699,260.00,10,,迷你风扇,,电子数码,Electrónicos y Tecnología,"Shopify,Facebook Marketplace","价格由 AI 从图片识别：RD$ 260，请在审核台确认 | ⚠️ AI 生图失败，可点「重新生图」重试: 图片被内容安全系统拦截，且豆包备用接口也失败。
建议：换一张图片后重试。"
portarretrato-marco-de-fotos-13-18cm-material-imitaci-n-piel,Portarretrato / marco de fotos 13×18cm material imitación piel,"Portarretrato / marco de fotos 13×18cm material imitación piel

📦 Características:
• Tamaño 13×18cm
• Material imitación cuero

✨ Estado: Nuevo
🚚 Disponible para entrega o recogida

🛒 VivaBien — Tu tienda de confianza en República Dominicana",VivaBien,Decoración del Hogar,家居装饰,TRUE,VB2F8EB523,155.00,10,VB2F8EB523.jpg,相框,,家居装饰,Decoración del Hogar,"Shopify,Facebook Marketplace",价格由 AI 从图片识别：RD$ 155，请在审核台确认
pi-a-decorativa-plateada-adorno-de-cer-mica,Piña decorativa plateada / adorno de cerámica,"Piña decorativa plateada / adorno de cerámica

📦 Características:
• color plateado
• Material cerámico

✨ Estado: Nuevo
🚚 Disponible para entrega o recogida

🛒 VivaBien — Tu tienda de confianza en República Dominicana",VivaBien,Decoración del Hogar,家居装饰,TRUE,VB30320EC5,195.00,10,VB30320EC5.jpg,银色菠萝摆件,,家居装饰,Decoración del Hogar,"Shopify,Facebook Marketplace",价格由 AI 从图片识别：RD$ 195，请在审核台确认 | 价格经二次OCR修正：195 → RD$ 105
perfume-rabe-250ml-en-spray-botella-roja-con-detalles-dorado,"Perfume árabe 250ml en spray, botella roja con detalles dorados","Perfume árabe 250ml en spray, botella roja con detalles dorados

📦 Características:
• 250ml
• Botella roja
• decoración dorada
• Spray aromático

✨ Estado: Nuevo
🚚 Disponible para entrega o recogida

🛒 VivaBien — Tu tienda de confianza en República Dominicana",VivaBien,Belleza y Cuidado Personal,美容个护,TRUE,VB3042FBA6,250.00,10,VB3042FBA6.jpg,阿拉伯香氛喷雾,,美容个护,Belleza y Cuidado Personal,"Shopify,Facebook Marketplace",
spray-impermeabilizante-r-pido-750ml-sellador-multiuso,Spray impermeabilizante rápido 750ml / sellador multiuso,"Spray impermeabilizante rápido 750ml / sellador multiuso

📦 Características:
• 750ml
• multifuncional
• Secado rápido
• Opciones multicolor: blanco, negro, gris, transparente

✨ Estado: Nuevo
🚚 Disponible para entrega o recogida

🛒 VivaBien — Tu tienda de confianza en República Dominicana",VivaBien,Herramientas y Ferretería,工具五金,TRUE,VB30E77690,215.00,10,VB30E77690.jpg,防水喷雾,,工具五金,Herramientas y Ferretería,"Shopify,Facebook Marketplace",价格由 AI 从图片识别：RD$ 215，请在审核台确认
extensi-n-cable-alargador-rojo-50-pies-heavy-duty,Extensión / cable alargador rojo 50 pies heavy duty,"Extensión / cable alargador rojo 50 pies heavy duty

📦 Características:
• 50 pies
• Rojo
• 16AWG/2
• 2 cables de tierra
• Uso pesado

✨ Estado: Nuevo
🚚 Disponible para entrega o recogida

🛒 VivaBien — Tu tienda de confianza en República Dominicana",VivaBien,Herramientas y Ferretería,工具五金,TRUE,VB31609367,410.00,10,VB31609367.jpg,室内外延长线,,工具五金,Herramientas y Ferretería,"Shopify,Facebook Marketplace",价格由 AI 从图片识别：RD$ 410，请在审核台确认
adaptador-el-ctrico-enchufe-m-ltiple-con-usb-y-luz-nocturna,Adaptador eléctrico / enchufe múltiple con USB y luz nocturna,"Adaptador eléctrico / enchufe múltiple con USB y luz nocturna

📦 Características:
• Función de luz nocturna
• puerto USB
• Seguridad para niños
• Carga rápida

✨ Estado: Nuevo
🚚 Disponible para entrega o recogida

🛒 VivaBien — Tu tienda de confianza en República Dominicana",VivaBien,Herramientas y Ferretería,工具五金,TRUE,VB31699F75,470.00,10,VB31699F75.jpg,转换插座,,工具五金,Herramientas y Ferretería,"Shopify,Facebook Marketplace",
crema-blanqueadora-r-pida-crema-aclarante-con-col-geno,Crema blanqueadora rápida / crema aclarante con colágeno,"Crema blanqueadora rápida / crema aclarante con colágeno

📦 Características:
• Blanqueamiento rápido
• Colágeno
• ingredientes de leche
• Resultados en 3 días

✨ Estado: Nuevo
🚚 Disponible para entrega o recogida

🛒 VivaBien — Tu tienda de confianza en República Dominicana",VivaBien,Belleza y Cuidado Personal,美容个护,TRUE,VB31712708,180.00,10,VB31712708.jpg,美白面霜,,美容个护,Belleza y Cuidado Personal,"Shopify,Facebook Marketplace",价格由 AI 从图片识别：RD$ 180，请在审核台确认
plato-coraz-n-cer-mica-dorado-2-unidades,Plato corazón cerámica dorado 2 unidades,"Plato corazón cerámica dorado 2 unidades

📦 Características:
• 2 unidades
• color dorado
• Material cerámico

✨ Estado: Nuevo
🚚 Disponible para entrega o recogida

🛒 VivaBien — Tu tienda de confianza en República Dominicana",VivaBien,Decoración del Hogar,家居装饰,TRUE,VB318BA420,130.00,10,VB318BA420.jpg,金色心形盘,,家居装饰,Decoración del Hogar,"Shopify,Facebook Marketplace",价格由 AI 从图片识别：RD$ 130，请在审核台确认
m-quina-de-u-as-uv-led-inteligente-12-luces-30s-60s-90s,Máquina de uñas UV/LED inteligente 12 luces 30s/60s/90s,"Máquina de uñas UV/LED inteligente 12 luces 30s/60s/90s

📦 Características:
• 12 luces
• UV/LED
• Inteligente
• Temporizador 30s/60s/90s

✨ Estado: Nuevo
🚚 Disponible para entrega o recogida

🛒 VivaBien — Tu tienda de confianza en República Dominicana",VivaBien,Belleza y Cuidado Personal,美容个护,TRUE,VB318E41DA,465.00,10,VB318E41DA.jpg,光疗机,,美容个护,Belleza y Cuidado Personal,"Shopify,Facebook Marketplace",价格由 AI 从图片识别：RD$ 865，请在审核台确认 | 价格经二次OCR修正：865 → RD$ 465
caja-secreta-libro-falso-dise-o-perfume-cl-sico,Caja secreta / libro falso diseño perfume clásico,"Perfume en forma de libro / fragancia diseño original

📦 Características:
• Diseño de portada
• Empaque premium

✨ Estado: Nuevo
🚚 Disponible para entrega o recogida

🛒 VivaBien — Tu tienda de confianza en República Dominicana",VivaBien,Decoración del Hogar,家居装饰,TRUE,VB3190E6BF,130.00,10,VB3190E6BF.jpg,经典香水书假书,,家居装饰,Decoración del Hogar,"Shopify,Facebook Marketplace",价格由 AI 从图片识别：RD$ 130，请在审核台确认
aceite-esencial-de-jazm-n-10ml-aromatizante-para-el-hogar,Aceite esencial de jazmín 10ml / aromatizante para el hogar,"Aceite esencial de jazmín 10ml / aromatizante para el hogar

📦 Características:
• 10ml
• Aromaterapia para el hogar

✨ Estado: Nuevo
🚚 Disponible para entrega o recogida

🛒 VivaBien — Tu tienda de confianza en República Dominicana",VivaBien,Decoración del Hogar,家居装饰,TRUE,VB31C052A7,95.00,10,VB31C052A7.jpg,茉莉香薰油,,家居装饰,Decoración del Hogar,"Shopify,Facebook Marketplace",价格由 AI 从图片识别：RD$ 95，请在审核台确认
tres-tonos-corrector-cremoso-pa-tapar-ojeras,Tres tonos corrector cremoso pa tapar ojeras,"Tres tonos corrector cremoso pa tapar ojeras

📦 Características:
• tres colores
• Corrector
• Textura en crema

✨ Estado: Nuevo
🚚 Disponible para entrega o recogida

🛒 VivaBien — Tu tienda de confianza en República Dominicana",VivaBien,Belleza y Cuidado Personal,美容个护,TRUE,VB3262C018,145.00,10,VB3262C018.jpg,三色遮瑕膏,,美容个护,Belleza y Cuidado Personal,"Shopify,Facebook Marketplace","品名由豆包识图生成 conf=0.80，卖点:['三色', '遮瑕', '膏状']"
adorno-de-mariposa-plateada-met-lica,Adorno de mariposa plateada / metálica,"Adorno de mariposa plateada / metálica

📦 Características:
• color plateado
• material metálico

✨ Estado: Nuevo
🚚 Disponible para entrega o recogida

🛒 VivaBien — Tu tienda de confianza en República Dominicana",VivaBien,Decoración del Hogar,家居装饰,TRUE,VB327CB362,145.00,10,VB327CB362.jpg,银色蝴蝶摆件,,家居装饰,Decoración del Hogar,"Shopify,Facebook Marketplace",价格由 AI 从图片识别：RD$ 445，请在审核台确认 | 价格经二次OCR修正：445 → RD$ 145
gel-de-cuidado-ntimo-masculino-de-50ml-hecho-en-los-ee-uu,Gel de cuidado íntimo masculino de 50ml - Hecho en los EE.UU.,"Gel íntimo masculino 50ml / cuidado personal / hecho en USA

📦 Características:
• 50ml
• Hecho en EE.UU.

✨ Estado: Nuevo
🚚 Disponible para entrega o recogida

🛒 VivaBien — Tu tienda de confianza en República Dominicana",VivaBien,Artículos para Adultos,情趣用品,TRUE,VB32A1B0D1,125.00,10,VB32A1B0D1.jpg,男性护理凝胶,,情趣用品,Artículos para Adultos,"Shopify,Facebook Marketplace",价格由 AI 从图片识别：RD$ 125，请在审核台确认
juego-de-llaves-allen-hexagonales-cr-v-multi-tama-os,Juego de llaves Allen / hexagonales CR-V multi tamaños,"Juego de llaves Allen / hexagonales CR-V multi tamaños

📦 Características:
• Acero CR-V
• varias especificaciones
• Ajuste preciso

✨ Estado: Nuevo
🚚 Disponible para entrega o recogida

🛒 VivaBien — Tu tienda de confianza en República Dominicana",VivaBien,Herramientas y Ferretería,工具五金,TRUE,VB32B78A78,245.00,10,VB32B78A78.jpg,内六角扳手套装,,工具五金,Herramientas y Ferretería,"Shopify,Facebook Marketplace",价格由 AI 从图片识别：RD$ 245，请在审核台确认
tablita-decorativa-madera-ovalada-con-soga-para-colgar,Tablita decorativa madera ovalada con soga para colgar,"Tablita decorativa madera ovalada con soga para colgar

📦 Características:
• Madera
• Forma ovalada
• Con cuerda para colgar

✨ Estado: Nuevo
🚚 Disponible para entrega o recogida

🛒 VivaBien — Tu tienda de confianza en República Dominicana",VivaBien,Decoración del Hogar,家居装饰,TRUE,VB33373AE2,195.00,10,VB33373AE2.jpg,木质装饰板,,家居装饰,Decoración del Hogar,"Shopify,Facebook Marketplace",价格由 AI 从图片识别：RD$ 195，请在审核台确认
picador-cortador-de-vegetales-14-piezas-bpa-free,Picador / cortador de vegetales 14 piezas BPA free,"Picador / cortador de vegetales 14 piezas BPA free

📦 Características:
• 14 piezas
• BPA/PFTE free
• Rebanar
• Cortar en cubos
• Rallar

✨ Estado: Nuevo
🚚 Disponible para entrega o recogida

🛒 VivaBien — Tu tienda de confianza en República Dominicana",VivaBien,Cocina y Hogar,厨房家居,TRUE,VB3356A5CC,475.00,10,VB3356A5CC.jpg,多功能切菜器,,厨房家居,Cocina y Hogar,"Shopify,Facebook Marketplace",价格由 AI 从图片识别：RD$ 475，请在审核台确认
bocina-parlante-rgb-port-til-con-radio-am-fm-y-usb,Bocina / parlante RGB portátil con radio AM/FM y USB,"Bocina / parlante RGB portátil con radio AM/FM y USB

📦 Características:
• efecto de luz RGB
• Portátil
• Batería integrada
• Compatible con USB
• Compatible con tarjeta TF
• Compatible con radio AM/FM

✨ Estado: Nuevo
🚚 Disponible para entrega o recogida

🛒 VivaBien — Tu tienda de confianza en República Dominicana",VivaBien,,,TRUE,VB34345054,880.00,10,VB34345054.jpg,RGB音箱,,,,"Shopify,Facebook Marketplace",
mosquitero-pabell-n-3-entradas-180x160x150cm-poli-ster,Mosquitero / pabellón 3 entradas 180x160x150cm poliéster,"Mosquitero / pabellón 3 entradas 180x160x150cm poliéster

📦 Características:
• 3 unidades
• 180*160*150cm
• 100% fibra de poliéster

✨ Estado: Nuevo
🚚 Disponible para entrega o recogida

🛒 VivaBien — Tu tienda de confianza en República Dominicana",VivaBien,Decoración del Hogar,家居装饰,TRUE,VB34389281,560.00,10,VB34389281.jpg,蚊帐,,家居装饰,Decoración del Hogar,"Shopify,Facebook Marketplace",价格由 AI 从图片识别：RD$ 595，请在审核台确认 | 价格经二次OCR修正：595 → RD$ 955
l-mpara-led-conejo-rosa-o-azul-luz-nocturna-tierna,Lámpara LED Conejo Rosa o Azul - Luz Nocturna Tierna,"Lámpara LED de conejo rosado/azul 1 unidad

📦 Características:
• 1 unidad
• LED
• Rosado
• Azul

✨ Estado: Nuevo
🚚 Disponible para entrega o recogida

🛒 VivaBien — Tu tienda de confianza en República Dominicana",VivaBien,Bebés y Maternidad,母婴用品,TRUE,VB343D4D49,90.00,10,VB343D4D49.jpg,萌萌兔夜灯,,母婴用品,Bebés y Maternidad,"Shopify,Facebook Marketplace",价格由 AI 从图片识别：RD$ 90，请在审核台确认 | 价格经二次OCR修正：90 → RD$ 490
cono-se-al-de-no-parqueo-amarillo-de-pl-stico,Cono / señal de no parqueo amarillo de plástico,"Cono / señal de no parqueo amarillo de plástico

📦 Características:
• Amarillo
• material plástico
• Con señal de no estacionar

✨ Estado: Nuevo
🚚 Disponible para entrega o recogida

🛒 VivaBien — Tu tienda de confianza en República Dominicana",VivaBien,Herramientas y Ferretería,工具五金,TRUE,VB34B51F7C,370.00,10,VB34B51F7C.jpg,禁止停车锥,,工具五金,Herramientas y Ferretería,"Shopify,Facebook Marketplace",价格由 AI 从图片识别：RD$ 370，请在审核台确认
set-de-cuidado-de-u-as-kit-manicura-acero-inoxidable,Set de cuidado de uñas / kit manicura acero inoxidable,"Set de cuidado de uñas / kit manicura acero inoxidable

📦 Características:
• material de acero inoxidable
• Incluye alicate, tijeras, empujador de cutículas

✨ Estado: Nuevo
🚚 Disponible para entrega o recogida

🛒 VivaBien — Tu tienda de confianza en República Dominicana",VivaBien,Belleza y Cuidado Personal,美容个护,TRUE,VB34BF8991,110.00,10,VB34BF8991.jpg,指甲护理套装,,美容个护,Belleza y Cuidado Personal,"Shopify,Facebook Marketplace",价格由 AI 从图片识别：RD$ 110，请在审核台确认
crema-blanqueadora-aclaradora-de-piel-120ml,Crema blanqueadora / aclaradora de piel 120ml,"Crema blanqueadora / aclaradora de piel 120ml

📦 Características:
• 120ml
• Función blanqueadora

✨ Estado: Nuevo
🚚 Disponible para entrega o recogida

🛒 VivaBien — Tu tienda de confianza en República Dominicana",VivaBien,Belleza y Cuidado Personal,美容个护,TRUE,VB34FE41E5,120.00,10,VB34FE41E5.jpg,美白护肤霜,,美容个护,Belleza y Cuidado Personal,"Shopify,Facebook Marketplace",价格由 AI 从图片识别：RD$ 120，请在审核台确认
esencia-de-guineo-banana-30ml,Esencia de guineo / banana 30ml,"Esencia de guineo / banana 30ml

📦 Características:
• 30ml

✨ Estado: Nuevo
🚚 Disponible para entrega o recogida

🛒 VivaBien — Tu tienda de confianza en República Dominicana",VivaBien,Artículos para Adultos,情趣用品,TRUE,VB35348E56,80.00,10,VB35348E56.jpg,香蕉奶油,,情趣用品,Artículos para Adultos,"Shopify,Facebook Marketplace",价格由 AI 从图片识别：RD$ 80，请在审核台确认
aceite-arom-tico-esencia-para-hogar-10ml,Aceite aromático / esencia para hogar 10ml,"Aceite aromático / esencia para hogar 10ml

📦 Características:
• 10ml

✨ Estado: Nuevo
🚚 Disponible para entrega o recogida

🛒 VivaBien — Tu tienda de confianza en República Dominicana",VivaBien,Decoración del Hogar,家居装饰,TRUE,VB35DC36B2,110.00,10,VB35DC36B2.jpg,家用香薰油,,家居装饰,Decoración del Hogar,"Shopify,Facebook Marketplace",价格由 AI 从图片识别：RD$ 110，请在审核台确认
cinta-adhesiva-transparente-amarilla-tape-pl-stico-core,Cinta adhesiva transparente amarilla / tape plástico core,"Cinta adhesiva transparente amarilla / tape plástico core

📦 Características:
• Transparente amarillo
• Con núcleo de plástico

✨ Estado: Nuevo
🚚 Disponible para entrega o recogida

🛒 VivaBien — Tu tienda de confianza en República Dominicana",VivaBien,Herramientas y Ferretería,工具五金,TRUE,VB369F5801,20.00,10,VB369F5801.jpg,透明胶带,,工具五金,Herramientas y Ferretería,"Shopify,Facebook Marketplace",价格由 AI 从图片识别：RD$ 20，请在审核台确认
mascarilla-facial-hidratante-reafirmante-reparadora-33ml,Mascarilla facial hidratante / reafirmante / reparadora 33ml,"Mascarilla facial hidratante / reafirmante / reparadora 33ml

📦 Características:
• Reparador
• Reafirmante
• Hidratante
• Capacidad 33ml

✨ Estado: Nuevo
🚚 Disponible para entrega o recogida

🛒 VivaBien — Tu tienda de confianza en República Dominicana",VivaBien,Belleza y Cuidado Personal,美容个护,TRUE,VB36C78B3E,40.00,10,VB36C78B3E.jpg,胎盘精华面膜,,美容个护,Belleza y Cuidado Personal,"Shopify,Facebook Marketplace",⚠ 价格疑似识别有误（4.0），已自动修正为 RD$ 40 | 价格由 AI 从图片识别：RD$ 40，请在审核台确认
spray-de-alcohol-al-70-en-botella-transparente-peque-o,"Spray de alcohol al 70% en botella transparente, pequeño","Spray de alcohol 70% botella pequeña transparente

📦 Características:
• Concentración 70%
• Botella transparente
• Baja capacidad

✨ Estado: Nuevo
🚚 Disponible para entrega o recogida

🛒 VivaBien — Tu tienda de confianza en República Dominicana",VivaBien,Belleza y Cuidado Personal,美容个护,TRUE,VB36D663C1,8.00,10,VB36D663C1.jpg,酒精喷雾,,美容个护,Belleza y Cuidado Personal,"Shopify,Facebook Marketplace",⚠ 价格疑似识别有误（8.0），已自动修正为 RD$ 80 | 价格由 AI 从图片识别：RD$ 80，请在审核台确认 | 价格经二次OCR修正：8 → RD$ 85
cepillo-para-pies-piedra-p-mez-lima-4-en-1-azul,Cepillo para pies / piedra pómez / lima 4 en 1 azul,"Cepillo para pies / piedra pómez / lima 4 en 1 azul

📦 Características:
• Mango azul
• 4 en 1 funciones
• Incluye cepillo, piedra pómez, lima metálica y lima de pulido

✨ Estado: Nuevo
🚚 Disponible para entrega o recogida

🛒 VivaBien — Tu tienda de confianza en República Dominicana",VivaBien,Belleza y Cuidado Personal,美容个护,TRUE,VB37D54A91,120.00,10,VB37D54A91.jpg,足部护理刷,,美容个护,Belleza y Cuidado Personal,"Shopify,Facebook Marketplace",
switch-triple-blanco-con-luz-indicadora-para-pared,Switch triple blanco con luz indicadora para pared,"Switch triple blanco con luz indicadora para pared

📦 Características:
• Blanco
• diseño de tres aperturas
• Con luz indicadora

✨ Estado: Nuevo
🚚 Disponible para entrega o recogida

🛒 VivaBien — Tu tienda de confianza en República Dominicana",VivaBien,Herramientas y Ferretería,工具五金,TRUE,VB37D68009,110.00,10,VB37D68009.jpg,三开墙壁开关,,工具五金,Herramientas y Ferretería,"Shopify,Facebook Marketplace",价格由 AI 从图片识别：RD$ 110，请在审核台确认
adaptador-blanco-con-cable-de-corriente-y-enchufe-para-tu-ho,Adaptador blanco con cable de corriente y enchufe para tu hogar,"Adaptador blanco con cable de corriente y enchufe para tu hogar

📦 Características:
• Blanco
• Con cable de alimentación
• Adaptador de enchufe

✨ Estado: Nuevo
🚚 Disponible para entrega o recogida

🛒 VivaBien — Tu tienda de confianza en República Dominicana",VivaBien,Electrónicos y Tecnología,电子数码,TRUE,VB383B40D8,110.00,10,VB383B40D8.jpg,高品质适配器,,电子数码,Electrónicos y Tecnología,"Shopify,Facebook Marketplace",价格由 AI 从图片识别：RD$ 110，请在审核台确认
ambientador-para-carro-aromatizante-1-unidad-jazm-n,Ambientador para carro / aromatizante 1 unidad jazmín,"Ambientador para carro / aromatizante 1 unidad jazmín

📦 Características:
• 1 unidad
• Cuerda verde
• botella de vidrio
• Aroma de jazmín

✨ Estado: Nuevo
🚚 Disponible para entrega o recogida

🛒 VivaBien — Tu tienda de confianza en República Dominicana",VivaBien,Decoración del Hogar,家居装饰,TRUE,VB38446EBF,120.00,10,VB38446EBF.jpg,车载香薰,,家居装饰,Decoración del Hogar,"Shopify,Facebook Marketplace",价格由 AI 从图片识别：RD$ 120，请在审核台确认
cinta-m-trica-wincha-de-medir-7-5m-azul-acero,Cinta métrica / wincha de medir 7.5m azul acero,"Cinta métrica / wincha de medir 7.5m azul acero

📦 Características:
• 7.5 metros
• Azul
• hecho de acero

✨ Estado: Nuevo
🚚 Disponible para entrega o recogida

🛒 VivaBien — Tu tienda de confianza en República Dominicana",VivaBien,Herramientas y Ferretería,工具五金,TRUE,VB386F2072,180.00,10,VB386F2072.jpg,卷尺,,工具五金,Herramientas y Ferretería,"Shopify,Facebook Marketplace",价格由 AI 从图片识别：RD$ 180，请在审核台确认
gel-pega-para-pelo-fuerte-6oz-resistente-al-agua,Gel / pega para pelo fuerte 6oz resistente al agua,"Gel / pega para pelo fuerte 6oz resistente al agua

📦 Características:
• 6 onzas
• Impermeable
• Fijación fuerte

✨ Estado: Nuevo
🚚 Disponible para entrega o recogida

🛒 VivaBien — Tu tienda de confianza en República Dominicana",VivaBien,Belleza y Cuidado Personal,美容个护,TRUE,VB388D6FC2,330.00,10,VB388D6FC2.jpg,强力造型胶,,美容个护,Belleza y Cuidado Personal,"Shopify,Facebook Marketplace",价格由 AI 从图片识别：RD$ 330，请在审核台确认
juego-de-pinzas-belleza-acero-inoxidable-negro,Juego de pinzas belleza acero inoxidable negro,"Juego de pinzas belleza acero inoxidable negro

📦 Características:
• material de acero inoxidable
• Negro
• Herramienta de cuidado personal

✨ Estado: Nuevo
🚚 Disponible para entrega o recogida

🛒 VivaBien — Tu tienda de confianza en República Dominicana",VivaBien,Belleza y Cuidado Personal,美容个护,TRUE,VB38B1DAA0,230.00,10,VB38B1DAA0.jpg,不锈钢美容夹,,美容个护,Belleza y Cuidado Personal,"Shopify,Facebook Marketplace","品名由豆包识图生成 conf=0.90，卖点:['不锈钢材质', '黑色', '美容工具']"
pegamento-para-pelucas-lace-front-extensiones-38ml,Pegamento para pelucas / lace front / extensiones 38ml,"Pegamento para pelucas / lace front / extensiones 38ml

📦 Características:
• 38ml
• Impermeable
• Adhesión fuerte

✨ Estado: Nuevo
🚚 Disponible para entrega o recogida

🛒 VivaBien — Tu tienda de confianza en República Dominicana",VivaBien,Belleza y Cuidado Personal,美容个护,TRUE,VB38CA295B,130.00,10,VB38CA295B.jpg,假发胶水,,美容个护,Belleza y Cuidado Personal,"Shopify,Facebook Marketplace",价格由 AI 从图片识别：RD$ 100，请在审核台确认
crema-para-pies-pomada-para-pies-454g-anti-fatiga-y-grietas,Crema para pies / pomada para pies 454g anti-fatiga y grietas,"Crema para pies / pomada para pies 454g anti-fatiga y grietas

📦 Características:
• 454g
• Alivia cansancio en piernas y pies
• Repara grietas

✨ Estado: Nuevo
🚚 Disponible para entrega o recogida

🛒 VivaBien — Tu tienda de confianza en República Dominicana",VivaBien,Belleza y Cuidado Personal,美容个护,TRUE,VB394DCD8B,425.00,10,VB394DCD8B.jpg,足部护理膏,,美容个护,Belleza y Cuidado Personal,"Shopify,Facebook Marketplace",
perfume-de-pi-a-y-cola-88ml-con-tapa-dorada-tipo-spray-elega,Perfume de piña y cola 88ml con tapa dorada tipo spray elegante,"Perfume de piña y cola 88ml con tapa dorada tipo spray elegante

📦 Características:
• 88ml
• tapa de botella esférica dorada
• Spray aromático

✨ Estado: Nuevo
🚚 Disponible para entrega o recogida

🛒 VivaBien — Tu tienda de confianza en República Dominicana",VivaBien,Belleza y Cuidado Personal,美容个护,TRUE,VB39BB563C,190.00,10,VB39BB563C.jpg,菠萝可乐香氛,,美容个护,Belleza y Cuidado Personal,"Shopify,Facebook Marketplace",
abanico-ventilador-usb-recargable-port-til-mini,Abanico / ventilador USB recargable portátil mini,"Abanico / ventilador USB recargable portátil mini

📦 Características:
• Portátil
• De escritorio
• carga USB
• batería no desmontable
• mini
• Estilo natural
• Portátil

✨ Estado: Nuevo
🚚 Disponible para entrega o recogida

🛒 VivaBien — Tu tienda de confianza en República Dominicana",VivaBien,Electrónicos y Tecnología,电子数码,TRUE,VB39BC7A65,225.00,10,VB39BC7A65.jpg,USB小风扇,,电子数码,Electrónicos y Tecnología,"Shopify,Facebook Marketplace",价格由 AI 从图片识别：RD$ 225，请在审核台确认
abanico-el-ctrico-port-til-plegable-24h-4-velocidades,Abanico eléctrico portátil plegable 24h 4 velocidades,"Abanico eléctrico portátil plegable 24h 4 velocidades

📦 Características:
• Plegable
• Autonomía máxima 24 horas
• Ajuste de 4 velocidades de viento
• Gira 180 grados

✨ Estado: Nuevo
🚚 Disponible para entrega o recogida

🛒 VivaBien — Tu tienda de confianza en República Dominicana",VivaBien,Electrónicos y Tecnología,电子数码,TRUE,VB39F41E3B,180.00,10,VB39F41E3B.jpg,电动折叠风扇,,电子数码,Electrónicos y Tecnología,"Shopify,Facebook Marketplace",⚠ 图片可能拍反，价格从旋转图中识别 | ⚠ 价格疑似识别有误（18.0），已自动修正为 RD$ 180 | 价格由 AI 从图片识别：RD$ 180，请在审核台确认
parrilla-el-ctrica-plancha-el-ctrica-antiadherente-12-meses-,Parrilla eléctrica / plancha eléctrica antiadherente 12 meses garantía,"Parrilla eléctrica / plancha eléctrica antiadherente 12 meses garantía

📦 Características:
• 12 meses de garantía
• revestimiento antiadherente
• Calentamiento eléctrico

✨ Estado: Nuevo
🚚 Disponible para entrega o recogida

🛒 VivaBien — Tu tienda de confianza en República Dominicana",VivaBien,Cocina y Hogar,厨房家居,TRUE,VB3A2CA782,1010.00,10,VB3A2CA782.jpg,电烤盘,,厨房家居,Cocina y Hogar,"Shopify,Facebook Marketplace",价格由 AI 从图片识别：RD$ 1010，请在审核台确认
ganchos-met-licos-colgadores-de-pared-con-tornillos,Ganchos metálicos / colgadores de pared con tornillos,"Ganchos metálicos / colgadores de pared con tornillos

📦 Características:
• material metálico
• Incluye tornillos expansivos
• Para instalación en pared

✨ Estado: Nuevo
🚚 Disponible para entrega o recogida

🛒 VivaBien — Tu tienda de confianza en República Dominicana",VivaBien,Herramientas y Ferretería,工具五金,TRUE,VB3A2D550A,45.00,10,VB3A2D550A.jpg,五金挂钩套装,,工具五金,Herramientas y Ferretería,"Shopify,Facebook Marketplace",价格由 AI 从图片识别：RD$ 45，请在审核台确认
gancho-colgador-de-madera-con-soga-3-unidades,Gancho / colgador de madera con soga 3 unidades,"Gancho / colgador de madera con soga 3 unidades

📦 Características:
• 3 ganchos
• De madera
• Cuerda con colgante

✨ Estado: Nuevo
🚚 Disponible para entrega o recogida

🛒 VivaBien — Tu tienda de confianza en República Dominicana",VivaBien,,,TRUE,VB3AB03043,225.00,10,VB3AB03043.jpg,家居挂钩,,,,"Shopify,Facebook Marketplace",价格由 AI 从图片识别：RD$ 325，请在审核台确认
bocina-parlante-multimedia-12-pulgadas-5000mah-con-micr-fono,Bocina / parlante multimedia 12 pulgadas 5000mAh con micrófono,"Bocina / parlante multimedia 12 pulgadas 5000mAh con micrófono

📦 Características:
• 12 pulgadas
• 5000mAh
• bajos profundos
• Con micrófono

✨ Estado: Nuevo
🚚 Disponible para entrega o recogida

🛒 VivaBien — Tu tienda de confianza en República Dominicana",VivaBien,Electrónicos y Tecnología,电子数码,TRUE,VB3AB90188,3180.00,10,VB3AB90188.jpg,多媒体音箱,,电子数码,Electrónicos y Tecnología,"Shopify,Facebook Marketplace",
vaselina-crema-hidratante-para-piel-100g,Vaselina / crema hidratante para piel 100g,"Vaselina / crema hidratante para piel 100g

📦 Características:
• 100g
• Cuidado de la piel
• hidratación

✨ Estado: Nuevo
🚚 Disponible para entrega o recogida

🛒 VivaBien — Tu tienda de confianza en República Dominicana",VivaBien,Belleza y Cuidado Personal,美容个护,TRUE,VB3ABF6E3D,90.00,10,VB3ABF6E3D.jpg,凡士林,,美容个护,Belleza y Cuidado Personal,"Shopify,Facebook Marketplace",价格由 AI 从图片识别：RD$ 90，请在审核台确认 | 价格经二次OCR修正：90 → RD$ 100
spray-arom-tico-para-hogar-y-oficina,Spray aromático para hogar y oficina,"Spray aromático 250ml de vainilla con tapa dorada elegante

📦 Características:
• 250ml
• Aroma de vainilla
• tapa dorada

✨ Estado: Nuevo
🚚 Disponible para entrega o recogida

🛒 VivaBien — Tu tienda de confianza en República Dominicana",VivaBien,Belleza y Cuidado Personal,美容个护,TRUE,VB3AED8B30,280.00,10,VB3AED8B30.jpg,香氛喷雾,,美容个护,Belleza y Cuidado Personal,"Shopify,Facebook Marketplace",
champ-para-beb-shampoo-beb-100ml-amarillo,Champú para bebé / shampoo bebé 100ml amarillo,"Champú para bebé / shampoo bebé 100ml amarillo

📦 Características:
• 100ml
• 3.52 FL.OZ
• Botella amarilla

✨ Estado: Nuevo
🚚 Disponible para entrega o recogida

🛒 VivaBien — Tu tienda de confianza en República Dominicana",VivaBien,Bebés y Maternidad,母婴用品,TRUE,VB3AEDC5F6,55.00,10,VB3AEDC5F6.jpg,婴儿洗发水,,母婴用品,Bebés y Maternidad,"Shopify,Facebook Marketplace",价格由 AI 从图片识别：RD$ 55，请在审核台确认
radio-solar-bluetooth-usb-fm-am-sw-con-luz-led,Radio solar / Bluetooth / USB / FM/AM/SW con luz LED,"Radio solar / Bluetooth / USB / FM/AM/SW con luz LED

📦 Características:
• 19.7x6.8x11.7cm
• Energía solar
• Bluetooth
• USB
• tarjeta TF
• FM/AM/SW
• lámpara LED
• batería de litio

✨ Estado: Nuevo
🚚 Disponible para entrega o recogida

🛒 VivaBien — Tu tienda de confianza en República Dominicana",VivaBien,Electrónicos y Tecnología,电子数码,TRUE,VB3B90DC53,850.00,10,VB3B90DC53.jpg,多功能收音机,,电子数码,Electrónicos y Tecnología,"Shopify,Facebook Marketplace",价格由 AI 从图片识别：RD$ 950，请在审核台确认
exfoliante-gel-limpiador-con-arroz-y-karit-para-piel-clara,Exfoliante / gel limpiador con arroz y karité para piel clara,"Exfoliante / gel limpiador con arroz y karité para piel clara

📦 Características:
• Con manteca de karité
• Con salvado de arroz
• Blanqueador
• Exfoliante

✨ Estado: Nuevo
🚚 Disponible para entrega o recogida

🛒 VivaBien — Tu tienda de confianza en República Dominicana",VivaBien,Belleza y Cuidado Personal,美容个护,TRUE,VB3BDD5078,185.00,10,VB3BDD5078.jpg,米西亚米糠磨砂,,美容个护,Belleza y Cuidado Personal,"Shopify,Facebook Marketplace",价格由 AI 从图片识别：RD$ 185，请在审核台确认
aud-fonos-bluetooth-inal-mbricos-hifi-sonido-est-reo,Audífonos Bluetooth / inalámbricos HiFi sonido estéreo,"Audífonos Bluetooth / inalámbricos HiFi sonido estéreo

📦 Características:
• Bluetooth
• Estéreo
• decodificación HiFi
• Chip inteligente

✨ Estado: Nuevo
🚚 Disponible para entrega o recogida

🛒 VivaBien — Tu tienda de confianza en República Dominicana",VivaBien,Electrónicos y Tecnología,电子数码,TRUE,VB3BFE0B22,765.00,10,VB3BFE0B22.jpg,无线耳机,,电子数码,Electrónicos y Tecnología,"Shopify,Facebook Marketplace",价格由 AI 从图片识别：RD$ 765，请在审核台确认
panel-de-toma-corriente-multifuncional-blanco-con-tornillos-,Panel de toma corriente multifuncional blanco con tornillos incluidos,"Panel de toma corriente multifuncional blanco con tornillos incluidos

📦 Características:
• Blanco
• enchufe multifuncional
• Incluye tornillos

✨ Estado: Nuevo
🚚 Disponible para entrega o recogida

🛒 VivaBien — Tu tienda de confianza en República Dominicana",VivaBien,Herramientas y Ferretería,工具五金,TRUE,VB3C6019A3,95.00,10,VB3C6019A3.jpg,墙壁插座面板,,工具五金,Herramientas y Ferretería,"Shopify,Facebook Marketplace",价格由 AI 从图片识别：RD$ 95，请在审核台确认
micr-fono-din-mico-cardioide-alta-fidelidad,Micrófono dinámico / cardioide / alta fidelidad,"Micrófono dinámico / cardioide / alta fidelidad

📦 Características:
• Unidireccional
• Alta fidelidad

✨ Estado: Nuevo
🚚 Disponible para entrega o recogida

🛒 VivaBien — Tu tienda de confianza en República Dominicana",VivaBien,Electrónicos y Tecnología,电子数码,TRUE,VB3CF5F113,340.00,10,VB3CF5F113.jpg,动圈麦克风,,电子数码,Electrónicos y Tecnología,"Shopify,Facebook Marketplace",价格由 AI 从图片识别：RD$ 340，请在审核台确认
cerradura-pestillo-ansi-ajustable-puerta-35-50mm,Cerradura / pestillo ANSI ajustable puerta 35-50mm,"Cerradura / pestillo ANSI ajustable puerta 35-50mm

📦 Características:
• Combinación amarillo y negro
• Cumple con estándares ANSI
• Compatible con puertas de 35-50mm de grosor
• Ajuste trasero 60-70mm

✨ Estado: Nuevo
🚚 Disponible para entrega o recogida

🛒 VivaBien — Tu tienda de confianza en República Dominicana",VivaBien,Herramientas y Ferretería,工具五金,TRUE,VB3D686009,295.00,10,VB3D686009.jpg,门锁组件,,工具五金,Herramientas y Ferretería,"Shopify,Facebook Marketplace",价格由 AI 从图片识别：RD$ 3，请在审核台确认
llave-de-fregadero-grifo-giratoria-360-met-lica-5-a-os,Llave de fregadero / grifo giratoria 360° metálica 5 años,"Llave de fregadero / grifo giratoria 360° metálica 5 años

📦 Características:
• Rotación de 360°
• material metálico
• Garantía de 5 años

✨ Estado: Nuevo
🚚 Disponible para entrega o recogida

🛒 VivaBien — Tu tienda de confianza en República Dominicana",VivaBien,Herramientas y Ferretería,工具五金,TRUE,VB3DF4F6F4,95.00,10,VB3DF4F6F4.jpg,水龙头配件,,工具五金,Herramientas y Ferretería,"Shopify,Facebook Marketplace",价格由 AI 从图片识别：RD$ 95，请在审核台确认
juego-de-tornillos-pernos-met-licos-multiuso,Juego de tornillos / pernos metálicos multiuso,"Juego de tornillos / pernos metálicos multiuso

📦 Características:
• material metálico
• Empaque múltiple

✨ Estado: Nuevo
🚚 Disponible para entrega o recogida

🛒 VivaBien — Tu tienda de confianza en República Dominicana",VivaBien,Herramientas y Ferretería,工具五金,TRUE,VB3E2E1BAD,40.00,10,VB3E2E1BAD.jpg,螺丝套装,,工具五金,Herramientas y Ferretería,"Shopify,Facebook Marketplace",价格由 AI 从图片识别：RD$ 40，请在审核台确认
stickers-3d-calcoman-as-adhesivas-de-colores-decorativas,Stickers 3D / calcomanías adhesivas de colores decorativas,"Stickers 3D / calcomanías adhesivas de colores decorativas

📦 Características:
• multicolor
• Auto-adhesivo
• Decoración 3D

✨ Estado: Nuevo
🚚 Disponible para entrega o recogida

🛒 VivaBien — Tu tienda de confianza en República Dominicana",VivaBien,Belleza y Cuidado Personal,美容个护,TRUE,VB3E316DC6,40.00,10,VB3E316DC6.jpg,彩钻贴纸,,美容个护,Belleza y Cuidado Personal,"Shopify,Facebook Marketplace",价格由 AI 从图片识别：RD$ 40，请在审核台确认
talco-para-beb-120g-4-22-fl-oz,Talco para bebé 120g / 4.22 FL.OZ,"Talco para bebé 120g / 4.22 FL.OZ

📦 Características:
• 120g
• 4.22 FL.OZ

✨ Estado: Nuevo
🚚 Disponible para entrega o recogida

🛒 VivaBien — Tu tienda de confianza en República Dominicana",VivaBien,Bebés y Maternidad,母婴用品,TRUE,VB3E7F4381,70.00,10,VB3E7F4381.jpg,婴儿爽身粉,,母婴用品,Bebés y Maternidad,"Shopify,Facebook Marketplace",价格由 AI 从图片识别：RD$ 70，请在审核台确认
cable-usb-lightning-carga-r-pida-1-unidad,Cable USB / Lightning carga rápida 1 unidad,"Cable USB / Lightning carga rápida 1 unidad

📦 Características:
• 1 pieza
• puerto Lightning
• puerto USB
• Carga rápida

✨ Estado: Nuevo
🚚 Disponible para entrega o recogida

🛒 VivaBien — Tu tienda de confianza en República Dominicana",VivaBien,Electrónicos y Tecnología,电子数码,TRUE,VB3E859E26,70.00,10,VB3E859E26.jpg,快充数据线,,电子数码,Electrónicos y Tecnología,"Shopify,Facebook Marketplace",价格由 AI 从图片识别：RD$ 70，请在审核台确认
esmalte-endurecedor-de-u-as-fortalecedor-15ml-con-vitamina-e,Esmalte endurecedor de uñas / Fortalecedor 15ml con vitamina E,"Esmalte endurecedor de uñas / Fortalecedor 15ml con vitamina E

📦 Características:
• 15ml
• Con vitamina E

✨ Estado: Nuevo
🚚 Disponible para entrega o recogida

🛒 VivaBien — Tu tienda de confianza en República Dominicana",VivaBien,Belleza y Cuidado Personal,美容个护,TRUE,VB3EF21D6A,80.00,10,VB3EF21D6A.jpg,指甲硬化液,,美容个护,Belleza y Cuidado Personal,"Shopify,Facebook Marketplace",价格由 AI 从图片识别：RD$ 80，请在审核台确认
cerradura-candado-de-puerta-negro-cil-ndrico-acero-fuerte,Cerradura / candado de puerta negro cilíndrico acero fuerte,"Cerradura / candado de puerta negro cilíndrico acero fuerte

📦 Características:
• Negro
• diseño cilíndrico
• estructura de acero

✨ Estado: Nuevo
🚚 Disponible para entrega o recogida

🛒 VivaBien — Tu tienda de confianza en República Dominicana",VivaBien,Herramientas y Ferretería,工具五金,TRUE,VB3F65E7A5,599.00,10,VB3F65E7A5.jpg,门锁,,工具五金,Herramientas y Ferretería,"Shopify,Facebook Marketplace",价格由 AI 从图片识别：RD$ 599，请在审核台确认
cuchilla-exacto-cortador-amarillo-18mm-repuestos,Cuchilla / Exacto / Cortador amarillo 18mm + repuestos,"Cuchilla / Exacto / Cortador amarillo 18mm + repuestos

📦 Características:
• 18mm cuchilla
• Mango amarillo
• Incluye cuchillas de repuesto

✨ Estado: Nuevo
🚚 Disponible para entrega o recogida

🛒 VivaBien — Tu tienda de confianza en República Dominicana",VivaBien,Herramientas y Ferretería,工具五金,TRUE,VB3FB1F75A,50.00,10,VB3FB1F75A.jpg,美工刀套装,,工具五金,Herramientas y Ferretería,"Shopify,Facebook Marketplace",价格由 AI 从图片识别：RD$ 50，请在审核台确认
huevo-vibrador-masajeador-1-unidad-silic-n-azul,Huevo vibrador / masajeador 1 unidad silicón azul,"Huevo vibrador / masajeador 1 unidad silicón azul

📦 Características:
• 1 unidad
• Azul
• Material de silicona
• Función de control remoto

✨ Estado: Nuevo
🚚 Disponible para entrega o recogida

🛒 VivaBien — Tu tienda de confianza en República Dominicana",VivaBien,Artículos para Adultos,情趣用品,TRUE,VB3FBD9D8A,1530.00,10,VB3FBD9D8A.jpg,遥控跳蛋,,情趣用品,Artículos para Adultos,"Shopify,Facebook Marketplace",价格由 AI 从图片识别：RD$ 1530，请在审核台确认
pesta-as-postizas-12mm-multicolor-azul-violeta-naranja,Pestañas postizas 12mm multicolor azul violeta naranja,"Pestañas postizas 12mm multicolor azul violeta naranja

📦 Características:
• 12mm
• multicolor (azul/morado/naranja)
• Diseño de un solo racimo

✨ Estado: Nuevo
🚚 Disponible para entrega o recogida

🛒 VivaBien — Tu tienda de confianza en República Dominicana",VivaBien,Belleza y Cuidado Personal,美容个护,TRUE,VB3FF5B5DA,95.00,10,VB3FF5B5DA.jpg,多色单簇假睫毛,,美容个护,Belleza y Cuidado Personal,"Shopify,Facebook Marketplace","品名由豆包识图生成 conf=0.90，卖点:['12mm', '多色（蓝/紫/橙）', '单簇设计']"
talco-para-beb-polvo-corporal-16oz-400g-con-vitamina-e,Talco para bebé / polvo corporal 16oz 400g con vitamina E,"Talco para bebé / polvo corporal 16oz 400g con vitamina E

📦 Características:
• 16oz
• 400g
• Con vitamina E

✨ Estado: Nuevo
🚚 Disponible para entrega o recogida

🛒 VivaBien — Tu tienda de confianza en República Dominicana",VivaBien,Bebés y Maternidad,母婴用品,TRUE,VB401ADB4C,155.00,10,VB401ADB4C.jpg,婴儿爽身粉,,母婴用品,Bebés y Maternidad,"Shopify,Facebook Marketplace",价格由 AI 从图片识别：RD$ 155，请在审核台确认
kit-de-conexi-n-para-gas-manguera-naranja-v-lvula-verde,Kit de conexión para gas / manguera naranja / válvula verde,"Kit de conexión para gas / manguera naranja / válvula verde

📦 Características:
• Tubo flexible naranja
• Válvula verde
• Para conexiones de gas

✨ Estado: Nuevo
🚚 Disponible para entrega o recogida

🛒 VivaBien — Tu tienda de confianza en República Dominicana",VivaBien,Herramientas y Ferretería,工具五金,TRUE,VB409F4DE7,265.00,10,VB409F4DE7.jpg,燃气阀门套装,,工具五金,Herramientas y Ferretería,"Shopify,Facebook Marketplace",价格由 AI 从图片识别：RD$ 265，请在审核台确认
silic-n-sellador-pega-impermeable-300ml-resistente-impactos,Silicón sellador / pega impermeable 300ml resistente impactos,"Silicón sellador / pega impermeable 300ml resistente impactos

📦 Características:
• 300ML
• Resistente al agua
• Resistente a impactos

✨ Estado: Nuevo
🚚 Disponible para entrega o recogida

🛒 VivaBien — Tu tienda de confianza en República Dominicana",VivaBien,Herramientas y Ferretería,工具五金,TRUE,VB40A3AE02,170.00,10,VB40A3AE02.jpg,PU密封胶,,工具五金,Herramientas y Ferretería,"Shopify,Facebook Marketplace",价格由 AI 从图片识别：RD$ 370，请在审核台确认
ducha-de-mano-tel-fono-de-ba-o-turbo-con-filtro-integrado,Ducha de mano / teléfono de baño turbo con filtro integrado,"Ducha de mano / teléfono de baño turbo con filtro integrado

📦 Características:
• Alta presión
• Turbina integrada
• función de filtrado

✨ Estado: Nuevo
🚚 Disponible para entrega o recogida

🛒 VivaBien — Tu tienda de confianza en República Dominicana",VivaBien,Baño y Sanitarios,浴室卫浴,TRUE,VB40B06552,425.00,10,VB40B06552.jpg,增压花洒,,浴室卫浴,Baño y Sanitarios,"Shopify,Facebook Marketplace",价格由 AI 从图片识别：RD$ 45，请在审核台确认
adorno-decorativo-dorado-figura-con-cristal-redondo,Adorno decorativo dorado / figura con cristal redondo,"Adorno decorativo dorado / figura con cristal redondo

📦 Características:
• color dorado
• diseño calado
• decoración de cristal redondo

✨ Estado: Nuevo
🚚 Disponible para entrega o recogida

🛒 VivaBien — Tu tienda de confianza en República Dominicana",VivaBien,Decoración del Hogar,家居装饰,TRUE,VB4102BFBD,,10,VB4102BFBD.jpg,金色镂空摆件,,家居装饰,Decoración del Hogar,"Shopify,Facebook Marketplace",
bandeja-decorativa-de-metal-dorado-hoja,Bandeja decorativa de metal dorado / hoja,"Bandeja decorativa de metal dorado / hoja

📦 Características:
• color dorado
• material metálico
• Diseño en forma de hoja

✨ Estado: Nuevo
🚚 Disponible para entrega o recogida

🛒 VivaBien — Tu tienda de confianza en República Dominicana",VivaBien,Decoración del Hogar,家居装饰,TRUE,VB4194C760,150.00,10,VB4194C760.jpg,金色叶形盘,,家居装饰,Decoración del Hogar,"Shopify,Facebook Marketplace",价格由 AI 从图片识别：RD$ 150，请在审核台确认
spray-retardante-masculino-12g,Spray retardante masculino 12g,"Spray retardante masculino 12g

📦 Características:
• 12g

✨ Estado: Nuevo
🚚 Disponible para entrega o recogida

🛒 VivaBien — Tu tienda de confianza en República Dominicana",VivaBien,Artículos para Adultos,情趣用品,TRUE,VB41C43C53,160.00,10,,男性延时喷雾,,情趣用品,Artículos para Adultos,"Shopify,Facebook Marketplace","价格由 AI 从图片识别：RD$ 160，请在审核台确认 | ⚠️ AI 生图失败，可点「重新生图」重试: HTTPSConnectionPool(host='api.quickrouter.ai', port=443): Read timed out. (read timeout=120)"
bisagra-gozne-pernio-de-acero-inoxidable-4x3x2-5,Bisagra / gozne / pernio de acero inoxidable 4x3x2.5,"Bisagra / gozne / pernio de acero inoxidable 4x3x2.5

📦 Características:
• material de acero inoxidable
• Tamaño 4x3x2.5
• Alta calidad

✨ Estado: Nuevo
🚚 Disponible para entrega o recogida

🛒 VivaBien — Tu tienda de confianza en República Dominicana",VivaBien,Herramientas y Ferretería,工具五金,TRUE,VB4223EFF1,190.00,10,VB4223EFF1.jpg,不锈钢铰链,,工具五金,Herramientas y Ferretería,"Shopify,Facebook Marketplace",价格由 AI 从图片识别：RD$ 190，请在审核台确认
pi-a-decorativa-de-metal-dorado-1-unidad,Piña decorativa de metal dorado 1 unidad,"Piña decorativa de metal dorado 1 unidad

📦 Características:
• 1 unidad
• color dorado
• material metálico

✨ Estado: Nuevo
🚚 Disponible para entrega o recogida

🛒 VivaBien — Tu tienda de confianza en República Dominicana",VivaBien,Decoración del Hogar,家居装饰,TRUE,VB423A1580,110.00,10,VB423A1580.jpg,金属菠萝摆件,,家居装饰,Decoración del Hogar,"Shopify,Facebook Marketplace",价格由 AI 从图片识别：RD$ 110，请在审核台确认
rastrillo-afeitadora-femenina-con-doble-hoja-y-aloe-vera,Rastrillo / afeitadora femenina con doble hoja y aloe vera,"Rastrillo / afeitadora femenina con doble hoja y aloe vera

📦 Características:
• Doble cuchilla
• Con aloe vera y vitamina E

✨ Estado: Nuevo
🚚 Disponible para entrega o recogida

🛒 VivaBien — Tu tienda de confianza en República Dominicana",VivaBien,Belleza y Cuidado Personal,美容个护,TRUE,VB426CE669,235.00,10,VB426CE669.jpg,女士剃须刀,,美容个护,Belleza y Cuidado Personal,"Shopify,Facebook Marketplace",价格由 AI 从图片识别：RD$ 235，请在审核台确认
limpiador-facial-jab-n-de-cara-vitamina-c-hidratante-antiacn,Limpiador facial / jabón de cara Vitamina C hidratante antiacné,"Limpiador facial / jabón de cara Vitamina C hidratante antiacné

📦 Características:
• Vitamina C
• ácido hialurónico
• limpieza profunda
• Control de grasa
• Anti acné
• Hidratante

✨ Estado: Nuevo
🚚 Disponible para entrega o recogida

🛒 VivaBien — Tu tienda de confianza en República Dominicana",VivaBien,Belleza y Cuidado Personal,美容个护,TRUE,VB427C0990,160.00,10,VB427C0990.jpg,维C洗面奶,,美容个护,Belleza y Cuidado Personal,"Shopify,Facebook Marketplace",价格由 AI 从图片识别：RD$ 160，请在审核台确认
shampoo-para-beb-120ml-no-irrita-ojos-uso-diario,Shampoo para bebé 120ml / no irrita ojos / uso diario,"Shampoo para bebé 120ml / no irrita ojos / uso diario

📦 Características:
• 120ml
• no irrita los ojos
• Uso diario

✨ Estado: Nuevo
🚚 Disponible para entrega o recogida

🛒 VivaBien — Tu tienda de confianza en República Dominicana",VivaBien,Bebés y Maternidad,母婴用品,TRUE,VB4280CCCC,105.00,10,VB4280CCCC.jpg,婴儿洗发水,,母婴用品,Bebés y Maternidad,"Shopify,Facebook Marketplace",价格由 AI 从图片识别：RD$ 105，请在审核台确认
gel-para-u-as-pega-de-u-as-con-led-duraci-n-7-d-as,Gel para uñas / pega de uñas con LED duración 7 días,"Gel para uñas / pega de uñas con LED duración 7 días

📦 Características:
• Dura 7 días
• Incluye adhesivo LED

✨ Estado: Nuevo
🚚 Disponible para entrega o recogida

🛒 VivaBien — Tu tienda de confianza en República Dominicana",VivaBien,Belleza y Cuidado Personal,美容个护,TRUE,VB42EECFEC,105.00,10,VB42EECFEC.jpg,美甲延长胶,,美容个护,Belleza y Cuidado Personal,"Shopify,Facebook Marketplace",价格由 AI 从图片识别：RD$ 105，请在审核台确认
cinta-atrapamoscas-pega-moscas-4-unidades-sin-olor,Cinta atrapamoscas / pega moscas 4 unidades sin olor,"Cinta atrapamoscas / pega moscas 4 unidades sin olor

📦 Características:
• 4 unidades
• No tóxico
• Sin olor

✨ Estado: Nuevo
🚚 Disponible para entrega o recogida

🛒 VivaBien — Tu tienda de confianza en República Dominicana",VivaBien,Herramientas y Ferretería,工具五金,TRUE,VB43683CDE,45.00,10,VB43683CDE.jpg,捕蝇胶带,,工具五金,Herramientas y Ferretería,"Shopify,Facebook Marketplace",价格由 AI 从图片识别：RD$ 45，请在审核台确认
desag-e-de-piso-trampa-negra-anti-retorno-de-agua,Desagüe de piso / trampa negra anti-retorno de agua,"Desagüe de piso / trampa negra anti-retorno de agua

📦 Características:
• diseño a prueba de agua
• Negro
• compatible con drenaje de piso

✨ Estado: Nuevo
🚚 Disponible para entrega o recogida

🛒 VivaBien — Tu tienda de confianza en República Dominicana",VivaBien,Baño y Sanitarios,浴室卫浴,TRUE,VB43F36D13,110.00,10,VB43F36D13.jpg,地漏排水器,,浴室卫浴,Baño y Sanitarios,"Shopify,Facebook Marketplace",价格由 AI 从图片识别：RD$ 110，请在审核台确认
lima-para-pies-piedra-p-mez-con-mango-pl-stico-blanco,Lima para pies / piedra pómez con mango plástico blanco,"Lima para pies / piedra pómez con mango plástico blanco

📦 Características:
• Acabado mate negro
• Mango de plástico blanco

✨ Estado: Nuevo
🚚 Disponible para entrega o recogida

🛒 VivaBien — Tu tienda de confianza en República Dominicana",VivaBien,Belleza y Cuidado Personal,美容个护,TRUE,VB4428EB0F,100.00,10,VB4428EB0F.jpg,脚部磨砂板,,美容个护,Belleza y Cuidado Personal,"Shopify,Facebook Marketplace",价格由 AI 从图片识别：RD$ 100，请在审核台确认
estufa-el-ctrica-port-til-hornilla-el-ctrica-doble-2000w,Estufa eléctrica portátil / hornilla eléctrica doble 2000W,"Estufa eléctrica portátil / hornilla eléctrica doble 2000W

📦 Características:
• 2000W
• Doble quemador
• Protección contra sobrecalentamiento
• Revestimiento antiadherente
• 5 niveles de control de temperatura

✨ Estado: Nuevo
🚚 Disponible para entrega o recogida

🛒 VivaBien — Tu tienda de confianza en República Dominicana",VivaBien,Cocina y Hogar,厨房家居,TRUE,VB449AC0FA,1060.00,10,VB449AC0FA.jpg,便携电炉,,厨房家居,Cocina y Hogar,"Shopify,Facebook Marketplace",价格由 AI 从图片识别：RD$ 305，请在审核台确认
extensi-n-el-ctrica-alargador-20-pies-enchufe-plano-18awg,Extensión eléctrica / alargador 20 pies enchufe plano 18AWG,"Extensión eléctrica / alargador 20 pies enchufe plano 18AWG

📦 Características:
• Longitud de 20 pies
• Diseño de enchufe plano
• 18AWG calibre de cable

✨ Estado: Nuevo
🚚 Disponible para entrega o recogida

🛒 VivaBien — Tu tienda de confianza en República Dominicana",VivaBien,Herramientas y Ferretería,工具五金,TRUE,VB46245251,130.00,10,VB46245251.jpg,电源延长线,,工具五金,Herramientas y Ferretería,"Shopify,Facebook Marketplace",价格由 AI 从图片识别：RD$ 130，请在审核台确认
protector-solar-bloqueador-spf-90-resistente-al-agua,Protector solar / bloqueador SPF 90+ resistente al agua,"Protector solar / bloqueador SPF 90+ resistente al agua

📦 Características:
• SPF 90+
• PA+++
• Protección de alto brillo
• apto para piel sensible
• Impermeable 80 minutos

✨ Estado: Nuevo
🚚 Disponible para entrega o recogida

🛒 VivaBien — Tu tienda de confianza en República Dominicana",VivaBien,Belleza y Cuidado Personal,美容个护,TRUE,VB465A0118,100.00,10,VB465A0118.jpg,防晒霜,,美容个护,Belleza y Cuidado Personal,"Shopify,Facebook Marketplace",价格由 AI 从图片识别：RD$ 100，请在审核台确认
rodillo-brocha-de-pintar-con-mango-azul-y-rodillo-blanco,Rodillo / brocha de pintar con mango azul y rodillo blanco,"Rodillo / brocha de pintar con mango azul y rodillo blanco

📦 Características:
• Mango azul
• Rodillo blanco
• Para pintar

✨ Estado: Nuevo
🚚 Disponible para entrega o recogida

🛒 VivaBien — Tu tienda de confianza en República Dominicana",VivaBien,Herramientas y Ferretería,工具五金,TRUE,VB46625C6D,120.00,10,VB46625C6D.jpg,滚筒刷,,工具五金,Herramientas y Ferretería,"Shopify,Facebook Marketplace",价格由 AI 从图片识别：RD$ 120，请在审核台确认
polvo-antimicrobiano-antibacterial-113-4g-triple-acci-n,Polvo antimicrobiano / antibacterial 113.4g triple acción,"Polvo antimicrobiano / antibacterial 113.4g triple acción

📦 Características:
• 113.4g
• Antibacterial
• triple efecto
• Uso diario
• Con aceite natural

✨ Estado: Nuevo
🚚 Disponible para entrega o recogida

🛒 VivaBien — Tu tienda de confianza en República Dominicana",VivaBien,Belleza y Cuidado Personal,美容个护,TRUE,VB46666901,185.00,10,VB46666901.jpg,抗菌药粉,,美容个护,Belleza y Cuidado Personal,"Shopify,Facebook Marketplace",价格由 AI 从图片识别：RD$ 185，请在审核台确认
juguete-transparente-azul-8-11-pulgadas,Juguete transparente azul 8.11 pulgadas,"Juguete transparente azul 8.11 pulgadas

📦 Características:
• 8.11 pulgadas
• Material azul transparente

✨ Estado: Nuevo
🚚 Disponible para entrega o recogida

🛒 VivaBien — Tu tienda de confianza en República Dominicana",VivaBien,Artículos para Adultos,情趣用品,TRUE,VB46948F1A,495.00,10,VB46948F1A.jpg,透明仿真玩具,,情趣用品,Artículos para Adultos,"Shopify,Facebook Marketplace",价格由 AI 从图片识别：RD$ 495，请在审核台确认
soporte-para-celular-m-vil-360-giratorio-ajustable,Soporte para celular / móvil 360° giratorio ajustable,"Soporte para celular / móvil 360° giratorio ajustable

📦 Características:
• Rotación de 360°
• aplicación en múltiples escenarios
• Ajustable horizontal y verticalmente

✨ Estado: Nuevo
🚚 Disponible para entrega o recogida

🛒 VivaBien — Tu tienda de confianza en República Dominicana",VivaBien,Electrónicos y Tecnología,电子数码,TRUE,VB46CA0FDF,220.00,10,VB46CA0FDF.jpg,手机支架,,电子数码,Electrónicos y Tecnología,"Shopify,Facebook Marketplace",价格由 AI 从图片识别：RD$ 220，请在审核台确认
talco-para-beb-polvo-corporal-cl-sico-100g,Talco para bebé / polvo corporal clásico 100g,"Talco para bebé / polvo corporal clásico 100g

📦 Características:
• 100g

✨ Estado: Nuevo
🚚 Disponible para entrega o recogida

🛒 VivaBien — Tu tienda de confianza en República Dominicana",VivaBien,Belleza y Cuidado Personal,美容个护,TRUE,VB4734358D,270.00,10,VB4734358D.jpg,经典爽身粉,,美容个护,Belleza y Cuidado Personal,"Shopify,Facebook Marketplace",价格由 AI 从图片识别：RD$ 270，请在审核台确认
set-de-perfume-y-crema-de-manos-con-empaque-animal-print,Set de perfume y crema de manos con empaque animal print,"Set de perfume y crema de manos con empaque animal print

📦 Características:
• Perfume
• Crema para manos
• Empaque con diseño de animales

✨ Estado: Nuevo
🚚 Disponible para entrega o recogida

🛒 VivaBien — Tu tienda de confianza en República Dominicana",VivaBien,Belleza y Cuidado Personal,美容个护,TRUE,VB4785E10F,495.00,10,VB4785E10F.jpg,香氛礼盒,,美容个护,Belleza y Cuidado Personal,"Shopify,Facebook Marketplace",
caja-de-conexiones-el-ctrica-negra-de-pl-stico-con-dise-o-mu,Caja de conexiones eléctrica negra de plástico con diseño multipuerto,"Caja de conexiones eléctrica negra de plástico con diseño multipuerto

📦 Características:
• Negro
• material plástico
• diseño con múltiples agujeros

✨ Estado: Nuevo
🚚 Disponible para entrega o recogida

🛒 VivaBien — Tu tienda de confianza en República Dominicana",VivaBien,Herramientas y Ferretería,工具五金,TRUE,VB479CBB73,30.00,10,VB479CBB73.jpg,电线接线盒,,工具五金,Herramientas y Ferretería,"Shopify,Facebook Marketplace",价格由 AI 从图片识别：RD$ 30，请在审核台确认
mini-abanico-usb-ventilador-port-til-de-cuello-y-escritorio,Mini abanico USB / ventilador portátil de cuello y escritorio,"Mini abanico USB / ventilador portátil de cuello y escritorio

📦 Características:
• Doble cabezal
• carga USB
• Portátil
• Para escritorio y cuello

✨ Estado: Nuevo
🚚 Disponible para entrega o recogida

🛒 VivaBien — Tu tienda de confianza en República Dominicana",VivaBien,Electrónicos y Tecnología,电子数码,TRUE,VB48C4762D,350.00,10,VB48C4762D.jpg,颈挂USB风扇,,电子数码,Electrónicos y Tecnología,"Shopify,Facebook Marketplace",价格由 AI 从图片识别：RD$ 350，请在审核台确认
adorno-cer-mico-dorado-figura-de-oso-1-unidad,Adorno cerámico dorado / figura de oso 1 unidad,"Adorno cerámico dorado / figura de oso 1 unidad

📦 Características:
• color dorado
• Material cerámico
• Individual

✨ Estado: Nuevo
🚚 Disponible para entrega o recogida

🛒 VivaBien — Tu tienda de confianza en República Dominicana",VivaBien,Decoración del Hogar,家居装饰,TRUE,VB49238944,335.00,10,VB49238944.jpg,金色熊摆件,,家居装饰,Decoración del Hogar,"Shopify,Facebook Marketplace",价格由 AI 从图片识别：RD$ 335，请在审核台确认
mouse-inal-mbrico-rat-n-recargable-2-4ghz-bluetooth-rgb,Mouse inalámbrico / ratón recargable 2.4GHz Bluetooth RGB,"Mouse inalámbrico / ratón recargable 2.4GHz Bluetooth RGB

📦 Características:
• 2.4GHz
• Bluetooth 5.0
• 1600dpi
• iluminación RGB
• Recargable

✨ Estado: Nuevo
🚚 Disponible para entrega o recogida

🛒 VivaBien — Tu tienda de confianza en República Dominicana",VivaBien,Electrónicos y Tecnología,电子数码,TRUE,VB496F48DE,290.00,10,VB496F48DE.jpg,无线鼠标,,电子数码,Electrónicos y Tecnología,"Shopify,Facebook Marketplace",价格由 AI 从图片识别：RD$ 290，请在审核台确认
reloj-de-pared-reloj-colgante-gris-redondo-de-vidrio,Reloj de pared / reloj colgante gris redondo de vidrio,"Reloj de pared / reloj colgante gris redondo de vidrio

📦 Características:
• 1 unidad
• gris
• redondo
• material de vidrio

✨ Estado: Nuevo
🚚 Disponible para entrega o recogida

🛒 VivaBien — Tu tienda de confianza en República Dominicana",VivaBien,Decoración del Hogar,家居装饰,TRUE,VB4975012A,290.00,10,VB4975012A.jpg,简约挂钟,,家居装饰,Decoración del Hogar,"Shopify,Facebook Marketplace",
paleta-para-u-as-mezcla-de-esmalte-u-as,Paleta para uñas / mezcla de esmalte uñas,"Paleta de colores / mezcladora plástico 6 huecos rosada

📦 Características:
• 6 agujeros
• Rosado
• plástico

✨ Estado: Nuevo
🚚 Disponible para entrega o recogida

🛒 VivaBien — Tu tienda de confianza en República Dominicana",VivaBien,Belleza y Cuidado Personal,美容个护,TRUE,VB49B384FE,80.00,10,VB49B384FE.jpg,美甲调色盘,,美容个护,Belleza y Cuidado Personal,"Shopify,Facebook Marketplace",价格由 AI 从图片识别：RD$ 80，请在审核台确认
candado-traba-cerradura-50mm-anti-xido-y-anticorte,Candado / traba / cerradura 50mm antióxido y anticorte,"Candado / traba / cerradura 50mm antióxido y anticorte

📦 Características:
• 50mm
• Antióxido
• antidesgaste
• Para uso pesado

✨ Estado: Nuevo
🚚 Disponible para entrega o recogida

🛒 VivaBien — Tu tienda de confianza en República Dominicana",VivaBien,Herramientas y Ferretería,工具五金,TRUE,VB4A040DF4,170.00,10,VB4A040DF4.jpg,安全挂锁,,工具五金,Herramientas y Ferretería,"Shopify,Facebook Marketplace",价格由 AI 从图片识别：RD$ 170，请在审核台确认
set-de-brochas-de-maquillaje-port-til-y-de-calidad,Set de brochas de maquillaje portátil y de calidad,"Set de brochas de maquillaje portátil y de calidad

📦 Características:
• Portátil
• Alta calidad
• Brochas modernas

✨ Estado: Nuevo
🚚 Disponible para entrega o recogida

🛒 VivaBien — Tu tienda de confianza en República Dominicana",VivaBien,Belleza y Cuidado Personal,美容个护,TRUE,VB4A98C866,75.00,10,VB4A98C866.jpg,化妆刷套装,,美容个护,Belleza y Cuidado Personal,"Shopify,Facebook Marketplace","品名由豆包识图生成 conf=0.80，卖点:['便携', '优质', '时尚刷具']"
condones-preservativos-sabor-lim-n-3-unidades,Condones / preservativos sabor limón 3 unidades,"Condones / preservativos sabor limón 3 unidades

📦 Características:
• 3 unidades
• Caucho natural
• Sabor a limón

✨ Estado: Nuevo
🚚 Disponible para entrega o recogida

🛒 VivaBien — Tu tienda de confianza en República Dominicana",VivaBien,Artículos para Adultos,情趣用品,TRUE,VB4ABC6A54,50.00,10,VB4ABC6A54.jpg,柠檬味安全套,,情趣用品,Artículos para Adultos,"Shopify,Facebook Marketplace",价格由 AI 从图片识别：RD$ 50，请在审核台确认
delineador,Delineador,"💗 Botella rosa oro forma corazón, pico fino pa' tu beauty 💅✨

📦 Características:
• oro rosado
• Botella en forma de corazón
• Diseño de punta fina

✨ Estado: Nuevo
🚚 Disponible para entrega o recogida

🛒 VivaBien — Tu tienda de confianza en República Dominicana",VivaBien,Belleza y Cuidado Personal,美容个护,TRUE,VB4AE76827,65.00,10,VB4AE76827.jpg,心形金属美护瓶,,美容个护,Belleza y Cuidado Personal,"Shopify,Facebook Marketplace","品名由豆包识图生成 conf=0.80，卖点:['玫瑰金', '心形瓶身', '尖嘴设计']"
removedor-de-pega-pegamento-para-pelucas-30ml-sin-t-xicos,Removedor de pega / pegamento para pelucas 30ml sin tóxicos,"Removedor de pega / pegamento para pelucas 30ml sin tóxicos

📦 Características:
• 30ml
• No tóxico
• Eliminación de pegamento seco

✨ Estado: Nuevo
🚚 Disponible para entrega o recogida

🛒 VivaBien — Tu tienda de confianza en República Dominicana",VivaBien,Belleza y Cuidado Personal,美容个护,TRUE,VB4BB7F7F0,110.00,10,VB4BB7F7F0.jpg,假发胶清除液,,美容个护,Belleza y Cuidado Personal,"Shopify,Facebook Marketplace",价格由 AI 从图片识别：RD$ 110，请在审核台确认
anillo-decorativo-aldaba-de-metal-plateado,Anillo decorativo / aldaba de metal plateado,"Anillo decorativo / aldaba de metal plateado

📦 Características:
• color plateado
• material metálico
• uso decorativo

✨ Estado: Nuevo
🚚 Disponible para entrega o recogida

🛒 VivaBien — Tu tienda de confianza en República Dominicana",VivaBien,Herramientas y Ferretería,工具五金,TRUE,VB4C3395D3,95.00,10,VB4C3395D3.jpg,金属门环,,工具五金,Herramientas y Ferretería,"Shopify,Facebook Marketplace",价格由 AI 从图片识别：RD$ 95，请在审核台确认
guantes-de-trabajo-antideslizantes-naranja-negro,Guantes de trabajo antideslizantes naranja / negro,"Guantes de trabajo antideslizantes naranja / negro

📦 Características:
• Color naranja
• Punta negra
• Revestimiento antideslizante

✨ Estado: Nuevo
🚚 Disponible para entrega o recogida

🛒 VivaBien — Tu tienda de confianza en República Dominicana",VivaBien,Herramientas y Ferretería,工具五金,TRUE,VB4C6CA065,60.00,10,VB4C6CA065.jpg,防滑工作手套,,工具五金,Herramientas y Ferretería,"Shopify,Facebook Marketplace",价格由 AI 从图片识别：RD$ 60，请在审核台确认
elefante-decorativo-plateado-cer-mica,Elefante decorativo plateado / cerámica,"Elefante decorativo plateado / cerámica

📦 Características:
• color plateado
• Material cerámico

✨ Estado: Nuevo
🚚 Disponible para entrega o recogida

🛒 VivaBien — Tu tienda de confianza en República Dominicana",VivaBien,Decoración del Hogar,家居装饰,TRUE,VB4C7EBB02,140.00,10,VB4C7EBB02.jpg,银色大象摆件,,家居装饰,Decoración del Hogar,"Shopify,Facebook Marketplace",价格由 AI 从图片识别：RD$ 140，请在审核台确认
spray-transparente-pintura-en-spray-400ml-secado-r-pido,Spray transparente / pintura en spray 400ml secado rápido,"Spray transparente / pintura en spray 400ml secado rápido

📦 Características:
• 400ml
• Transparente
• Secado rápido
• Resistente al clima
• Alta adhesión

✨ Estado: Nuevo
🚚 Disponible para entrega o recogida

🛒 VivaBien — Tu tienda de confianza en República Dominicana",VivaBien,Herramientas y Ferretería,工具五金,TRUE,VB4D200D84,110.00,10,VB4D200D84.jpg,喷漆罐,,工具五金,Herramientas y Ferretería,"Shopify,Facebook Marketplace",价格由 AI 从图片识别：RD$ 300，请在审核台确认
cargador-de-pared-blanco-con-doble-puerto-usb,Cargador de pared blanco con doble puerto USB,"Cargador de pared blanco con doble puerto USB

📦 Características:
• Doble puerto USB
• Blanco
• enchufe de pared

✨ Estado: Nuevo
🚚 Disponible para entrega o recogida

🛒 VivaBien — Tu tienda de confianza en República Dominicana",VivaBien,Electrónicos y Tecnología,电子数码,TRUE,VB4D2096BE,315.00,10,VB4D2096BE.jpg,插座充电器,,电子数码,Electrónicos y Tecnología,"Shopify,Facebook Marketplace",价格由 AI 从图片识别：RD$ 315，请在审核台确认
abanico-port-til-mini-ventilador-recargable-usb-3-velocidade,Abanico portátil / mini ventilador recargable USB 3 velocidades,"Abanico portátil / mini ventilador recargable USB 3 velocidades

📦 Características:
• 3 niveles de velocidad
• Batería integrada
• carga USB
• Bajo ruido

✨ Estado: Nuevo
🚚 Disponible para entrega o recogida

🛒 VivaBien — Tu tienda de confianza en República Dominicana",VivaBien,Electrónicos y Tecnología,电子数码,TRUE,VB4DA6DF20,165.00,10,VB4DA6DF20.jpg,迷你手持风扇,,电子数码,Electrónicos y Tecnología,"Shopify,Facebook Marketplace",价格由 AI 从图片识别：RD$ 165，请在审核台确认
u-as-postizas-u-as-acr-licas-12-piezas-nude-gel,Uñas postizas / uñas acrílicas 12 piezas nude gel,"Uñas postizas / uñas acrílicas 12 piezas nude gel

📦 Características:
• 12 hojas por paquete
• Material de gel
• Color nude natural

✨ Estado: Nuevo
🚚 Disponible para entrega o recogida

🛒 VivaBien — Tu tienda de confianza en República Dominicana",VivaBien,Belleza y Cuidado Personal,美容个护,TRUE,VB4DEB9DF8,85.00,10,VB4DEB9DF8.jpg,按压式美甲,,美容个护,Belleza y Cuidado Personal,"Shopify,Facebook Marketplace",价格由 AI 从图片识别：RD$ 85，请在审核台确认
bater-as-recargables-aaa-pila-ni-mh-2800mah-1-2v-2-unidades,Baterías recargables AAA / pila Ni-MH 2800mAh 1.2V 2 unidades,"Baterías recargables AAA / pila Ni-MH 2800mAh 1.2V 2 unidades

📦 Características:
• 2 secciones
• 2800mAh
• Ni-MH
• AAA1.2V

✨ Estado: Nuevo
🚚 Disponible para entrega o recogida

🛒 VivaBien — Tu tienda de confianza en República Dominicana",VivaBien,Electrónicos y Tecnología,电子数码,TRUE,VB4DF173C7,145.00,10,VB4DF173C7.jpg,充电电池,,电子数码,Electrónicos y Tecnología,"Shopify,Facebook Marketplace",价格由 AI 从图片识别：RD$ 145，请在审核台确认
col-geno-pa-cejas-fijas-10g,Colágeno pa’ cejas fijas 10g,"Colágeno pa’ cejas fijas 10g

📦 Características:
• Moldeado de cejas
• Contenido neto 10g

✨ Estado: Nuevo
🚚 Disponible para entrega o recogida

🛒 VivaBien — Tu tienda de confianza en República Dominicana",VivaBien,Belleza y Cuidado Personal,美容个护,TRUE,VB4E1BDE39,70.00,10,VB4E1BDE39.jpg,胶原眉定型皂,,美容个护,Belleza y Cuidado Personal,"Shopify,Facebook Marketplace","品名由豆包识图生成 conf=0.90，卖点:['眉毛定型', '净含量10g']"
toallitas-h-medas-faciales-25-unidades-camelia-rosa,Toallitas húmedas faciales 25 unidades / Camelia / Rosa,"Toallitas húmedas faciales 25 unidades / Camelia / Rosa

📦 Características:
• Paquete de 25 piezas
• Empaque rosado
• Con camelia

✨ Estado: Nuevo
🚚 Disponible para entrega o recogida

🛒 VivaBien — Tu tienda de confianza en República Dominicana",VivaBien,Belleza y Cuidado Personal,美容个护,TRUE,VB4E4D1673,50.00,10,VB4E4D1673.jpg,面部清洁湿巾,,美容个护,Belleza y Cuidado Personal,"Shopify,Facebook Marketplace",价格由 AI 从图片识别：RD$ 50，请在审核台确认
gancho-perchero-de-madera-con-decoraci-n-1-unidad,Gancho / perchero de madera con decoración 1 unidad,"Gancho / perchero de madera con decoración 1 unidad

📦 Características:
• 1 unidad
• De madera
• Con decoración

✨ Estado: Nuevo
🚚 Disponible para entrega o recogida

🛒 VivaBien — Tu tienda de confianza en República Dominicana",VivaBien,Decoración del Hogar,家居装饰,TRUE,VB4E62C0DD,95.00,10,VB4E62C0DD.jpg,木质挂钩,,家居装饰,Decoración del Hogar,"Shopify,Facebook Marketplace",价格由 AI 从图片识别：RD$ 95，请在审核台确认
espejo-de-maquillaje-tocador-doble-cara-con-soporte,Espejo de maquillaje / tocador doble cara con soporte.,"Espejo de maquillaje / tocador doble cara con soporte.

📦 Características:
• Diseño doble cara
• material metálico
• Soporte de escritorio

✨ Estado: Nuevo
🚚 Disponible para entrega o recogida

🛒 VivaBien — Tu tienda de confianza en República Dominicana",VivaBien,Baño y Sanitarios,浴室卫浴,TRUE,VB4E6F80D5,675.00,10,VB4E6F80D5.jpg,化妆镜,,浴室卫浴,Baño y Sanitarios,"Shopify,Facebook Marketplace",价格由 AI 从图片识别：RD$ 675，请在审核台确认
raqueta-el-ctrica-mata-mosquitos-1-unidad-usb-led-blanca,Raqueta eléctrica mata mosquitos 1 unidad USB LED blanca,"Raqueta eléctrica mata mosquitos 1 unidad USB LED blanca

📦 Características:
• 1 unidad
• Blanco
• carga USB
• Con luz LED

✨ Estado: Nuevo
🚚 Disponible para entrega o recogida

🛒 VivaBien — Tu tienda de confianza en República Dominicana",VivaBien,Herramientas y Ferretería,工具五金,TRUE,VB4E75FBCE,325.00,10,VB4E75FBCE.jpg,电蚊拍,,工具五金,Herramientas y Ferretería,"Shopify,Facebook Marketplace",价格由 AI 从图片识别：RD$ 175，请在审核台确认
licuadora-el-ctrica-batidora-250w-2-0l-con-accesorios,Licuadora eléctrica / batidora 250W 2.0L con accesorios,"Licuadora eléctrica / batidora 250W 2.0L con accesorios

📦 Características:
• 250W
• 2.0L
• un set

✨ Estado: Nuevo
🚚 Disponible para entrega o recogida

🛒 VivaBien — Tu tienda de confianza en República Dominicana",VivaBien,Cocina y Hogar,厨房家居,TRUE,VB4E8A03AE,1565.00,10,VB4E8A03AE.jpg,电动搅拌机,,厨房家居,Cocina y Hogar,"Shopify,Facebook Marketplace",价格由 AI 从图片识别：RD$ 1565，请在审核台确认
protector-de-voltaje-90-140v-con-3-enchufes-y-sistema-anti-f,Protector de voltaje 90-140V con 3 enchufes y sistema anti fugas,"Protector de voltaje 90-140V con 3 enchufes y sistema anti fugas

📦 Características:
• 90-140 VAC
• tres puertos
• Protección contra descargas eléctricas

✨ Estado: Nuevo
🚚 Disponible para entrega o recogida

🛒 VivaBien — Tu tienda de confianza en República Dominicana",VivaBien,Electrónicos y Tecnología,电子数码,TRUE,VB4E919C0C,530.00,10,VB4E919C0C.jpg,电压保护器,,电子数码,Electrónicos y Tecnología,"Shopify,Facebook Marketplace",价格由 AI 从图片识别：RD$ 530，请在审核台确认
herramienta-para-u-as-empujador-removedor-doble-cabezal,Herramienta para uñas / empujador / removedor doble cabezal,"Herramienta para uñas / empujador / removedor doble cabezal

📦 Características:
• color dorado
• Diseño de doble cabezal
• material metálico

✨ Estado: Nuevo
🚚 Disponible para entrega o recogida

🛒 VivaBien — Tu tienda de confianza en República Dominicana",VivaBien,Belleza y Cuidado Personal,美容个护,TRUE,VB4E9908CB,95.00,10,VB4E9908CB.jpg,指甲工具,,美容个护,Belleza y Cuidado Personal,"Shopify,Facebook Marketplace",价格由 AI 从图片识别：RD$ 95，请在审核台确认
switch-el-ctrico-bot-n-con-cable-color-crema-ideal-para-tu-h,"Switch eléctrico botón con cable, color crema ideal para tu hogar","Switch eléctrico botón con cable, color crema ideal para tu hogar

📦 Características:
• Color crema
• Con cable eléctrico
• Tipo botón

✨ Estado: Nuevo
🚚 Disponible para entrega o recogida

🛒 VivaBien — Tu tienda de confianza en República Dominicana",VivaBien,Herramientas y Ferretería,工具五金,TRUE,VB4E994C23,30.00,10,VB4E994C23.jpg,电源开关,,工具五金,Herramientas y Ferretería,"Shopify,Facebook Marketplace",价格由 AI 从图片识别：RD$ 30，请在审核台确认
limpiador-multiusos-32oz-repelente-de-insectos-voladores-y-r,Limpiador multiusos 32oz / repelente de insectos voladores y rastreros,"Limpiador multiusos 32oz / repelente de insectos voladores y rastreros

📦 Características:
• 32oz
• multiuso
• Repele insectos rastreros y voladores

✨ Estado: Nuevo
🚚 Disponible para entrega o recogida

🛒 VivaBien — Tu tienda de confianza en República Dominicana",VivaBien,Otros,其他,TRUE,VB4F6ED7FB,200.00,10,VB4F6ED7FB.jpg,驱虫清洁剂,,其他,Otros,"Shopify,Facebook Marketplace",价格由 AI 从图片识别：RD$ 200，请在审核台确认
gel-de-s-bila-aloe-vera-99-natural-para-piel-y-cabello,Gel de sábila / aloe vera 99% natural para piel y cabello,"Gel de sábila / aloe vera 99% natural para piel y cabello

📦 Características:
• 99% aloe vera

✨ Estado: Nuevo
🚚 Disponible para entrega o recogida

🛒 VivaBien — Tu tienda de confianza en República Dominicana",VivaBien,Belleza y Cuidado Personal,美容个护,TRUE,VB4F7A0888,90.00,10,VB4F7A0888.jpg,芦荟凝胶,,美容个护,Belleza y Cuidado Personal,"Shopify,Facebook Marketplace",价格由 AI 从图片识别：RD$ 90，请在审核台确认
set-de-5-ganchos-colgadores-met-licos-azul-con-rosca,Set de 5 ganchos / colgadores metálicos azul con rosca,"Set de 5 ganchos / colgadores metálicos azul con rosca

📦 Características:
• Azul
• material metálico
• diseño de hilo
• 5 unidades

✨ Estado: Nuevo
🚚 Disponible para entrega o recogida

🛒 VivaBien — Tu tienda de confianza en República Dominicana",VivaBien,Herramientas y Ferretería,工具五金,TRUE,VB4FCF3901,95.00,10,VB4FCF3901.jpg,螺纹挂钩,,工具五金,Herramientas y Ferretería,"Shopify,Facebook Marketplace",价格由 AI 从图片识别：RD$ 95，请在审核台确认
brocha-pincel-para-pintar-2-5-63-5mm-mango-blanco,"Brocha / pincel para pintar 2.5"" / 63.5mm mango blanco","Brocha / pincel para pintar 2.5"" / 63.5mm mango blanco

📦 Características:
• 2.5 pulgadas
• 63.5 mm
• Mango blanco

✨ Estado: Nuevo
🚚 Disponible para entrega o recogida

🛒 VivaBien — Tu tienda de confianza en República Dominicana",VivaBien,Herramientas y Ferretería,工具五金,TRUE,VB4FE5E8C5,75.00,10,VB4FE5E8C5.jpg,油漆刷,,工具五金,Herramientas y Ferretería,"Shopify,Facebook Marketplace",价格由 AI 从图片识别：RD$ 175，请在审核台确认
bloqueador-solar-en-spray-spf90-para-deportes-protector-sola,Bloqueador solar en spray SPF90 para deportes / protector solar,"Bloqueador solar en spray SPF90 para deportes / protector solar

📦 Características:
• SPF90
• tipo spray
• apto para deportes
• Nueva fórmula

✨ Estado: Nuevo
🚚 Disponible para entrega o recogida

🛒 VivaBien — Tu tienda de confianza en República Dominicana",VivaBien,Belleza y Cuidado Personal,美容个护,TRUE,VB50160866,145.00,10,VB50160866.jpg,运动防晒喷雾,,美容个护,Belleza y Cuidado Personal,"Shopify,Facebook Marketplace",价格由 AI 从图片识别：RD$ 145，请在审核台确认
adaptador-de-corriente-usb-cargador-power-3-0-1-unidad,Adaptador de corriente USB / cargador Power 3.0 1 unidad,"Adaptador de corriente USB / cargador Power 3.0 1 unidad

📦 Características:
• 1 unidad
• Compatible con Power 3.0

✨ Estado: Nuevo
🚚 Disponible para entrega o recogida

🛒 VivaBien — Tu tienda de confianza en República Dominicana",VivaBien,Electrónicos y Tecnología,电子数码,TRUE,VB50BE8EC8,190.00,10,VB50BE8EC8.jpg,USB电源适配器,,电子数码,Electrónicos y Tecnología,"Shopify,Facebook Marketplace",价格由 AI 从图片识别：RD$ 190，请在审核台确认
adorno-de-pera-dorada-decoraci-n-cer-mica,Adorno de pera dorada / decoración cerámica,"Adorno de pera dorada / decoración cerámica

📦 Características:
• color dorado
• Material cerámico

✨ Estado: Nuevo
🚚 Disponible para entrega o recogida

🛒 VivaBien — Tu tienda de confianza en República Dominicana",VivaBien,Decoración del Hogar,家居装饰,TRUE,VB50C7B734,110.00,10,VB50C7B734.jpg,金色梨摆件,,家居装饰,Decoración del Hogar,"Shopify,Facebook Marketplace",价格由 AI 从图片识别：RD$ 110，请在审核台确认
lampara-uv-led-para-u-as-acr-licas-y-gel,Lampara UV/LED para uñas acrílicas y gel,"Masajeador de ojos / antifaz relajante rosado

📦 Características:
• Rosado
• Alivia sensación de ardor
• Contacto cómodo con los ojos

✨ Estado: Nuevo
🚚 Disponible para entrega o recogida

🛒 VivaBien — Tu tienda de confianza en República Dominicana",VivaBien,Belleza y Cuidado Personal,美容个护,TRUE,VB50EB83CD,490.00,10,VB50EB83CD.jpg,美甲灯,,美容个护,Belleza y Cuidado Personal,"Shopify,Facebook Marketplace",价格由 AI 从图片识别：RD$ 490，请在审核台确认
herramienta-para-pies-raspador-lima-con-mango-azul,Herramienta para pies / raspador / lima con mango azul,"Herramienta para pies / raspador / lima con mango azul

📦 Características:
• Mango azul
• Superficie mate
• Para cuidado de los pies

✨ Estado: Nuevo
🚚 Disponible para entrega o recogida

🛒 VivaBien — Tu tienda de confianza en República Dominicana",VivaBien,Belleza y Cuidado Personal,美容个护,TRUE,VB50EE8558,60.00,10,VB50EE8558.jpg,脚部磨砂工具,,美容个护,Belleza y Cuidado Personal,"Shopify,Facebook Marketplace",价格由 AI 从图片识别：RD$ 60，请在审核台确认
switch-de-pared-doble-azul-dise-o-moderno-y-f-cil-de-instala,"Switch de pared doble azul, diseño moderno y fácil de instalar","Switch de pared doble azul, diseño moderno y fácil de instalar

📦 Características:
• Panel azul
• Diseño de doble apertura
• instalación en pared

✨ Estado: Nuevo
🚚 Disponible para entrega o recogida

🛒 VivaBien — Tu tienda de confianza en República Dominicana",VivaBien,Herramientas y Ferretería,工具五金,TRUE,VB50FF6B29,125.00,10,VB50FF6B29.jpg,双开墙壁开关,,工具五金,Herramientas y Ferretería,"Shopify,Facebook Marketplace",价格由 AI 从图片识别：RD$ 125，请在审核台确认
enchufe-doble-con-protecci-n-infantil-y-soporte-de-alta-pote,Enchufe doble con protección infantil y soporte de alta potencia,"Enchufe doble con protección infantil y soporte de alta potencia

📦 Características:
• Bloqueo infantil
• Soporte de alta potencia

✨ Estado: Nuevo
🚚 Disponible para entrega o recogida

🛒 VivaBien — Tu tienda de confianza en República Dominicana",VivaBien,Herramientas y Ferretería,工具五金,TRUE,VB5162410B,100.00,10,VB5162410B.jpg,双开墙插,,工具五金,Herramientas y Ferretería,"Shopify,Facebook Marketplace",价格由 AI 从图片识别：RD$ 100，请在审核台确认
set-de-cuidado-facial-5-piezas-hidratante-y-iluminador,Set de Cuidado Facial 5 Piezas / Hidratante y Iluminador,"Set de Cuidado Facial 5 Piezas / Hidratante y Iluminador

📦 Características:
• Fórmula a base de plantas
• Juego de 5 piezas
• Calmante e hidratante
• Aclara el tono de piel

✨ Estado: Nuevo
🚚 Disponible para entrega o recogida

🛒 VivaBien — Tu tienda de confianza en República Dominicana",VivaBien,Belleza y Cuidado Personal,美容个护,TRUE,VB520763B4,865.00,10,VB520763B4.jpg,玫瑰护肤套装,,美容个护,Belleza y Cuidado Personal,"Shopify,Facebook Marketplace",价格由 AI 从图片识别：RD$ 865，请在审核台确认
destornillador-desarmador-plano-mango-azul,Destornillador / desarmador plano mango azul,"Destornillador / desarmador plano mango azul

📦 Características:
• Mango azul
• Diseño de cabeza plana

✨ Estado: Nuevo
🚚 Disponible para entrega o recogida

🛒 VivaBien — Tu tienda de confianza en República Dominicana",VivaBien,Herramientas y Ferretería,工具五金,TRUE,VB52535BDE,50.00,10,VB52535BDE.jpg,螺丝刀,,工具五金,Herramientas y Ferretería,"Shopify,Facebook Marketplace",价格由 AI 从图片识别：RD$ 50，请在审核台确认
aud-fonos-inal-mbricos-bluetooth-hd-micr-fono-bater-a-durade,Audífonos inalámbricos / Bluetooth HD micrófono batería duradera,"Audífonos inalámbricos / Bluetooth HD micrófono batería duradera

📦 Características:
• Estéreo
• Micrófono HD
• llamada por voz
• Batería de alta capacidad

✨ Estado: Nuevo
🚚 Disponible para entrega o recogida

🛒 VivaBien — Tu tienda de confianza en República Dominicana",VivaBien,Electrónicos y Tecnología,电子数码,TRUE,VB52795E24,775.00,10,VB52795E24.jpg,无线耳机,,电子数码,Electrónicos y Tecnología,"Shopify,Facebook Marketplace",价格由 AI 从图片识别：RD$ 75，请在审核台确认 | 价格经二次OCR修正：75 → RD$ 175
adorno-dorado-met-lico-figura-decorativa-unidad,Adorno dorado metálico / figura decorativa unidad,"Adorno dorado metálico / figura decorativa unidad

📦 Características:
• color dorado
• Material metálico
• Individual

✨ Estado: Nuevo
🚚 Disponible para entrega o recogida

🛒 VivaBien — Tu tienda de confianza en República Dominicana",VivaBien,Decoración del Hogar,家居装饰,TRUE,VB5295EEFD,320.00,10,VB5295EEFD.jpg,金色摆件,,家居装饰,Decoración del Hogar,"Shopify,Facebook Marketplace",价格由 AI 从图片识别：RD$ 320，请在审核台确认
perfume-en-spray-80ml-con-tapa-dise-o-diamante-elegante-y-du,Perfume en spray 80ml con tapa diseño diamante elegante y duradero,"Perfume en spray 80ml con tapa diseño diamante elegante y duradero

📦 Características:
• 80ml
• Spray de perfume
• tapa de botella con textura de diamante

✨ Estado: Nuevo
🚚 Disponible para entrega o recogida

🛒 VivaBien — Tu tienda de confianza en República Dominicana",VivaBien,Belleza y Cuidado Personal,美容个护,TRUE,VB52B0AD00,140.00,10,VB52B0AD00.jpg,香水喷雾,,美容个护,Belleza y Cuidado Personal,"Shopify,Facebook Marketplace",
talco-medicinal-polvo-refrescante-200g-absorbente,Talco medicinal / polvo refrescante 200g absorbente,"Talco medicinal / polvo refrescante 200g absorbente

📦 Características:
• 200g
• absorción
• Resistente a la corrosión
• frescura

✨ Estado: Nuevo
🚚 Disponible para entrega o recogida

🛒 VivaBien — Tu tienda de confianza en República Dominicana",VivaBien,Belleza y Cuidado Personal,美容个护,TRUE,VB52DB6C97,200.00,10,VB52DB6C97.jpg,药用爽身粉,,美容个护,Belleza y Cuidado Personal,"Shopify,Facebook Marketplace",价格由 AI 从图片识别：RD$ 200，请在审核台确认
limpiaparabrisas-gomita-16-pulgadas-400mm-suave,Limpiaparabrisas / gomita 16 pulgadas / 400mm suave,"Limpiaparabrisas / gomita 16 pulgadas / 400mm suave

📦 Características:
• 16 pulgadas
• 400mm
• limpiaparabrisas suave

✨ Estado: Nuevo
🚚 Disponible para entrega o recogida

🛒 VivaBien — Tu tienda de confianza en República Dominicana",VivaBien,Herramientas y Ferretería,工具五金,TRUE,VB5317457C,110.00,10,VB5317457C.jpg,雨刷,,工具五金,Herramientas y Ferretería,"Shopify,Facebook Marketplace",⚠ 价格 1.1 尾数异常（多米尼加价格结尾应为0或5），请人工核对 | 价格由 AI 从图片识别：RD$ 1，请在审核台确认
tornillos-autorroscantes-pijas-galvanizadas-anticorrosi-n,Tornillos autorroscantes / pijas galvanizadas anticorrosión,"Tornillos autorroscantes / pijas galvanizadas anticorrosión

📦 Características:
• Resistente a la corrosión
• superficie galvanizada
• varias especificaciones

✨ Estado: Nuevo
🚚 Disponible para entrega o recogida

🛒 VivaBien — Tu tienda de confianza en República Dominicana",VivaBien,Herramientas y Ferretería,工具五金,TRUE,VB532C1A0D,490.00,10,VB532C1A0D.jpg,自攻螺丝,,工具五金,Herramientas y Ferretería,"Shopify,Facebook Marketplace",价格由 AI 从图片识别：RD$ 490，请在审核台确认
protector-solar-spf-50-de-50ml-para-ni-os-y-adultos-f-rmula-,"Protector solar SPF 50+ de 50ml para niños y adultos, fórmula biodegradable","Bloqueador solar / protector solar SPF 50+ 50ml niños y adultos

📦 Características:
• SPF 50+
• PA+++
• 50ml
• fórmula ecológica
• apto para adultos y niños

✨ Estado: Nuevo
🚚 Disponible para entrega o recogida

🛒 VivaBien — Tu tienda de confianza en República Dominicana",VivaBien,Belleza y Cuidado Personal,美容个护,TRUE,VB53310E5B,55.00,10,VB53310E5B.jpg,防晒霜,,美容个护,Belleza y Cuidado Personal,"Shopify,Facebook Marketplace",价格由 AI 从图片识别：RD$ 55，请在审核台确认
candado-tranca-rectangular-60mm-con-llave-para-uso-pesado,Candado / tranca rectangular 60MM con llave para uso pesado,"Candado / tranca rectangular 60MM con llave para uso pesado

📦 Características:
• 60MM
• Para uso pesado
• Incluye llave

✨ Estado: Nuevo
🚚 Disponible para entrega o recogida

🛒 VivaBien — Tu tienda de confianza en República Dominicana",VivaBien,Herramientas y Ferretería,工具五金,TRUE,VB53F343EE,180.00,10,VB53F343EE.jpg,长方形挂锁,,工具五金,Herramientas y Ferretería,"Shopify,Facebook Marketplace",价格由 AI 从图片识别：RD$ 180，请在审核台确认
pack-de-3-libros-decorativos-de-estilo-parisino,Pack de 3 Libros Decorativos de Estilo Parisino,"Cuadro decorativo blanco y negro tamaño A4.

📦 Características:
• Blanco y negro
• Tamaño A4

✨ Estado: Nuevo
🚚 Disponible para entrega o recogida

🛒 VivaBien — Tu tienda de confianza en República Dominicana",VivaBien,Decoración del Hogar,家居装饰,TRUE,VB5410258A,130.00,10,VB5410258A.jpg,巴黎装饰画假书,,家居装饰,Decoración del Hogar,"Shopify,Facebook Marketplace",价格由 AI 从图片识别：RD$ 130，请在审核台确认
mult-metro-tester-de-aguja-modelo-yx-1000a,Multímetro / tester de aguja modelo YX-1000A,"Multímetro / tester de aguja modelo YX-1000A

📦 Características:
• Pantalla de aguja
• medición multifuncional
• modelo YX-1000A

✨ Estado: Nuevo
🚚 Disponible para entrega o recogida

🛒 VivaBien — Tu tienda de confianza en República Dominicana",VivaBien,Herramientas y Ferretería,工具五金,TRUE,VB542687B8,260.00,10,VB542687B8.jpg,指针式万用表,,工具五金,Herramientas y Ferretería,"Shopify,Facebook Marketplace",价格由 AI 从图片识别：RD$ 260，请在审核台确认
mult-metro-digital-amarillo-multifuncional-con-cables-de-pru,Multímetro digital amarillo multifuncional con cables de prueba inclui,"Multímetro digital amarillo multifuncional con cables de prueba inclui

📦 Características:
• Carcasa amarilla
• medición multifuncional
• Incluye cable de prueba

✨ Estado: Nuevo
🚚 Disponible para entrega o recogida

🛒 VivaBien — Tu tienda de confianza en República Dominicana",VivaBien,Herramientas y Ferretería,工具五金,TRUE,VB542AB0A8,3.40,10,VB542AB0A8.jpg,数字万用表,,工具五金,Herramientas y Ferretería,"Shopify,Facebook Marketplace",价格由 AI 从图片识别：RD$ 3，请在审核台确认
mouse-inal-mbrico-rat-n-bluetooth-rgb-recargable-1600dpi,Mouse inalámbrico / ratón Bluetooth RGB recargable 1600dpi,"Mouse inalámbrico / ratón Bluetooth RGB recargable 1600dpi

📦 Características:
• 2.4GHz
• Bluetooth 5.0
• 1600dpi
• Recargable
• efecto de luz RGB

✨ Estado: Nuevo
🚚 Disponible para entrega o recogida

🛒 VivaBien — Tu tienda de confianza en República Dominicana",VivaBien,Electrónicos y Tecnología,电子数码,TRUE,VB5508195E,290.00,10,VB5508195E.jpg,无线鼠标,,电子数码,Electrónicos y Tecnología,"Shopify,Facebook Marketplace",价格由 AI 从图片识别：RD$ 290，请在审核台确认
cinta-m-trica-wincha-3m-azul-con-soga-para-colgar,Cinta métrica / wincha 3m azul con soga para colgar,"Cinta métrica / wincha 3m azul con soga para colgar

📦 Características:
• 3 metros de largo
• Carcasa azul
• Incluye cuerda para colgar

✨ Estado: Nuevo
🚚 Disponible para entrega o recogida

🛒 VivaBien — Tu tienda de confianza en República Dominicana",VivaBien,Herramientas y Ferretería,工具五金,TRUE,VB551BBC01,70.00,10,VB551BBC01.jpg,卷尺,,工具五金,Herramientas y Ferretería,"Shopify,Facebook Marketplace",价格由 AI 从图片识别：RD$ 70，请在审核台确认
l-mpara-uv-para-u-as-2-en-1-60-segundos-5v2a,Lámpara UV para uñas 2 en 1 60 segundos 5V2A,"Lámpara UV para uñas 2 en 1 60 segundos 5V2A

📦 Características:
• Temporizador de 60 segundos
• 5V2A
• 2 en 1

✨ Estado: Nuevo
🚚 Disponible para entrega o recogida

🛒 VivaBien — Tu tienda de confianza en República Dominicana",VivaBien,Belleza y Cuidado Personal,美容个护,TRUE,VB553A9594,230.00,10,VB553A9594.jpg,UV美甲灯,,美容个护,Belleza y Cuidado Personal,"Shopify,Facebook Marketplace",价格由 AI 从图片识别：RD$ 230，请在审核台确认
colgante-de-madera-decoraci-n-con-flecos-azul-gradiente,Colgante de madera / decoración con flecos azul gradiente,"Colgante de madera / decoración con flecos azul gradiente

📦 Características:
• De madera
• Decoración degradada azul
• diseño de flecos

✨ Estado: Nuevo
🚚 Disponible para entrega o recogida

🛒 VivaBien — Tu tienda de confianza en República Dominicana",VivaBien,,,TRUE,VB5547281C,290.00,10,VB5547281C.jpg,木珠挂饰,,,,"Shopify,Facebook Marketplace",
mascarilla-parches-de-coco-para-ojos-hidratante-y-antiedad,Mascarilla / parches de coco para ojos hidratante y antiedad,"Mascarilla / parches de coco para ojos hidratante y antiedad

📦 Características:
• Hidratante
• Cuidado de ojos
• Suaviza la piel alrededor de los ojos

✨ Estado: Nuevo
🚚 Disponible para entrega o recogida

🛒 VivaBien — Tu tienda de confianza en República Dominicana",VivaBien,Belleza y Cuidado Personal,美容个护,TRUE,VB554BC5A5,20.00,10,VB554BC5A5.jpg,椰子眼膜,,美容个护,Belleza y Cuidado Personal,"Shopify,Facebook Marketplace",价格由 AI 从图片识别：RD$ 20，请在审核台确认
alicate-pinza-8-anti-xido-para-trabajos-profesionales,"Alicate / pinza 8"" antióxido para trabajos profesionales","Alicate / pinza 8"" antióxido para trabajos profesionales

📦 Características:
• 8 pulgadas
• Antióxido
• herramienta profesional

✨ Estado: Nuevo
🚚 Disponible para entrega o recogida

🛒 VivaBien — Tu tienda de confianza en República Dominicana",VivaBien,Herramientas y Ferretería,工具五金,TRUE,VB5556A353,255.00,10,VB5556A353.jpg,组合钳,,工具五金,Herramientas y Ferretería,"Shopify,Facebook Marketplace",价格由 AI 从图片识别：RD$ 25，请在审核台确认
greca-cafetera-moka-roja-aluminio-3-tazas,Greca / cafetera moka roja aluminio 3 tazas,"Greca / cafetera moka roja aluminio 3 tazas

📦 Características:
• 3 vasos
• material de aluminio fundido
• Rojo

✨ Estado: Nuevo
🚚 Disponible para entrega o recogida

🛒 VivaBien — Tu tienda de confianza en República Dominicana",VivaBien,Cocina y Hogar,厨房家居,TRUE,VB5591CF9F,1040.00,10,VB5591CF9F.jpg,摩卡咖啡壶,,厨房家居,Cocina y Hogar,"Shopify,Facebook Marketplace",价格由 AI 从图片识别：RD$ 280，请在审核台确认
rub-face-pinza-pa-pesta-as-rosita-rizo-perfecto,"Rubí Face pinza pa pestañas rosita, rizo perfecto","Rubí Face pinza pa pestañas rosita, rizo perfecto

📦 Características:
• Rosado
• Rizador de pestañas

✨ Estado: Nuevo
🚚 Disponible para entrega o recogida

🛒 VivaBien — Tu tienda de confianza en República Dominicana",VivaBien,Belleza y Cuidado Personal,美容个护,TRUE,VB559684E7,110.00,10,VB559684E7.jpg,RubyFace睫毛夹,,美容个护,Belleza y Cuidado Personal,"Shopify,Facebook Marketplace","品名由豆包识图生成 conf=0.80，卖点:['粉色', '卷翘睫毛']"
hojuelas-decorativas-doradas-y-plateadas-pan-de-oro-y-plata,Hojuelas decorativas doradas y plateadas / pan de oro y plata,"Hojuelas decorativas doradas y plateadas / pan de oro y plata

📦 Características:
• dorado y plateado
• para decoración

✨ Estado: Nuevo
🚚 Disponible para entrega o recogida

🛒 VivaBien — Tu tienda de confianza en República Dominicana",VivaBien,Decoración del Hogar,家居装饰,TRUE,VB55AF6529,55.00,10,VB55AF6529.jpg,金银箔片,,家居装饰,Decoración del Hogar,"Shopify,Facebook Marketplace",价格由 AI 从图片识别：RD$ 55，请在审核台确认
spray-retardante-con-lidoca-na-uso-externo-5-aplicaciones,"Spray retardante con lidocaína - Uso externo, 5 aplicaciones","Spray retardante / espray delay con lidocaína 5 usos

📦 Características:
• spray
• Con lidocaína
• 5 capas de pintura

✨ Estado: Nuevo
🚚 Disponible para entrega o recogida

🛒 VivaBien — Tu tienda de confianza en República Dominicana",VivaBien,Belleza y Cuidado Personal,美容个护,TRUE,VB561A1930,215.00,10,VB561A1930.jpg,延时喷雾,,美容个护,Belleza y Cuidado Personal,"Shopify,Facebook Marketplace",
regadera-ducha-led-sin-bater-as-temperatura-colores,Regadera / ducha LED sin baterías temperatura colores,"Regadera / ducha LED sin baterías temperatura colores

📦 Características:
• iluminación LED
• Sin batería
• cambio de color por temperatura

✨ Estado: Nuevo
🚚 Disponible para entrega o recogida

🛒 VivaBien — Tu tienda de confianza en República Dominicana",VivaBien,Baño y Sanitarios,浴室卫浴,TRUE,VB561F2FE3,895.00,10,VB561F2FE3.jpg,LED花洒,,浴室卫浴,Baño y Sanitarios,"Shopify,Facebook Marketplace",价格由 AI 从图片识别：RD$ 895，请在审核台确认
juguete-de-bienestar-ntimo-con-dise-o-de-coraz-n,Juguete de bienestar íntimo con diseño de corazón,"Dispensador de servilletas rojo / porta servilletas corazón

📦 Características:
• Rojo
• Diseño en forma de corazón

✨ Estado: Nuevo
🚚 Disponible para entrega o recogida

🛒 VivaBien — Tu tienda de confianza en República Dominicana",VivaBien,Artículos para Adultos,情趣用品,TRUE,VB56392DE0,1360.00,10,VB56392DE0.jpg,伴侣器,,情趣用品,Artículos para Adultos,"Shopify,Facebook Marketplace",价格由 AI 从图片识别：RD$ 1360，请在审核台确认
pesta-as-10mm-0-10c-x12-filas-seda-natural,Pestañas 10mm 0.10C x12 filas seda natural,"Pestañas 10mm 0.10C x12 filas seda natural

📦 Características:
• 10mm longitud
• 0.10C grosor
• 12 filas
• Material de seda de gusano

✨ Estado: Nuevo
🚚 Disponible para entrega o recogida

🛒 VivaBien — Tu tienda de confianza en República Dominicana",VivaBien,Belleza y Cuidado Personal,美容个护,TRUE,VB5653DB59,145.00,10,VB5653DB59.jpg,蚕丝嫁接睫毛,,美容个护,Belleza y Cuidado Personal,"Shopify,Facebook Marketplace","品名由豆包识图生成 conf=0.80，卖点:['10mm长度', '0.10C粗度', '12行', '蚕丝材质']"
freidora-de-aire-air-fryer-6l-2400w-pantalla-t-ctil-lcd,Freidora de aire / air fryer 6L 2400W pantalla táctil LCD,"Freidora de aire / air fryer 6L 2400W pantalla táctil LCD

📦 Características:
• 2400W
• 6L
• pantalla táctil LCD
• Tecnología alemana

✨ Estado: Nuevo
🚚 Disponible para entrega o recogida

🛒 VivaBien — Tu tienda de confianza en República Dominicana",VivaBien,Cocina y Hogar,厨房家居,TRUE,VB56570385,3060.00,10,VB56570385.jpg,大容量空气炸锅,,厨房家居,Cocina y Hogar,"Shopify,Facebook Marketplace",价格由 AI 从图片识别：RD$ 350，请在审核台确认
tirrap-abrazadera-pl-stica-roja-3x100mm-paquete-100,Tirrap / abrazadera plástica roja 3x100mm (paquete 100),"Tirrap / abrazadera plástica roja 3x100mm (paquete 100)

📦 Características:
• Tamaño 3x100mm
• Rojo
• 100 varillas

✨ Estado: Nuevo
🚚 Disponible para entrega o recogida

🛒 VivaBien — Tu tienda de confianza en República Dominicana",VivaBien,Herramientas y Ferretería,工具五金,TRUE,VB5676A4CF,50.00,10,VB5676A4CF.jpg,尼龙扎带,,工具五金,Herramientas y Ferretería,"Shopify,Facebook Marketplace",价格由 AI 从图片识别：RD$ 50，请在审核台确认
polvo-para-el-pelo-cera-en-polvo-5g-volumen-natural,Polvo para el pelo / cera en polvo 5g volumen natural,"Polvo para el pelo / cera en polvo 5g volumen natural

📦 Características:
• Efecto natural
• estilo incremental
• Capacidad 5g

✨ Estado: Nuevo
🚚 Disponible para entrega o recogida

🛒 VivaBien — Tu tienda de confianza en República Dominicana",VivaBien,Belleza y Cuidado Personal,美容个护,TRUE,VB571D23F2,,10,VB571D23F2.jpg,美发定型粉,,美容个护,Belleza y Cuidado Personal,"Shopify,Facebook Marketplace",
manguera-de-ducha-tubo-flexible-1-5m-negro-ba-o,Manguera de ducha / tubo flexible 1.5m negro baño,"Manguera de ducha / tubo flexible 1.5m negro baño

📦 Características:
• 1.5 metros
• Negro
• para baño

✨ Estado: Nuevo
🚚 Disponible para entrega o recogida

🛒 VivaBien — Tu tienda de confianza en República Dominicana",VivaBien,Baño y Sanitarios,浴室卫浴,TRUE,VB57446A4D,145.00,10,VB57446A4D.jpg,浴室软管,,浴室卫浴,Baño y Sanitarios,"Shopify,Facebook Marketplace",价格由 AI 从图片识别：RD$ 145，请在审核台确认
serrucho-manual-sierra-de-mano-16-mango-antideslizante,"Serrucho manual / sierra de mano 16"" mango antideslizante","Serrucho manual / sierra de mano 16"" mango antideslizante

📦 Características:
• 16 pulgadas
• Alto rendimiento
• Mango antideslizante

✨ Estado: Nuevo
🚚 Disponible para entrega o recogida

🛒 VivaBien — Tu tienda de confianza en República Dominicana",VivaBien,Herramientas y Ferretería,工具五金,TRUE,VB574DE517,270.00,10,,手动锯,,工具五金,Herramientas y Ferretería,"Shopify,Facebook Marketplace","价格由 AI 从图片识别：RD$ 270，请在审核台确认 | ⚠️ AI 生图失败，可点「重新生图」重试: HTTPSConnectionPool(host='api.quickrouter.ai', port=443): Read timed out. (read timeout=120)"
cinta-adhesiva-roja-tape-ancho-pega-transparente,Cinta adhesiva roja / tape ancho / pega transparente,"Cinta adhesiva roja / tape ancho / pega transparente

📦 Características:
• Rojo
• Ancho amplio

✨ Estado: Nuevo
🚚 Disponible para entrega o recogida

🛒 VivaBien — Tu tienda de confianza en República Dominicana",VivaBien,Herramientas y Ferretería,工具五金,TRUE,VB578C8DFD,160.00,10,VB578C8DFD.jpg,红色胶带,,工具五金,Herramientas y Ferretería,"Shopify,Facebook Marketplace",价格由 AI 从图片识别：RD$ 160，请在审核台确认
raspador-herramienta-de-gua-sha-mbar-masaje-facial,Raspador / herramienta de gua sha ámbar masaje facial,"Raspador / herramienta de gua sha ámbar masaje facial

📦 Características:
• Color ámbar
• Diseño portátil
• Herramienta de cuidado personal

✨ Estado: Nuevo
🚚 Disponible para entrega o recogida

🛒 VivaBien — Tu tienda de confianza en República Dominicana",VivaBien,Belleza y Cuidado Personal,美容个护,TRUE,VB58244639,135.00,10,VB58244639.jpg,刮痧按摩器,,美容个护,Belleza y Cuidado Personal,"Shopify,Facebook Marketplace",价格由 AI 从图片识别：RD$ 135，请在审核台确认
aceite-para-beb-aceite-hidratante-100ml,Aceite para bebé / aceite hidratante 100ml,"Aceite para bebé / aceite hidratante 100ml

📦 Características:
• 100ml

✨ Estado: Nuevo
🚚 Disponible para entrega o recogida

🛒 VivaBien — Tu tienda de confianza en República Dominicana",VivaBien,Bebés y Maternidad,母婴用品,TRUE,VB583AF978,100.00,10,,婴儿护肤油,,母婴用品,Bebés y Maternidad,"Shopify,Facebook Marketplace","价格由 AI 从图片识别：RD$ 100，请在审核台确认 | ⚠️ AI 生图失败，可点「重新生图」重试: HTTPSConnectionPool(host='api.quickrouter.ai', port=443): Read timed out. (read timeout=120)"
adorno-de-cer-mica-negra-decoraci-n-de-cadena-3-piezas,Adorno de cerámica negra / decoración de cadena 3 piezas,"Adorno de cerámica negra / decoración de cadena 3 piezas

📦 Características:
• 3 unidades
• Negro
• Material cerámico

✨ Estado: Nuevo
🚚 Disponible para entrega o recogida

🛒 VivaBien — Tu tienda de confianza en República Dominicana",VivaBien,Decoración del Hogar,家居装饰,TRUE,VB58DE6A35,680.00,10,VB58DE6A35.jpg,黑色链条摆件,,家居装饰,Decoración del Hogar,"Shopify,Facebook Marketplace",价格由 AI 从图片识别：RD$ 680，请在审核台确认
decoraci-n-madera-blanca-forma-de-casita-con-cuentas,Decoración madera blanca forma de casita con cuentas,"Decoración madera blanca forma de casita con cuentas

📦 Características:
• De madera
• Blanco
• Con cuentas
• Forma de casa

✨ Estado: Nuevo
🚚 Disponible para entrega o recogida

🛒 VivaBien — Tu tienda de confianza en República Dominicana",VivaBien,Decoración del Hogar,家居装饰,TRUE,VB5956627B,160.00,10,VB5956627B.jpg,木质家居装饰牌,,家居装饰,Decoración del Hogar,"Shopify,Facebook Marketplace",价格由 AI 从图片识别：RD$ 160，请在审核台确认
crema-para-manchas-crema-de-zanahoria-70g,Crema para manchas / crema de zanahoria 70g,"Crema para manchas / crema de zanahoria 70g

📦 Características:
• Elimina manchas oscuras
• Con extracto de zanahoria
• Contenido neto 70g

✨ Estado: Nuevo
🚚 Disponible para entrega o recogida

🛒 VivaBien — Tu tienda de confianza en República Dominicana",VivaBien,Belleza y Cuidado Personal,美容个护,TRUE,VB59A27993,135.00,10,VB59A27993.jpg,胡萝卜祛斑霜,,美容个护,Belleza y Cuidado Personal,"Shopify,Facebook Marketplace",价格由 AI 从图片识别：RD$ 135，请在审核台确认
broca-barrena-met-lica-4-0mm-hss-acero-r-pido,Broca / barrena metálica 4.0mm HSS acero rápido,"Broca / barrena metálica 4.0mm HSS acero rápido

📦 Características:
• 4.0mm
• acero rápido HSS
• Estándar DIN 338
• 135° ángulo de punta de broca

✨ Estado: Nuevo
🚚 Disponible para entrega o recogida

🛒 VivaBien — Tu tienda de confianza en República Dominicana",VivaBien,Herramientas y Ferretería,工具五金,TRUE,VB59ABEF8D,30.00,10,VB59ABEF8D.jpg,金属钻头,,工具五金,Herramientas y Ferretería,"Shopify,Facebook Marketplace",价格由 AI 从图片识别：RD$ 30，请在审核台确认
jab-n-de-rosa-mosqueta-jab-n-corporal-11oz-para-piel-da-ada,Jabón de rosa mosqueta / jabón corporal 11oz para piel dañada,"Jabón de rosa mosqueta / jabón corporal 11oz para piel dañada

📦 Características:
• ingredientes de rosa mosqueta
• apto para piel dañada
• Uso en manos y cuerpo
• Capacidad 11oz

✨ Estado: Nuevo
🚚 Disponible para entrega o recogida

🛒 VivaBien — Tu tienda de confianza en República Dominicana",VivaBien,Belleza y Cuidado Personal,美容个护,TRUE,VB59CBB6CD,115.00,10,VB59CBB6CD.jpg,玫瑰果皂,,美容个护,Belleza y Cuidado Personal,"Shopify,Facebook Marketplace",价格由 AI 从图片识别：RD$ 115，请在审核台确认
set-de-tornillos-screws-cruz-destornillador-38mm,Set de tornillos / screws cruz + destornillador 38mm,"Set de tornillos / screws cruz + destornillador 38mm

📦 Características:
• Longitud de 38mm
• Cabeza de cruz

✨ Estado: Nuevo
🚚 Disponible para entrega o recogida

🛒 VivaBien — Tu tienda de confianza en República Dominicana",VivaBien,Herramientas y Ferretería,工具五金,TRUE,VB5A1DA62A,40.00,10,VB5A1DA62A.jpg,螺丝套装,,工具五金,Herramientas y Ferretería,"Shopify,Facebook Marketplace",价格由 AI 从图片识别：RD$ 40，请在审核台确认
n-mero-7-de-metal-adhesivo-para-identificar-se-alizaci-n,Número 7 de metal / adhesivo para identificar / señalización,"Número 7 de metal / adhesivo para identificar / señalización

📦 Características:
• Altura 75mm
• material metálico
• Número 7

✨ Estado: Nuevo
🚚 Disponible para entrega o recogida

🛒 VivaBien — Tu tienda de confianza en República Dominicana",VivaBien,Decoración del Hogar,家居装饰,TRUE,VB5B344117,45.00,10,VB5B344117.jpg,自粘数字贴,,家居装饰,Decoración del Hogar,"Shopify,Facebook Marketplace",价格由 AI 从图片识别：RD$ 45，请在审核台确认
kit-de-8-brochas-de-maquillaje-esponja-mango-rosa-y-dorado,"Kit de 8 brochas de maquillaje + esponja, mango rosa y dorado","Kit de 8 brochas de maquillaje + esponja, mango rosa y dorado

📦 Características:
• Incluye 8 brochas y esponja
• Mango rosado
• barra de cepillo dorada
• Herramienta profesional de belleza

✨ Estado: Nuevo
🚚 Disponible para entrega o recogida

🛒 VivaBien — Tu tienda de confianza en República Dominicana",VivaBien,Belleza y Cuidado Personal,美容个护,TRUE,VB5B5C3E5D,130.00,10,VB5B5C3E5D.jpg,Catula化妆刷套装,,美容个护,Belleza y Cuidado Personal,"Shopify,Facebook Marketplace","品名由豆包识图生成 conf=0.90，卖点:['含8支刷子+粉扑', '粉色手柄', '金色刷杆', '专业美妆工具']"
extensi-n-alargador-heavy-duty-9-pies-3-l-neas-naranja,Extensión / alargador heavy duty 9 pies 3 líneas naranja,"Extensión / alargador heavy duty 9 pies 3 líneas naranja

📦 Características:
• 9 pies
• Color naranja
• tres cables con tierra
• Uso pesado
• 18AWG/3
• 125V

✨ Estado: Nuevo
🚚 Disponible para entrega o recogida

🛒 VivaBien — Tu tienda de confianza en República Dominicana",VivaBien,Herramientas y Ferretería,工具五金,TRUE,VB5B70928D,110.00,10,VB5B70928D.jpg,室内外延长线,,工具五金,Herramientas y Ferretería,"Shopify,Facebook Marketplace",价格由 AI 从图片识别：RD$ 110，请在审核台确认
aceite-arom-tico-esencia-de-fragancia-10ml-jazm-n,Aceite aromático / esencia de fragancia 10ml jazmín,"Aceite aromático / esencia de fragancia 10ml jazmín

📦 Características:
• 10ml
• Aroma: gardenia

✨ Estado: Nuevo
🚚 Disponible para entrega o recogida

🛒 VivaBien — Tu tienda de confianza en República Dominicana",VivaBien,Belleza y Cuidado Personal,美容个护,TRUE,VB5BADABC2,100.00,10,VB5BADABC2.jpg,家用香薰油,,美容个护,Belleza y Cuidado Personal,"Shopify,Facebook Marketplace",价格由 AI 从图片识别：RD$ 100，请在审核台确认
abanico-port-til-ventilador-de-mano-usb-recargable-rosado,Abanico portátil / ventilador de mano USB recargable rosado,"Abanico portátil / ventilador de mano USB recargable rosado

📦 Características:
• carga USB
• Batería integrada
• Portátil
• Rosado
• De mesa o portátil

✨ Estado: Nuevo
🚚 Disponible para entrega o recogida

🛒 VivaBien — Tu tienda de confianza en República Dominicana",VivaBien,Electrónicos y Tecnología,电子数码,TRUE,VB5BF5357A,225.00,10,VB5BF5357A.jpg,USB手持风扇,,电子数码,Electrónicos y Tecnología,"Shopify,Facebook Marketplace",价格由 AI 从图片识别：RD$ 225，请在审核台确认
paleta-5-colores-sombra-natural-maquillaje-de-ojos-suave,"Paleta 5 colores sombra natural, maquillaje de ojos suave","Paleta 5 colores sombra natural, maquillaje de ojos suave

📦 Características:
• Cinco colores
• Sombra de ojos en polvo
• Diseño natural

✨ Estado: Nuevo
🚚 Disponible para entrega o recogida

🛒 VivaBien — Tu tienda de confianza en República Dominicana",VivaBien,Belleza y Cuidado Personal,美容个护,TRUE,VB5BFFB63A,,10,VB5BFFB63A.jpg,铃兰花语眼影,,美容个护,Belleza y Cuidado Personal,"Shopify,Facebook Marketplace","品名由豆包识图生成 conf=0.90，卖点:['五色', '眼影粉', '自然风格'] | 价格待补（AI 不估价）"
espejos-decorativos-pared-pegatinas-doradas-5-piezas,Espejos decorativos pared / pegatinas doradas 5 piezas,"Espejos decorativos pared / pegatinas doradas 5 piezas

📦 Características:
• 5 piezas
• color dorado
• decoración de pared

✨ Estado: Nuevo
🚚 Disponible para entrega o recogida

🛒 VivaBien — Tu tienda de confianza en República Dominicana",VivaBien,Decoración del Hogar,家居装饰,TRUE,VB5C6C55C5,295.00,10,VB5C6C55C5.jpg,墙贴镜子,,家居装饰,Decoración del Hogar,"Shopify,Facebook Marketplace",价格由 AI 从图片识别：RD$ 295，请在审核台确认
lamparita-blanca-con-cable-y-switch-ideal-para-conectar-f-ci,"Lamparita blanca con cable y switch, ideal para conectar fácilmente","Lamparita blanca con cable y switch, ideal para conectar fácilmente

📦 Características:
• Con interruptor
• Blanco
• Cable de alimentación

✨ Estado: Nuevo
🚚 Disponible para entrega o recogida

🛒 VivaBien — Tu tienda de confianza en República Dominicana",VivaBien,Herramientas y Ferretería,工具五金,TRUE,VB5CB01CF2,18.00,10,VB5CB01CF2.jpg,带线灯头,,工具五金,Herramientas y Ferretería,"Shopify,Facebook Marketplace",价格由 AI 从图片识别：RD$ 18，请在审核台确认
adaptador-el-ctrico-amarillo-port-til-de-3-entradas-ideal-pa,"Adaptador eléctrico amarillo portátil de 3 entradas, ideal para viajes","Adaptador eléctrico amarillo portátil de 3 entradas, ideal para viajes

📦 Características:
• Cuerpo amarillo
• enchufe de tres agujeros
• Diseño práctico

✨ Estado: Nuevo
🚚 Disponible para entrega o recogida

🛒 VivaBien — Tu tienda de confianza en República Dominicana",VivaBien,Herramientas y Ferretería,工具五金,TRUE,VB5D0B40F6,45.00,10,VB5D0B40F6.jpg,插头转换器,,工具五金,Herramientas y Ferretería,"Shopify,Facebook Marketplace",价格由 AI 从图片识别：RD$ 5，请在审核台确认
regleta-extensi-n-toma-corriente-6-salidas-usb-1-metro,Regleta / extensión / toma corriente 6 salidas USB 1 metro,"Regleta / extensión / toma corriente 6 salidas USB 1 metro

📦 Características:
• 6 enchufes
• Con puerto USB
• 1 metro de cable
• Con interruptor
• Protección múltiple

✨ Estado: Nuevo
🚚 Disponible para entrega o recogida

🛒 VivaBien — Tu tienda de confianza en República Dominicana",VivaBien,Electrónicos y Tecnología,电子数码,TRUE,VB5D2A3CFC,210.00,10,VB5D2A3CFC.jpg,多功能插排,,电子数码,Electrónicos y Tecnología,"Shopify,Facebook Marketplace",价格由 AI 从图片识别：RD$ 210，请在审核台确认
polvo-antibacterial-antimicrobiano-177g,Polvo antibacterial / antimicrobiano 177g,"Polvo antibacterial / antimicrobiano 177g

📦 Características:
• 177g

✨ Estado: Nuevo
🚚 Disponible para entrega o recogida

🛒 VivaBien — Tu tienda de confianza en República Dominicana",VivaBien,Belleza y Cuidado Personal,美容个护,TRUE,VB5D51CB43,445.00,10,VB5D51CB43.jpg,抗菌粉,,美容个护,Belleza y Cuidado Personal,"Shopify,Facebook Marketplace",价格由 AI 从图片识别：RD$ 445，请在审核台确认
extensi-n-cable-el-ctrico-15-pies-naranja-3-l-neas-125v,Extensión / cable eléctrico 15 pies naranja 3 líneas 125V,"Extensión / cable eléctrico 15 pies naranja 3 líneas 125V

📦 Características:
• 15 pies
• Color naranja
• Uso pesado
• 3 cables de tierra
• 125V

✨ Estado: Nuevo
🚚 Disponible para entrega o recogida

🛒 VivaBien — Tu tienda de confianza en República Dominicana",VivaBien,Herramientas y Ferretería,工具五金,TRUE,VB5D88956E,180.00,10,VB5D88956E.jpg,室内外延长线,,工具五金,Herramientas y Ferretería,"Shopify,Facebook Marketplace",价格由 AI 从图片识别：RD$ 9，请在审核台确认
mouse-rat-n-al-mbrico-negro,Mouse / ratón alámbrico negro,"Mouse / ratón alámbrico negro

📦 Características:
• Negro
• Con cable

✨ Estado: Nuevo
🚚 Disponible para entrega o recogida

🛒 VivaBien — Tu tienda de confianza en República Dominicana",VivaBien,Electrónicos y Tecnología,电子数码,TRUE,VB5D990CDB,125.00,10,VB5D990CDB.jpg,有线鼠标,,电子数码,Electrónicos y Tecnología,"Shopify,Facebook Marketplace",价格由 AI 从图片识别：RD$ 125，请在审核台确认
maquillaje-glitter-morado-con-borde-marr-n,✨Maquillaje glitter morado con borde marrón✨,"✨Maquillaje glitter morado con borde marrón✨

📦 Características:
• Brillo morado
• Borde marrón
• Empaque transparente

✨ Estado: Nuevo
🚚 Disponible para entrega o recogida

🛒 VivaBien — Tu tienda de confianza en República Dominicana",VivaBien,Belleza y Cuidado Personal,美容个护,TRUE,VB5DD90DF6,95.00,10,VB5DD90DF6.jpg,闪粉美妆膏,,美容个护,Belleza y Cuidado Personal,"Shopify,Facebook Marketplace","品名由豆包识图生成 conf=0.60，卖点:['紫色闪粉', '棕色边缘', '透明包装']"
cartel-de-bienvenida-letrero-decorativo-rojo-de-madera,Cartel de bienvenida / letrero decorativo rojo de madera,"Cartel de bienvenida / letrero decorativo rojo de madera

📦 Características:
• un set
• Rojo
• De madera

✨ Estado: Nuevo
🚚 Disponible para entrega o recogida

🛒 VivaBien — Tu tienda de confianza en República Dominicana",VivaBien,Decoración del Hogar,家居装饰,TRUE,VB5DE51732,265.00,10,VB5DE51732.jpg,欢迎木牌,,家居装饰,Decoración del Hogar,"Shopify,Facebook Marketplace",价格由 AI 从图片识别：RD$ 595，请在审核台确认
tijera-con-peine-y-pinza-de-cejas-acero-inoxidable-mango-neg,"Tijera con peine y pinza de cejas, acero inoxidable, mango negro","Tijera con peine y pinza de cejas, acero inoxidable, mango negro

📦 Características:
• Con diseño de peine
• mandril de acero inoxidable
• Mango negro

✨ Estado: Nuevo
🚚 Disponible para entrega o recogida

🛒 VivaBien — Tu tienda de confianza en República Dominicana",VivaBien,Belleza y Cuidado Personal,美容个护,TRUE,VB5DF00545,80.00,10,VB5DF00545.jpg,带梳眉夹,,美容个护,Belleza y Cuidado Personal,"Shopify,Facebook Marketplace","品名由豆包识图生成 conf=0.80，卖点:['带梳设计', '不锈钢夹头', '黑色手柄']"
cafetera-de-goteo-cafetera-el-ctrica-6-tazas-650ml-110v-127v,Cafetera de goteo / cafetera eléctrica 6 tazas 650ml 110V~127V,"Cafetera de goteo / cafetera eléctrica 6 tazas 650ml 110V~127V

📦 Características:
• 6 tazas
• 650ml
• 110V~127V
• Sistema antigoteo
• Función térmica

✨ Estado: Nuevo
🚚 Disponible para entrega o recogida

🛒 VivaBien — Tu tienda de confianza en República Dominicana",VivaBien,Cocina y Hogar,厨房家居,TRUE,VB5DF37605,1020.00,10,VB5DF37605.jpg,滴漏式咖啡机,,厨房家居,Cocina y Hogar,"Shopify,Facebook Marketplace",价格由 AI 从图片识别：RD$ 1020，请在审核台确认
spray-fijador-laca-fuerte-260g-botella-amarilla,Spray / fijador / laca fuerte 260g botella amarilla,"Spray / fijador / laca fuerte 260g botella amarilla

📦 Características:
• Botella amarilla
• Fijación fuerte
• Capacidad 260g

✨ Estado: Nuevo
🚚 Disponible para entrega o recogida

🛒 VivaBien — Tu tienda de confianza en República Dominicana",VivaBien,Belleza y Cuidado Personal,美容个护,TRUE,VB5E215842,425.00,10,VB5E215842.jpg,强力定型喷雾,,美容个护,Belleza y Cuidado Personal,"Shopify,Facebook Marketplace",价格由 AI 从图片识别：RD$ 425，请在审核台确认
panel-de-enchufe-blanco-con-seguridad-y-tornillos-incluidos,Panel de enchufe blanco con seguridad y tornillos incluidos,"Panel de enchufe blanco con seguridad y tornillos incluidos

📦 Características:
• Blanco
• Con protección de seguridad
• Incluye tornillos de instalación

✨ Estado: Nuevo
🚚 Disponible para entrega o recogida

🛒 VivaBien — Tu tienda de confianza en República Dominicana",VivaBien,Herramientas y Ferretería,工具五金,TRUE,VB5E2C899C,95.00,10,VB5E2C899C.jpg,插座面板,,工具五金,Herramientas y Ferretería,"Shopify,Facebook Marketplace",价格由 AI 从图片识别：RD$ 95，请在审核台确认
pesta-as-postizas-pegamento-waterproof-7g-mundial,Pestañas postizas pegamento waterproof 7g mundial,"Pestañas postizas pegamento waterproof 7g mundial

📦 Características:
• Impermeable
• 7g
• Más vendido mundialmente

✨ Estado: Nuevo
🚚 Disponible para entrega o recogida

🛒 VivaBien — Tu tienda de confianza en República Dominicana",VivaBien,Belleza y Cuidado Personal,美容个护,TRUE,VB5E3CA743,40.00,10,VB5E3CA743.jpg,假睫毛胶水,,美容个护,Belleza y Cuidado Personal,"Shopify,Facebook Marketplace","品名由豆包识图生成 conf=0.80，卖点:['防水', '7g', '世界畅销']"
crema-para-estr-as-crema-embarazo-crema-postparto,Crema para estrías / crema embarazo / crema postparto,"Crema para estrías / crema embarazo / crema postparto

📦 Características:
• Previene y elimina estrías
• Extractos naturales
• apto para embarazo y postparto

✨ Estado: Nuevo
🚚 Disponible para entrega o recogida

🛒 VivaBien — Tu tienda de confianza en República Dominicana",VivaBien,Belleza y Cuidado Personal,美容个护,TRUE,VB5E8A7C60,180.00,10,VB5E8A7C60.jpg,妊娠纹霜,,美容个护,Belleza y Cuidado Personal,"Shopify,Facebook Marketplace",价格由 AI 从图片识别：RD$ 180，请在审核台确认
espejo-decorativo-redondo-1-unidad-blanco-y-dorado,Espejo decorativo redondo 1 unidad blanco y dorado,"Espejo decorativo redondo 1 unidad blanco y dorado

📦 Características:
• 1 unidad
• redondo
• Borde blanco
• decoración dorada
• Correa de yute

✨ Estado: Nuevo
🚚 Disponible para entrega o recogida

🛒 VivaBien — Tu tienda de confianza en República Dominicana",VivaBien,Decoración del Hogar,家居装饰,TRUE,VB5E981F51,195.00,10,VB5E981F51.jpg,圆形装饰镜,,家居装饰,Decoración del Hogar,"Shopify,Facebook Marketplace",价格由 AI 从图片识别：RD$ 195，请在审核台确认
pestillo-cerrojo-tranca-de-acero-inoxidable,Pestillo / cerrojo / tranca de acero inoxidable,"Pestillo / cerrojo / tranca de acero inoxidable

📦 Características:
• material de acero inoxidable
• color plateado
• Con agujeros de instalación

✨ Estado: Nuevo
🚚 Disponible para entrega o recogida

🛒 VivaBien — Tu tienda de confianza en República Dominicana",VivaBien,Herramientas y Ferretería,工具五金,TRUE,VB5EAEA602,70.00,10,VB5EAEA602.jpg,不锈钢门栓,,工具五金,Herramientas y Ferretería,"Shopify,Facebook Marketplace",价格由 AI 从图片识别：RD$ 1，请在审核台确认
switch-blanco-con-luces-indicadoras-y-3-interruptores-garant,"Switch blanco con luces indicadoras y 3 interruptores, garantía 25 año","Switch blanco con luces indicadoras y 3 interruptores, garantía 25 año

📦 Características:
• Blanco
• diseño de tres interruptores
• Con luz indicadora
• Garantía de 25 años

✨ Estado: Nuevo
🚚 Disponible para entrega o recogida

🛒 VivaBien — Tu tienda de confianza en República Dominicana",VivaBien,Herramientas y Ferretería,工具五金,TRUE,VB5ED944E8,1.75,10,VB5ED944E8.jpg,开关插座,,工具五金,Herramientas y Ferretería,"Shopify,Facebook Marketplace",价格由 AI 从图片识别：RD$ 2，请在审核台确认
aceite-arom-tico-esencia-para-el-hogar-10ml,Aceite aromático / esencia para el hogar 10ml,"Aceite aromático / esencia para el hogar 10ml

📦 Características:
• 10ml

✨ Estado: Nuevo
🚚 Disponible para entrega o recogida

🛒 VivaBien — Tu tienda de confianza en República Dominicana",VivaBien,Decoración del Hogar,家居装饰,TRUE,VB5F6A6B70,95.00,10,VB5F6A6B70.jpg,家用香薰油,,家居装饰,Decoración del Hogar,"Shopify,Facebook Marketplace",价格由 AI 从图片识别：RD$ 95，请在审核台确认
juego-de-7-brochas-de-maquillaje-mango-rosado-kit-completo,"Juego de 7 brochas de maquillaje, mango rosado, kit completo","Juego de 7 brochas de maquillaje, mango rosado, kit completo

📦 Características:
• 7 unidades
• Mango rosado
• Herramienta de belleza

✨ Estado: Nuevo
🚚 Disponible para entrega o recogida

🛒 VivaBien — Tu tienda de confianza en República Dominicana",VivaBien,Belleza y Cuidado Personal,美容个护,TRUE,VB5F9C8294,160.00,10,VB5F9C8294.jpg,7支化妆刷套装,,美容个护,Belleza y Cuidado Personal,"Shopify,Facebook Marketplace","品名由豆包识图生成 conf=0.90，卖点:['7支装', '粉色手柄', '美妆工具']"
u-as-postizas-tips-12-piezas-estilo-franc-s-rosado,Uñas postizas / tips 12 piezas estilo francés rosado,"Uñas postizas / tips 12 piezas estilo francés rosado

📦 Características:
• 12 hojas por paquete
• Decoración de lazo rosado
• estilo de uñas francesas

✨ Estado: Nuevo
🚚 Disponible para entrega o recogida

🛒 VivaBien — Tu tienda de confianza en República Dominicana",VivaBien,Belleza y Cuidado Personal,美容个护,TRUE,VB5FA0101C,100.00,10,VB5FA0101C.jpg,美甲贴片,,美容个护,Belleza y Cuidado Personal,"Shopify,Facebook Marketplace",价格由 AI 从图片识别：RD$ 100，请在审核台确认
u-as-postizas-tips-rosados-con-pegamento-led-7-d-as,Uñas postizas / tips rosados con pegamento LED 7 días,"Uñas postizas / tips rosados con pegamento LED 7 días

📦 Características:
• Rosado
• adhesivo LED
• Dura 7 días

✨ Estado: Nuevo
🚚 Disponible para entrega o recogida

🛒 VivaBien — Tu tienda de confianza en República Dominicana",VivaBien,Belleza y Cuidado Personal,美容个护,TRUE,VB5FEC0233,105.00,10,VB5FEC0233.jpg,美甲贴片,,美容个护,Belleza y Cuidado Personal,"Shopify,Facebook Marketplace",价格由 AI 从图片识别：RD$ 105，请在审核台确认
cera-de-miel-para-depilaci-n-400ml-14-1oz,Cera de miel para depilación 400ml / 14.1oz,"Cera de miel para depilación 400ml / 14.1oz

📦 Características:
• 400ml
• 14.1oz
• Fórmula natural
• Sin resina

✨ Estado: Nuevo
🚚 Disponible para entrega o recogida

🛒 VivaBien — Tu tienda de confianza en República Dominicana",VivaBien,Belleza y Cuidado Personal,美容个护,TRUE,VB60702ACA,510.00,10,VB60702ACA.jpg,蜂蜜脱毛蜡,,美容个护,Belleza y Cuidado Personal,"Shopify,Facebook Marketplace",价格由 AI 从图片识别：RD$ 510，请在审核台确认
libreta-cuaderno-decorativo-minimalista,Libreta / cuaderno decorativo minimalista,"Libreta / cuaderno blanco y negro tamaño A5

📦 Características:
• Portada blanco y negro
• Tamaño A5

✨ Estado: Nuevo
🚚 Disponible para entrega o recogida

🛒 VivaBien — Tu tienda de confianza en República Dominicana",VivaBien,Decoración del Hogar,家居装饰,TRUE,VB6081A332,130.00,10,VB6081A332.jpg,简约笔记本假书,,家居装饰,Decoración del Hogar,"Shopify,Facebook Marketplace",价格由 AI 从图片识别：RD$ 130，请在审核台确认
regleta-el-ctrica-blanca-con-protecci-n-infantil-y-alta-cali,Regleta eléctrica blanca con protección infantil y alta calidad,"Regleta eléctrica blanca con protección infantil y alta calidad

📦 Características:
• Bloqueo infantil
• Alta calidad
• Blanco

✨ Estado: Nuevo
🚚 Disponible para entrega o recogida

🛒 VivaBien — Tu tienda de confianza en República Dominicana",VivaBien,Herramientas y Ferretería,工具五金,TRUE,VB620453C0,90.00,10,VB620453C0.jpg,多功能插座,,工具五金,Herramientas y Ferretería,"Shopify,Facebook Marketplace",价格由 AI 从图片识别：RD$ 90，请在审核台确认
tope-puerta-sujetapuerta-zinc-5-3-con-tornillos,"Tope puerta / sujetapuerta zinc 5.3"" con tornillos","Tope puerta / sujetapuerta zinc 5.3"" con tornillos

📦 Características:
• material de aleación de zinc
• Tamaño 5.3 pulgadas/135mm
• Incluye tornillos

✨ Estado: Nuevo
🚚 Disponible para entrega o recogida

🛒 VivaBien — Tu tienda de confianza en República Dominicana",VivaBien,Herramientas y Ferretería,工具五金,TRUE,VB62CDA1CA,170.00,10,VB62CDA1CA.jpg,门挡支架,,工具五金,Herramientas y Ferretería,"Shopify,Facebook Marketplace",价格由 AI 从图片识别：RD$ 170，请在审核台确认
set-de-perfumes-y-cuidado-personal-dise-o-exclusivo-20ml-50m,Set de Perfumes y Cuidado Personal Diseño Exclusivo 20ml + 50ml + Afte,"Set de Perfumes y Cuidado Personal Diseño Exclusivo 20ml + 50ml + Afte

📦 Características:
• Perfume 20ml
• gel de baño 50ml
• serie de diseñador
• Incluye loción para después del afeitado

✨ Estado: Nuevo
🚚 Disponible para entrega o recogida

🛒 VivaBien — Tu tienda de confianza en República Dominicana",VivaBien,Belleza y Cuidado Personal,美容个护,TRUE,VB6305362B,495.00,10,VB6305362B.jpg,香水礼盒,,美容个护,Belleza y Cuidado Personal,"Shopify,Facebook Marketplace",
juego-de-brochas-doble-punta-azul-claro-multiuso,Juego de brochas doble punta azul claro multiuso,"Juego de brochas doble punta azul claro multiuso

📦 Características:
• azul claro
• Diseño de doble cabezal
• multifuncional

✨ Estado: Nuevo
🚚 Disponible para entrega o recogida

🛒 VivaBien — Tu tienda de confianza en República Dominicana",VivaBien,Belleza y Cuidado Personal,美容个护,TRUE,VB638F6E92,100.00,10,VB638F6E92.jpg,多功能组合刷,,美容个护,Belleza y Cuidado Personal,"Shopify,Facebook Marketplace","品名由豆包识图生成 conf=0.90，卖点:['浅蓝色', '双头设计', '多功能']"
soporte-de-madera-para-tubos-de-ensayo-3-unidades,Soporte de madera para tubos de ensayo 3 unidades,"Soporte de madera para tubos de ensayo 3 unidades

📦 Características:
• 3 unidades
• De madera
• Vidrio transparente

✨ Estado: Nuevo
🚚 Disponible para entrega o recogida

🛒 VivaBien — Tu tienda de confianza en República Dominicana",VivaBien,Decoración del Hogar,家居装饰,TRUE,VB63D7AAD5,295.00,10,VB63D7AAD5.jpg,木质试管架,,家居装饰,Decoración del Hogar,"Shopify,Facebook Marketplace",价格由 AI 从图片识别：RD$ 295，请在审核台确认
interruptor-el-ctrico-f-cil-de-usar,Interruptor eléctrico fácil de usar,"Timbre azul con botón funcional para puerta

📦 Características:
• Azul
• Con botón
• función de timbre

✨ Estado: Nuevo
🚚 Disponible para entrega o recogida

🛒 VivaBien — Tu tienda de confianza en República Dominicana",VivaBien,Herramientas y Ferretería,工具五金,TRUE,VB63EE7ECC,90.00,10,VB63EE7ECC.jpg,开关，一键开关,,工具五金,Herramientas y Ferretería,"Shopify,Facebook Marketplace",价格由 AI 从图片识别：RD$ 90，请在审核台确认
estufa-de-gas-fog-n-de-mesa-2-quemadores-vidrio-negro-rojo,Estufa de gas / fogón de mesa 2 quemadores vidrio negro-rojo,"Estufa de gas / fogón de mesa 2 quemadores vidrio negro-rojo

📦 Características:
• 2 hornillas
• panel de vidrio
• Combinación negro y rojo

✨ Estado: Nuevo
🚚 Disponible para entrega o recogida

🛒 VivaBien — Tu tienda de confianza en República Dominicana",VivaBien,Cocina y Hogar,厨房家居,TRUE,VB6438A930,2210.00,10,VB6438A930.jpg,双头燃气灶,,厨房家居,Cocina y Hogar,"Shopify,Facebook Marketplace",价格由 AI 从图片识别：RD$ 1210，请在审核台确认
crema-antiarrugas-reafirmante-facial-50g,Crema antiarrugas / reafirmante facial 50g,"Crema antiarrugas / reafirmante facial 50g

📦 Características:
• 50g
• Antiarrugas
• Reafirma la piel

✨ Estado: Nuevo
🚚 Disponible para entrega o recogida

🛒 VivaBien — Tu tienda de confianza en República Dominicana",VivaBien,Belleza y Cuidado Personal,美容个护,TRUE,VB64588785,175.00,10,VB64588785.jpg,旁氏抗皱霜,,美容个护,Belleza y Cuidado Personal,"Shopify,Facebook Marketplace",价格由 AI 从图片识别：RD$ 175，请在审核台确认
regleta-extensi-n-el-ctrica-negra-30-pies-con-tapa-segura,Regleta / extensión eléctrica negra 30 pies con tapa segura,"Regleta / extensión eléctrica negra 30 pies con tapa segura

📦 Características:
• 30 pies
• Negro
• Con tapa de seguridad

✨ Estado: Nuevo
🚚 Disponible para entrega o recogida

🛒 VivaBien — Tu tienda de confianza en República Dominicana",VivaBien,Herramientas y Ferretería,工具五金,TRUE,VB6519BE3C,215.00,10,VB6519BE3C.jpg,家用延长线,,工具五金,Herramientas y Ferretería,"Shopify,Facebook Marketplace",价格由 AI 从图片识别：RD$ 33，请在审核台确认
crema-para-senos-busto-150ml-hidrata-y-aclara-piel,Crema para senos / busto 150ml hidrata y aclara piel,"Crema para senos / busto 150ml hidrata y aclara piel

📦 Características:
• 150ml
• Realza el busto
• hidratación y blanqueamiento

✨ Estado: Nuevo
🚚 Disponible para entrega o recogida

🛒 VivaBien — Tu tienda de confianza en República Dominicana",VivaBien,Belleza y Cuidado Personal,美容个护,TRUE,VB656AABF4,145.00,10,VB656AABF4.jpg,胸部护理霜,,美容个护,Belleza y Cuidado Personal,"Shopify,Facebook Marketplace",价格由 AI 从图片识别：RD$ 145，请在审核台确认
casco-de-seguridad-casco-protector-amarillo-pl-stico,Casco de seguridad / casco protector amarillo plástico,"Casco de seguridad / casco protector amarillo plástico

📦 Características:
• Amarillo
• material plástico

✨ Estado: Nuevo
🚚 Disponible para entrega o recogida

🛒 VivaBien — Tu tienda de confianza en República Dominicana",VivaBien,Herramientas y Ferretería,工具五金,TRUE,VB6579B88E,165.00,10,VB6579B88E.jpg,黄色安全帽,,工具五金,Herramientas y Ferretería,"Shopify,Facebook Marketplace",价格由 AI 从图片识别：RD$ 15，请在审核台确认
bandeja-plateada-con-manijas-charola-espejo-decorativa,Bandeja plateada con manijas / charola espejo decorativa,"Bandeja plateada con manijas / charola espejo decorativa

📦 Características:
• color plateado
• Con mango
• decoración de espejo

✨ Estado: Nuevo
🚚 Disponible para entrega o recogida

🛒 VivaBien — Tu tienda de confianza en República Dominicana",VivaBien,Decoración del Hogar,家居装饰,TRUE,VB65A3EAD0,305.00,10,VB65A3EAD0.jpg,银色托盘,,家居装饰,Decoración del Hogar,"Shopify,Facebook Marketplace",价格由 AI 从图片识别：RD$ 505，请在审核台确认
crema-blanqueadora-aclarante-de-piel-4-oz-ultra-potente,Crema blanqueadora / aclarante de piel 4 oz ultra potente,"Crema blanqueadora / aclarante de piel 4 oz ultra potente

📦 Características:
• 4 onzas
• blanqueamiento intenso

✨ Estado: Nuevo
🚚 Disponible para entrega o recogida

🛒 VivaBien — Tu tienda de confianza en República Dominicana",VivaBien,Belleza y Cuidado Personal,美容个护,TRUE,VB65CC98B2,270.00,10,VB65CC98B2.jpg,美白面霜,,美容个护,Belleza y Cuidado Personal,"Shopify,Facebook Marketplace",价格由 AI 从图片识别：RD$ 270，请在审核台确认
portarretrato-decorativo-rojo-letras,Portarretrato decorativo rojo letras,"Letras decorativas rojas plásticas 1 set / juego

📦 Características:
• Rojo
• material plástico
• un set

✨ Estado: Nuevo
🚚 Disponible para entrega o recogida

🛒 VivaBien — Tu tienda de confianza en República Dominicana",VivaBien,Decoración del Hogar,家居装饰,TRUE,VB660C133D,130.00,10,VB660C133D.jpg,红色装饰字母相框,,家居装饰,Decoración del Hogar,"Shopify,Facebook Marketplace",价格由 AI 从图片识别：RD$ 130，请在审核台确认
aromatizante-difusor-de-lavanda-20ml-con-varitas,Aromatizante / difusor de lavanda 20ml con varitas,"Aromatizante / difusor de lavanda 20ml con varitas

📦 Características:
• Capacidad 20ml
• Incluye varillas de ratán
• Perfume de lavanda

✨ Estado: Nuevo
🚚 Disponible para entrega o recogida

🛒 VivaBien — Tu tienda de confianza en República Dominicana",VivaBien,Decoración del Hogar,家居装饰,TRUE,VB661575B8,100.00,10,VB661575B8.jpg,薰衣草香薰,,家居装饰,Decoración del Hogar,"Shopify,Facebook Marketplace",价格由 AI 从图片识别：RD$ 100，请在审核台确认
spray-pintura-cromado-400ml-pintura-en-lata-r-pida,Spray pintura cromado 400ml / pintura en lata rápida,"Spray pintura cromado 400ml / pintura en lata rápida

📦 Características:
• 400ml
• Cromo brillante
• plástico acrílico
• Resistente al clima
• Reparación rápida

✨ Estado: Nuevo
🚚 Disponible para entrega o recogida

🛒 VivaBien — Tu tienda de confianza en República Dominicana",VivaBien,Herramientas y Ferretería,工具五金,TRUE,VB66185A09,145.00,10,VB66185A09.jpg,喷漆罐,,工具五金,Herramientas y Ferretería,"Shopify,Facebook Marketplace",价格由 AI 从图片识别：RD$ 145，请在审核台确认
spray-lubricante-afloja-todo-desoxidante-multiusos,Spray lubricante / afloja todo / desoxidante multiusos,"Spray lubricante / afloja todo / desoxidante multiusos

📦 Características:
• Elimina chirridos
• Elimina humedad
• limpieza y protección
• Afloja piezas oxidadas
• Mecanismo de liberación adhesiva

✨ Estado: Nuevo
🚚 Disponible para entrega o recogida

🛒 VivaBien — Tu tienda de confianza en República Dominicana",VivaBien,Herramientas y Ferretería,工具五金,TRUE,VB66E8D11A,190.00,10,VB66E8D11A.jpg,润滑喷剂,,工具五金,Herramientas y Ferretería,"Shopify,Facebook Marketplace",价格由 AI 从图片识别：RD$ 190，请在审核台确认
letrero-cartel-de-pvc-20x30cm-adhesivo,Letrero / cartel de PVC 20x30cm adhesivo,"Letrero / cartel de PVC 20x30cm adhesivo

📦 Características:
• 20x30cm
• material PVC
• Parte trasera con adhesivo

✨ Estado: Nuevo
🚚 Disponible para entrega o recogida

🛒 VivaBien — Tu tienda de confianza en República Dominicana",VivaBien,Decoración del Hogar,家居装饰,TRUE,VB673A6BF5,15.00,10,VB673A6BF5.jpg,出售标牌,,家居装饰,Decoración del Hogar,"Shopify,Facebook Marketplace",价格由 AI 从图片识别：RD$ 15，请在审核台确认
aro-de-luz-led-multicolor-l-mpara-anillo-30cm,Aro de luz LED multicolor / lámpara anillo 30cm,"Aro de luz LED multicolor / lámpara anillo 30cm

📦 Características:
• varias temperaturas de color
• Núcleo extremo nocturno
• Hecho en China

✨ Estado: Nuevo
🚚 Disponible para entrega o recogida

🛒 VivaBien — Tu tienda de confianza en República Dominicana",VivaBien,Electrónicos y Tecnología,电子数码,TRUE,VB678C400B,1375.00,10,VB678C400B.jpg,LED环形灯,,电子数码,Electrónicos y Tecnología,"Shopify,Facebook Marketplace",价格由 AI 从图片识别：RD$ 175，请在审核台确认 | 价格经二次OCR修正：175 → RD$ 1375
portarretrato-marco-de-fotos-madera-10x15cm,Portarretrato / marco de fotos madera 10x15cm,"Portarretrato / marco de fotos madera 10x15cm

📦 Características:
• 10x15cm
• De madera

✨ Estado: Nuevo
🚚 Disponible para entrega o recogida

🛒 VivaBien — Tu tienda de confianza en República Dominicana",VivaBien,Decoración del Hogar,家居装饰,TRUE,VB67ED0447,120.00,10,VB67ED0447.jpg,木质相框,,家居装饰,Decoración del Hogar,"Shopify,Facebook Marketplace",价格由 AI 从图片识别：RD$ 120，请在审核台确认
figura-decorativa-dorada-estatua-met-lica,Figura decorativa dorada / estatua metálica,"Figura decorativa dorada / estatua metálica

📦 Características:
• color dorado
• material metálico

✨ Estado: Nuevo
🚚 Disponible para entrega o recogida

🛒 VivaBien — Tu tienda de confianza en República Dominicana",VivaBien,Decoración del Hogar,家居装饰,TRUE,VB680ED829,320.00,10,VB680ED829.jpg,金色人体摆件,,家居装饰,Decoración del Hogar,"Shopify,Facebook Marketplace",价格由 AI 从图片识别：RD$ 320，请在审核台确认 | 价格经二次OCR修正：320 → RD$ 820
hisopos-cotonetes-100-piezas-100-algod-n-palo-madera,Hisopos / cotonetes 100 piezas 100% algodón palo madera,"Hisopos / cotonetes 100 piezas 100% algodón palo madera

📦 Características:
• 100 piezas
• 100% algodón
• Palo de madera

✨ Estado: Nuevo
🚚 Disponible para entrega o recogida

🛒 VivaBien — Tu tienda de confianza en República Dominicana",VivaBien,Belleza y Cuidado Personal,美容个护,TRUE,VB6855BE61,80.00,10,VB6855BE61.jpg,棉签,,美容个护,Belleza y Cuidado Personal,"Shopify,Facebook Marketplace",价格由 AI 从图片识别：RD$ 80，请在审核台确认
set-de-cuidado-facial-kit-de-skincare-con-rosa,Set de cuidado facial / kit de skincare con rosa,"Set de cuidado facial / kit de skincare con rosa

📦 Características:
• Reparador
• Ilumina
• Calmante
• multifuncional

✨ Estado: Nuevo
🚚 Disponible para entrega o recogida

🛒 VivaBien — Tu tienda de confianza en República Dominicana",VivaBien,Belleza y Cuidado Personal,美容个护,TRUE,VB689D6BCD,855.00,10,VB689D6BCD.jpg,玫瑰护肤套装,,美容个护,Belleza y Cuidado Personal,"Shopify,Facebook Marketplace",价格由 AI 从图片识别：RD$ 855，请在审核台确认
cera-cera-fr-a-hojas-de-depilaci-n-miel-20-piezas,Cera / cera fría / hojas de depilación miel 20 piezas,"Cera / cera fría / hojas de depilación miel 20 piezas

📦 Características:
• 20 piezas
• extracto de miel
• Vitamina E
• Cera natural

✨ Estado: Nuevo
🚚 Disponible para entrega o recogida

🛒 VivaBien — Tu tienda de confianza en República Dominicana",VivaBien,Belleza y Cuidado Personal,美容个护,TRUE,VB690B0437,180.00,10,VB690B0437.jpg,蜂蜜脱毛蜡纸,,美容个护,Belleza y Cuidado Personal,"Shopify,Facebook Marketplace",价格由 AI 从图片识别：RD$ 180，请在审核台确认
juego-destornillador-desarmador-multiuso-con-mango,Juego destornillador / desarmador multiuso con mango,"Juego destornillador / desarmador multiuso con mango

📦 Características:
• varios tipos de cabezas de tornillo
• Empaque de plástico transparente
• Incluye mango

✨ Estado: Nuevo
🚚 Disponible para entrega o recogida

🛒 VivaBien — Tu tienda de confianza en República Dominicana",VivaBien,Herramientas y Ferretería,工具五金,TRUE,VB691D0E81,150.00,10,VB691D0E81.jpg,螺丝刀套装,,工具五金,Herramientas y Ferretería,"Shopify,Facebook Marketplace",价格由 AI 从图片识别：RD$ 150，请在审核台确认
8d-pesta-as-postizas-3-pares,Pestañas postizas 8D efecto visón 3 pares,"8D efecto visón pestañas postizas 3 pares

📦 Características:
• 8D
• Pelo sintético tipo visón
• 100% hecho a mano
• paquete de tres pares

✨ Estado: Nuevo
🚚 Disponible para entrega o recogida

🛒 VivaBien — Tu tienda de confianza en República Dominicana",VivaBien,Belleza y Cuidado Personal,美容个护,TRUE,VB6940E75E,120.00,10,VB6940E75E.jpg,8D假睫毛,,美容个护,Belleza y Cuidado Personal,"Shopify,Facebook Marketplace","品名由豆包识图生成 conf=0.90，卖点:['8D', '仿貂毛', '100%手工制作', '三对装']"
pinzas-pa-u-as-rosas-herramienta-de-manicura,"Pinzas pa' uñas rosas, herramienta de manicura 💅","Pinzas pa' uñas rosas, herramienta de manicura 💅

📦 Características:
• Rosado
• pinzas
• Herramienta para uñas

✨ Estado: Nuevo
🚚 Disponible para entrega o recogida

🛒 VivaBien — Tu tienda de confianza en República Dominicana",VivaBien,Belleza y Cuidado Personal,美容个护,TRUE,VB6960B6FF,90.00,10,VB6960B6FF.jpg,美甲镊子工具,,美容个护,Belleza y Cuidado Personal,"Shopify,Facebook Marketplace","品名由豆包识图生成 conf=0.80，卖点:['粉色', '镊子', '美甲工具']"
decoraci-n-hogar-madera-hierro-con-planta-peque-a,Decoración hogar madera / hierro con planta pequeña,"Decoración hogar madera / hierro con planta pequeña

📦 Características:
• De madera
• arte de hierro
• Con decoración de plantas pequeñas

✨ Estado: Nuevo
🚚 Disponible para entrega o recogida

🛒 VivaBien — Tu tienda de confianza en República Dominicana",VivaBien,,,TRUE,VB697CC977,455.00,10,VB697CC977.jpg,家居摆件,,,,"Shopify,Facebook Marketplace",价格由 AI 从图片识别：RD$ 175，请在审核台确认
aceite-de-coco-crema-hidratante-200ml-piel-radiante,Aceite de coco / crema hidratante 200ml piel radiante,"Aceite de coco / crema hidratante 200ml piel radiante

📦 Características:
• 200ml
• Blanqueador
• Hidratante
• Repara la piel
• Antienvejecimiento

✨ Estado: Nuevo
🚚 Disponible para entrega o recogida

🛒 VivaBien — Tu tienda de confianza en República Dominicana",VivaBien,Belleza y Cuidado Personal,美容个护,TRUE,VB6A632390,180.00,10,VB6A632390.jpg,可可油,,美容个护,Belleza y Cuidado Personal,"Shopify,Facebook Marketplace",价格由 AI 从图片识别：RD$ 180，请在审核台确认
paleta-sevencool-6-colores-brocha-s-per-pr-ctica,"💄 Paleta Sevencool 6 colores + brocha, súper práctica","💄 Paleta Sevencool 6 colores + brocha, súper práctica

📦 Características:
• Seis colores de sombra
• Con brocha para sombras

✨ Estado: Nuevo
🚚 Disponible para entrega o recogida

🛒 VivaBien — Tu tienda de confianza en República Dominicana",VivaBien,Belleza y Cuidado Personal,美容个护,TRUE,VB6A9BD2CA,105.00,10,VB6A9BD2CA.jpg,SEVENCOOL眼影盘,,美容个护,Belleza y Cuidado Personal,"Shopify,Facebook Marketplace","品名由豆包识图生成 conf=0.80，卖点:['六色眼影', '带眼影刷']"
mascarilla-facial-mascarilla-hidratante-de-perlas-23ml,Mascarilla facial / mascarilla hidratante de perlas 23ml,"Mascarilla facial / mascarilla hidratante de perlas 23ml

📦 Características:
• 23ml
• Con extracto de perla
• hidratación para piel

✨ Estado: Nuevo
🚚 Disponible para entrega o recogida

🛒 VivaBien — Tu tienda de confianza en República Dominicana",VivaBien,Belleza y Cuidado Personal,美容个护,TRUE,VB6AEFAC7C,50.00,10,VB6AEFAC7C.jpg,珍珠面膜,,美容个护,Belleza y Cuidado Personal,"Shopify,Facebook Marketplace",
bandeja-de-cer-mica-dorada-forma-de-pi-a,Bandeja de cerámica dorada forma de piña,"Bandeja de cerámica dorada forma de piña

📦 Características:
• color dorado
• Material cerámico
• Diseño de piña

✨ Estado: Nuevo
🚚 Disponible para entrega o recogida

🛒 VivaBien — Tu tienda de confianza en República Dominicana",VivaBien,Decoración del Hogar,家居装饰,TRUE,VB6B034939,250.00,10,VB6B034939.jpg,金色菠萝盘,,家居装饰,Decoración del Hogar,"Shopify,Facebook Marketplace",价格由 AI 从图片识别：RD$ 250，请在审核台确认
cinta-adhesiva-amarilla-tape-amarillo,Cinta adhesiva amarilla / tape amarillo,"Cinta adhesiva amarilla / tape amarillo

📦 Características:
• Amarillo
• redondo
• En forma de tira

✨ Estado: Nuevo
🚚 Disponible para entrega o recogida

🛒 VivaBien — Tu tienda de confianza en República Dominicana",VivaBien,Herramientas y Ferretería,工具五金,TRUE,VB6B0CDE57,60.00,10,VB6B0CDE57.jpg,黄色胶带,,工具五金,Herramientas y Ferretería,"Shopify,Facebook Marketplace",价格由 AI 从图片识别：RD$ 60，请在审核台确认 | 原图已替换，重新 AI 处理
llave-de-fregadero-grifo-con-cinta-selladora-y-herramientas,Llave de fregadero / grifo con cinta selladora y herramientas,"Llave de fregadero / grifo con cinta selladora y herramientas

📦 Características:
• color plateado
• Con cinta selladora
• Herramientas de hardware

✨ Estado: Nuevo
🚚 Disponible para entrega o recogida

🛒 VivaBien — Tu tienda de confianza en República Dominicana",VivaBien,Herramientas y Ferretería,工具五金,TRUE,VB6B12A717,180.00,10,VB6B12A717.jpg,水龙头套装,,工具五金,Herramientas y Ferretería,"Shopify,Facebook Marketplace",价格由 AI 从图片识别：RD$ 180，请在审核台确认
paleta-hello-style-colores-rosa-port-til-tapa-clara,"Paleta Hello Style colores, rosa, portátil, tapa clara","Paleta Hello Style colores, rosa, portátil, tapa clara

📦 Características:
• Carcasa rosada
• multicolor (perlados/mates)
• Diseño práctico
• Tapa transparente

✨ Estado: Nuevo
🚚 Disponible para entrega o recogida

🛒 VivaBien — Tu tienda de confianza en República Dominicana",VivaBien,Belleza y Cuidado Personal,美容个护,TRUE,VB6B2AB0C2,125.00,10,VB6B2AB0C2.jpg,Hello Style彩妆盘,,美容个护,Belleza y Cuidado Personal,"Shopify,Facebook Marketplace","品名由豆包识图生成 conf=0.80，卖点:['粉色外壳', '多色（珠光/哑光）', '便携设计', '透明盖']"
m-quina-manual-para-comida-de-beb-procesador-1-5l,Máquina manual para comida de bebé / procesador 1.5L,"Máquina manual para comida de bebé / procesador 1.5L

📦 Características:
• 1.5L
• Operación manual
• multifuncional
• Comida complementaria para bebé

✨ Estado: Nuevo
🚚 Disponible para entrega o recogida

🛒 VivaBien — Tu tienda de confianza en República Dominicana",VivaBien,Bebés y Maternidad,母婴用品,TRUE,VB6B71B65B,435.00,10,VB6B71B65B.jpg,手动辅食机,,母婴用品,Bebés y Maternidad,"Shopify,Facebook Marketplace",⚠ 价格 4.35 尾数异常（多米尼加价格结尾应为0或5），请人工核对 | 价格由 AI 从图片识别：RD$ 4，请在审核台确认
spray-mata-insectos-fumigador-510ml-l-quido-verde,Spray mata insectos / fumigador 510ml líquido verde,"Spray mata insectos / fumigador 510ml líquido verde

📦 Características:
• 510ml
• Líquido verde
• spray

✨ Estado: Nuevo
🚚 Disponible para entrega o recogida

🛒 VivaBien — Tu tienda de confianza en República Dominicana",VivaBien,Otros,其他,TRUE,VB6BA5E13E,335.00,10,VB6BA5E13E.jpg,杀虫喷雾,,其他,Otros,"Shopify,Facebook Marketplace",价格由 AI 从图片识别：RD$ 335，请在审核台确认
perfume-gucci-intense-100ml-original-eau-de-parfum,Perfume Gucci Intense 100ml Original Eau de Parfum,"Perfume Gucci Intense 100ml Original Eau de Parfum

📦 Características:
• 100ml
• 3.3FL.OZ
• Eau de Parfum Intense

✨ Estado: Nuevo
🚚 Disponible para entrega o recogida

🛒 VivaBien — Tu tienda de confianza en República Dominicana",VivaBien,Belleza y Cuidado Personal,美容个护,TRUE,VB6BB21249,315.00,10,VB6BB21249.jpg,Gucci香水,,美容个护,Belleza y Cuidado Personal,"Shopify,Facebook Marketplace",
abanico-de-techo-ventilador-colgante-6-aspas,Abanico de techo / ventilador colgante 6 aspas,"Abanico de techo / ventilador colgante 6 aspas

📦 Características:
• 6 aspas
• Ventilador de techo

✨ Estado: Nuevo
🚚 Disponible para entrega o recogida

🛒 VivaBien — Tu tienda de confianza en República Dominicana",VivaBien,Decoración del Hogar,家居装饰,TRUE,VB6BB80586,505.00,10,VB6BB80586.jpg,六叶吊扇,,家居装饰,Decoración del Hogar,"Shopify,Facebook Marketplace",价格由 AI 从图片识别：RD$ 505，请在审核台确认
huevo-vibrador-inal-mbrico-p-rpura-usb-recargable-control-re,Huevo vibrador inalámbrico púrpura / USB recargable / Control remoto,"Huevo vibrador inalámbrico púrpura / USB recargable / Control remoto

📦 Características:
• Morado
• carga USB
• Control remoto

✨ Estado: Nuevo
🚚 Disponible para entrega o recogida

🛒 VivaBien — Tu tienda de confianza en República Dominicana",VivaBien,Artículos para Adultos,情趣用品,TRUE,VB6BEBAFC0,1430.00,10,VB6BEBAFC0.jpg,无线跳蛋,,情趣用品,Artículos para Adultos,"Shopify,Facebook Marketplace",价格由 AI 从图片识别：RD$ 1430，请在审核台确认
nivel-de-burbuja-de-80-cent-metros,Nivel de burbuja de 80 centímetros,"Nivel / Nivelador magnético 24 pulgadas amarillo

📦 Características:
• 24 pulgadas
• Magnético
• Amarillo
• Con nivel de burbuja

✨ Estado: Nuevo
🚚 Disponible para entrega o recogida

🛒 VivaBien — Tu tienda de confianza en República Dominicana",VivaBien,Herramientas y Ferretería,工具五金,TRUE,VB6C4F93F1,215.00,10,VB6C4F93F1.jpg,水平尺,,工具五金,Herramientas y Ferretería,"Shopify,Facebook Marketplace",价格由 AI 从图片识别：RD$ 280，请在审核台确认
spray-limpiador-abrillantador-250ml-para-todo-tipo-de-superf,Spray limpiador / abrillantador 250ml para todo tipo de superficies,"Spray limpiador / abrillantador 250ml para todo tipo de superficies

📦 Características:
• Contenido neto 250ml
• limpieza y brillo
• Elimina manchas
• Restaura el brillo natural del material

✨ Estado: Nuevo
🚚 Disponible para entrega o recogida

🛒 VivaBien — Tu tienda de confianza en República Dominicana",VivaBien,Herramientas y Ferretería,工具五金,TRUE,VB6C7904C8,175.00,10,VB6C7904C8.jpg,喷雾保护剂,,工具五金,Herramientas y Ferretería,"Shopify,Facebook Marketplace",价格由 AI 从图片识别：RD$ 175，请在审核台确认
set-de-puntas-para-pulir-7-piezas-6-bandas-lijadoras,Set de puntas para pulir 7 piezas / 6 bandas lijadoras,"Set de puntas para pulir 7 piezas / 6 bandas lijadoras

📦 Características:
• 7 cabezales de pulido
• 6 discos abrasivos
• material metálico

✨ Estado: Nuevo
🚚 Disponible para entrega o recogida

🛒 VivaBien — Tu tienda de confianza en República Dominicana",VivaBien,Herramientas y Ferretería,工具五金,TRUE,VB6CACBEB4,90.00,10,VB6CACBEB4.jpg,电磨头套装,,工具五金,Herramientas y Ferretería,"Shopify,Facebook Marketplace",⚠ 价格疑似识别有误（6.0），已自动修正为 RD$ 60 | 价格由 AI 从图片识别：RD$ 60，请在审核台确认
exfoliante-de-carb-n-crema-limpiadora-350ml-piel-grasa,Exfoliante de carbón / Crema limpiadora 350ml piel grasa,"Exfoliante de carbón / Crema limpiadora 350ml piel grasa

📦 Características:
• 350ml
• Para piel grasa
• Con carbón de bambú

✨ Estado: Nuevo
🚚 Disponible para entrega o recogida

🛒 VivaBien — Tu tienda de confianza en República Dominicana",VivaBien,Belleza y Cuidado Personal,美容个护,TRUE,VB6CBA44E1,135.00,10,VB6CBA44E1.jpg,竹炭磨砂膏,,美容个护,Belleza y Cuidado Personal,"Shopify,Facebook Marketplace",价格由 AI 从图片识别：RD$ 135，请在审核台确认
caja-blanca-kit-de-herramientas-met-licas,Caja blanca / kit de herramientas metálicas,"Caja blanca / kit de herramientas metálicas

📦 Características:
• Cuadrado blanco
• Con herramientas metálicas

✨ Estado: Nuevo
🚚 Disponible para entrega o recogida

🛒 VivaBien — Tu tienda de confianza en República Dominicana",VivaBien,Herramientas y Ferretería,工具五金,TRUE,VB6CC10DA0,200.00,10,VB6CC10DA0.jpg,方块工具套装,,工具五金,Herramientas y Ferretería,"Shopify,Facebook Marketplace",价格由 AI 从图片识别：RD$ 200，请在审核台确认
gel-de-ba-o-body-wash-lavanda-y-t-verde-750ml-relajante,Gel de baño / body wash lavanda y té verde 750ml relajante,"Gel de baño / body wash lavanda y té verde 750ml relajante

📦 Características:
• 750ml
• Aroma de lavanda y té verde
• Efecto relajante

✨ Estado: Nuevo
🚚 Disponible para entrega o recogida

🛒 VivaBien — Tu tienda de confianza en República Dominicana",VivaBien,Belleza y Cuidado Personal,美容个护,TRUE,VB6D3791A6,175.00,10,VB6D3791A6.jpg,薰衣草沐浴露,,美容个护,Belleza y Cuidado Personal,"Shopify,Facebook Marketplace",价格由 AI 从图片识别：RD$ 175，请在审核台确认
lubricante-spray-para-xido-280ml-anti-corrosi-n,Lubricante / Spray para óxido 280ml anti-corrosión,"Lubricante / Spray para óxido 280ml anti-corrosión

📦 Características:
• 280ML
• Elimina óxido rápidamente
• limpieza
• Antioxidante

✨ Estado: Nuevo
🚚 Disponible para entrega o recogida

🛒 VivaBien — Tu tienda de confianza en República Dominicana",VivaBien,Herramientas y Ferretería,工具五金,TRUE,VB6D6AB00B,110.00,10,VB6D6AB00B.jpg,除锈润滑剂,,工具五金,Herramientas y Ferretería,"Shopify,Facebook Marketplace",价格由 AI 从图片识别：RD$ 110，请在审核台确认
polvo-antimicrobiano-antif-ngico-30g,Polvo antimicrobiano / antifúngico 30g,"Polvo antimicrobiano / antifúngico 30g

📦 Características:
• 30g
• Antibacterial
• Antifúngico

✨ Estado: Nuevo
🚚 Disponible para entrega o recogida

🛒 VivaBien — Tu tienda de confianza en República Dominicana",VivaBien,Belleza y Cuidado Personal,美容个护,TRUE,VB6D710C57,145.00,10,VB6D710C57.jpg,抗菌药粉,,美容个护,Belleza y Cuidado Personal,"Shopify,Facebook Marketplace",价格由 AI 从图片识别：RD$ 145，请在审核台确认 | 价格经二次OCR修正：145 → RD$ 165
candado-cerradura-50mm-con-llave-met-lico-resistente,Candado / cerradura 50mm con llave metálico resistente,"Candado / cerradura 50mm con llave metálico resistente

📦 Características:
• Tamaño 50mm
• Con llave
• material metálico

✨ Estado: Nuevo
🚚 Disponible para entrega o recogida

🛒 VivaBien — Tu tienda de confianza en República Dominicana",VivaBien,Herramientas y Ferretería,工具五金,TRUE,VB6D8DFF73,120.00,10,VB6D8DFF73.jpg,高质量挂锁,,工具五金,Herramientas y Ferretería,"Shopify,Facebook Marketplace",价格由 AI 从图片识别：RD$ 120，请在审核台确认
aud-fonos-inal-mbricos-headphones-bluetooth-v5-1-hd,Audífonos inalámbricos / headphones Bluetooth V5.1 HD,"Audífonos inalámbricos / headphones Bluetooth V5.1 HD

📦 Características:
• Inalámbrico
• V5.1
• Micrófono HD
• Reducción de ruido
• Estéreo
• Efecto de bajos

✨ Estado: Nuevo
🚚 Disponible para entrega o recogida

🛒 VivaBien — Tu tienda de confianza en República Dominicana",VivaBien,Electrónicos y Tecnología,电子数码,TRUE,VB6DC89DAD,545.00,10,VB6DC89DAD.jpg,无线耳机,,电子数码,Electrónicos y Tecnología,"Shopify,Facebook Marketplace",⚠ 价格疑似识别有误（549.0），已自动修正为 RD$ 5490 | 价格由 AI 从图片识别：RD$ 5490，请在审核台确认 | 价格经二次OCR修正：549 → RD$ 545
pegatinas-3d-calcoman-as-de-pared-dise-o-cartoon-1-set,Pegatinas 3D / calcomanías de pared diseño cartoon (1 set),"Pegatinas 3D / calcomanías de pared diseño cartoon (1 set)

📦 Características:
• un set
• Efecto 3D
• Diseño de caricatura

✨ Estado: Nuevo
🚚 Disponible para entrega o recogida

🛒 VivaBien — Tu tienda de confianza en República Dominicana",VivaBien,Decoración del Hogar,家居装饰,TRUE,VB6E2517EE,60.00,10,VB6E2517EE.jpg,Labubu墙贴,,家居装饰,Decoración del Hogar,"Shopify,Facebook Marketplace",价格由 AI 从图片识别：RD$ 350，请在审核台确认 | 价格经二次OCR修正：350 → RD$ 310
candado-padlock-50mm-anti-xido-y-resistente-heavy-duty,Candado / padlock 50MM antióxido y resistente heavy-duty,"Candado / padlock 50MM antióxido y resistente heavy-duty

📦 Características:
• 50MM
• Antióxido
• Antirrobo
• Para uso pesado

✨ Estado: Nuevo
🚚 Disponible para entrega o recogida

🛒 VivaBien — Tu tienda de confianza en República Dominicana",VivaBien,Herramientas y Ferretería,工具五金,TRUE,VB6E6493D4,140.00,10,VB6E6493D4.jpg,防盗挂锁,,工具五金,Herramientas y Ferretería,"Shopify,Facebook Marketplace",价格由 AI 从图片识别：RD$ 140，请在审核台确认
perfume-en-spray-de-larga-duraci-n-fragancia-irresistible,Perfume en spray de larga duración - Fragancia irresistible,"Perfume gris 88ml con tapa dorada, fragancia única y elegante

📦 Características:
• 88ml
• botella gris
• cubierta dorada

✨ Estado: Nuevo
🚚 Disponible para entrega o recogida

🛒 VivaBien — Tu tienda de confianza en República Dominicana",VivaBien,Belleza y Cuidado Personal,美容个护,TRUE,VB6E95FA7B,125.00,10,VB6E95FA7B.jpg,香水喷雾,,美容个护,Belleza y Cuidado Personal,"Shopify,Facebook Marketplace",
martillo-maceta-de-metal-con-mango-de-madera-y-sacaclavos,Martillo / maceta de metal con mango de madera y sacaclavos,"Martillo / maceta de metal con mango de madera y sacaclavos

📦 Características:
• Mango de madera
• cabeza de martillo metálica
• Con función de sacar clavos

✨ Estado: Nuevo
🚚 Disponible para entrega o recogida

🛒 VivaBien — Tu tienda de confianza en República Dominicana",VivaBien,Herramientas y Ferretería,工具五金,TRUE,VB6EBC64C0,180.00,10,VB6EBC64C0.jpg,木柄锤子,,工具五金,Herramientas y Ferretería,"Shopify,Facebook Marketplace",价格由 AI 从图片识别：RD$ 180，请在审核台确认
silic-n-transparente-pega-selladora-35g-resistente-al-agua,Silicón transparente / pega selladora 35g resistente al agua,"Silicón transparente / pega selladora 35g resistente al agua

📦 Características:
• 35g
• Transparente
• Resistente a UV
• Impermeable
• Uso interno y externo

✨ Estado: Nuevo
🚚 Disponible para entrega o recogida

🛒 VivaBien — Tu tienda de confianza en República Dominicana",VivaBien,Herramientas y Ferretería,工具五金,TRUE,VB6EC3E65D,75.00,10,VB6EC3E65D.jpg,硅胶密封胶,,工具五金,Herramientas y Ferretería,"Shopify,Facebook Marketplace",价格由 AI 从图片识别：RD$ 75，请在审核台确认
cinta-adhesiva-transparente-tape-ancho,Cinta adhesiva transparente / tape ancho,"Cinta adhesiva transparente / tape ancho

📦 Características:
• Transparente
• Ancho amplio

✨ Estado: Nuevo
🚚 Disponible para entrega o recogida

🛒 VivaBien — Tu tienda de confianza en República Dominicana",VivaBien,Papelería y Oficina,文具办公,TRUE,VB6EC4620A,60.00,10,VB6EC4620A.jpg,透明胶带,,文具办公,Papelería y Oficina,"Shopify,Facebook Marketplace",价格由 AI 从图片识别：RD$ 60，请在审核台确认
pizarra-semanal-planificador-negro-con-cuerda-para-colgar,Pizarra semanal / planificador negro con cuerda para colgar,"Pizarra semanal / planificador negro con cuerda para colgar

📦 Características:
• Negro
• Diseño con cuerda
• planificador semanal

✨ Estado: Nuevo
🚚 Disponible para entrega o recogida

🛒 VivaBien — Tu tienda de confianza en República Dominicana",VivaBien,Decoración del Hogar,家居装饰,TRUE,VB6ED392F6,405.00,10,VB6ED392F6.jpg,周计划板,,家居装饰,Decoración del Hogar,"Shopify,Facebook Marketplace",价格由 AI 从图片识别：RD$ 405，请在审核台确认
planta-decorativa-artificial-160cm,Planta decorativa artificial 160cm,"Manguera verde plástica 1.5m / 160cm

📦 Características:
• 1.5m
• Verde
• material plástico

✨ Estado: Nuevo
🚚 Disponible para entrega o recogida

🛒 VivaBien — Tu tienda de confianza en República Dominicana",VivaBien,Decoración del Hogar,家居装饰,TRUE,VB6F3904C8,2350.00,10,VB6F3904C8.jpg,160cm,,家居装饰,Decoración del Hogar,"Shopify,Facebook Marketplace",
decoraci-n-letras-madera-4-piezas-blanco-y-negro,Decoración letras madera 4 piezas blanco y negro,"Decoración letras madera 4 piezas blanco y negro

📦 Características:
• Combinación blanco y negro
• Base de madera
• 4 letras

✨ Estado: Nuevo
🚚 Disponible para entrega o recogida

🛒 VivaBien — Tu tienda de confianza en República Dominicana",VivaBien,Decoración del Hogar,家居装饰,TRUE,VB6F465893,250.00,10,VB6F465893.jpg,家居字母摆件,,家居装饰,Decoración del Hogar,"Shopify,Facebook Marketplace",价格由 AI 从图片识别：RD$ 250，请在审核台确认
limpiador-facial-jab-n-l-quido-con-niacinamida-para-todo-tip,Limpiador facial / jabón líquido con niacinamida para todo tipo de pie,"Limpiador facial / jabón líquido con niacinamida para todo tipo de pie

📦 Características:
• limpieza profunda
• Con niacinamida
• apto para todo tipo de piel

✨ Estado: Nuevo
🚚 Disponible para entrega o recogida

🛒 VivaBien — Tu tienda de confianza en República Dominicana",VivaBien,Belleza y Cuidado Personal,美容个护,TRUE,VB6FAAFA5A,240.00,10,VB6FAAFA5A.jpg,亮肤洁面乳,,美容个护,Belleza y Cuidado Personal,"Shopify,Facebook Marketplace",⚠ 图片可能拍反，价格从旋转图中识别 | 价格由 AI 从图片识别：RD$ 120，请在审核台确认
cortina-decorativa-guirnalda-de-madera-40cm-negro-y-dorado,Cortina decorativa / guirnalda de madera 40cm negro y dorado,"Cortina decorativa / guirnalda de madera 40cm negro y dorado

📦 Características:
• una cadena
• Cuentas de madera negras y doradas
• Flecos de algodón
• aproximadamente 40cm

✨ Estado: Nuevo
🚚 Disponible para entrega o recogida

🛒 VivaBien — Tu tienda de confianza en República Dominicana",VivaBien,,,TRUE,VB702B3462,230.00,10,VB702B3462.jpg,木珠装饰串,,,,"Shopify,Facebook Marketplace",
figura-decorativa-abstracta-blanca-cer-mica-2-piezas,Figura decorativa abstracta blanca cerámica 2 piezas,"Figura decorativa abstracta blanca cerámica 2 piezas

📦 Características:
• Blanco
• Material cerámico
• Dos piezas

✨ Estado: Nuevo
🚚 Disponible para entrega o recogida

🛒 VivaBien — Tu tienda de confianza en República Dominicana",VivaBien,Decoración del Hogar,家居装饰,TRUE,VB71877F49,485.00,10,VB71877F49.jpg,抽象摆件,,家居装饰,Decoración del Hogar,"Shopify,Facebook Marketplace",价格由 AI 从图片识别：RD$ 485，请在审核台确认
cargador-r-pido-20w-usb-c-a-lightning,Cargador rápido 20W USB-C a Lightning,"Cargador rápido 20W USB-C a Lightning

📦 Características:
• 20W
• USB-C a Lightning

✨ Estado: Nuevo
🚚 Disponible para entrega o recogida

🛒 VivaBien — Tu tienda de confianza en República Dominicana",VivaBien,Electrónicos y Tecnología,电子数码,TRUE,VB71C6AE58,295.00,10,VB71C6AE58.jpg,USB充电器,,电子数码,Electrónicos y Tecnología,"Shopify,Facebook Marketplace",价格由 AI 从图片识别：RD$ 295，请在审核台确认
masajeador-personal-1-unidad-vibrador-p-rpura,Masajeador personal 1 unidad / Vibrador púrpura,"Masajeador personal 1 unidad / Vibrador púrpura

📦 Características:
• 1 unidad
• Morado
• Función estimulante

✨ Estado: Nuevo
🚚 Disponible para entrega o recogida

🛒 VivaBien — Tu tienda de confianza en República Dominicana",VivaBien,Artículos para Adultos,情趣用品,TRUE,VB71DEA3C7,180.00,10,VB71DEA3C7.jpg,震动器,,情趣用品,Artículos para Adultos,"Shopify,Facebook Marketplace",价格由 AI 从图片识别：RD$ 180，请在审核台确认
bocina-inal-mbrica-port-til-speaker-3-pulgadas-luz-azul,Bocina inalámbrica portátil / speaker 3 pulgadas luz azul,"Bocina inalámbrica portátil / speaker 3 pulgadas luz azul

📦 Características:
• 3 pulgadas
• Luz azul
• Portátil

✨ Estado: Nuevo
🚚 Disponible para entrega o recogida

🛒 VivaBien — Tu tienda de confianza en República Dominicana",VivaBien,Electrónicos y Tecnología,电子数码,TRUE,VB71ECE2AE,340.00,10,VB71ECE2AE.jpg,无线音箱,,电子数码,Electrónicos y Tecnología,"Shopify,Facebook Marketplace",⚠ 图片可能拍反，价格从旋转图中识别 | ⚠ 价格疑似识别有误（3.0），已自动修正为 RD$ 30 | 价格由 AI 从图片识别：RD$ 30，请在审核台确认
greca-cafetera-moka-6-tazas-de-aluminio,Greca / cafetera moka 6 tazas de aluminio,"Greca / cafetera moka 6 tazas de aluminio

📦 Características:
• 6 tazas
• hecho de aluminio

✨ Estado: Nuevo
🚚 Disponible para entrega o recogida

🛒 VivaBien — Tu tienda de confianza en República Dominicana",VivaBien,Cocina y Hogar,厨房家居,TRUE,VB72495129,450.00,10,VB72495129.jpg,摩卡咖啡壶,,厨房家居,Cocina y Hogar,"Shopify,Facebook Marketplace",价格由 AI 从图片识别：RD$ 450，请在审核台确认
plato-met-lico-2-compartimientos-plateado,Plato metálico 2 compartimientos plateado,"Plato metálico 2 compartimientos plateado

📦 Características:
• 2 compartimientos
• color plateado
• material metálico

✨ Estado: Nuevo
🚚 Disponible para entrega o recogida

🛒 VivaBien — Tu tienda de confianza en República Dominicana",VivaBien,Decoración del Hogar,家居装饰,TRUE,VB7254A78D,130.00,10,VB7254A78D.jpg,双格银色碟,,家居装饰,Decoración del Hogar,"Shopify,Facebook Marketplace",价格由 AI 从图片识别：RD$ 130，请在审核台确认
incienso-negro-anti-mosquitos-10-unidades-8-horas,Incienso negro anti-mosquitos 10 unidades 8 horas,"Incienso negro anti-mosquitos 10 unidades 8 horas

📦 Características:
• 10 unidades
• Negro
• Efectivo por 8 horas
• Protege contra Zika, dengue y chikungunya

✨ Estado: Nuevo
🚚 Disponible para entrega o recogida

🛒 VivaBien — Tu tienda de confianza en República Dominicana",VivaBien,Otros,其他,TRUE,VB729B05F0,60.00,10,VB729B05F0.jpg,驱蚊黑线香,,其他,Otros,"Shopify,Facebook Marketplace",价格由 AI 从图片识别：RD$ 60，请在审核台确认
crema-hidratante-con-vitamina-c-cido-hialur-nico-blanqueador,Crema hidratante con Vitamina C / ácido hialurónico / blanqueadora,"Crema hidratante con Vitamina C / ácido hialurónico / blanqueadora

📦 Características:
• Vitamina C
• Ácido hialurónico transparente
• Blanqueador hidratante
• Repara la barrera cutánea

✨ Estado: Nuevo
🚚 Disponible para entrega o recogida

🛒 VivaBien — Tu tienda de confianza en República Dominicana",VivaBien,Belleza y Cuidado Personal,美容个护,TRUE,VB72DFD017,240.00,10,VB72DFD017.jpg,维C保湿乳,,美容个护,Belleza y Cuidado Personal,"Shopify,Facebook Marketplace",价格由 AI 从图片识别：RD$ 240，请在审核台确认
placa-oculta-para-carro-matr-cula-negra-privacidad,Placa oculta para carro / matrícula negra privacidad,"Placa oculta para carro / matrícula negra privacidad

📦 Características:
• Diseño oculto
• Protección de privacidad
• Negro

✨ Estado: Nuevo
🚚 Disponible para entrega o recogida

🛒 VivaBien — Tu tienda de confianza en República Dominicana",VivaBien,Herramientas y Ferretería,工具五金,TRUE,VB7338D57C,60.00,10,VB7338D57C.jpg,车牌号码牌,,工具五金,Herramientas y Ferretería,"Shopify,Facebook Marketplace",价格由 AI 从图片识别：RD$ 50，请在审核台确认
spray-arom-tico-88ml-con-tapa-cobre-y-dise-o-vintage,Spray aromático 88ml con tapa cobre y diseño vintage,"Spray aromático 88ml con tapa cobre y diseño vintage

📦 Características:
• 88ml
• tapa de botella color cobre
• empaque con ilustración retro

✨ Estado: Nuevo
🚚 Disponible para entrega o recogida

🛒 VivaBien — Tu tienda de confianza en República Dominicana",VivaBien,Belleza y Cuidado Personal,美容个护,TRUE,VB7399622D,90.00,10,VB7399622D.jpg,香氛喷雾,,美容个护,Belleza y Cuidado Personal,"Shopify,Facebook Marketplace",
pesta-as-postizas-3-pares,pestañas postizas 3 pares,"Kit de pestañas postizas con pinza y empaque láser 🔥🇩🇴

📦 Características:
• Incluye herramientas con pinzas
• pestañas postizas en varias filas
• empaque láser

✨ Estado: Nuevo
🚚 Disponible para entrega o recogida

🛒 VivaBien — Tu tienda de confianza en República Dominicana",VivaBien,Belleza y Cuidado Personal,美容个护,TRUE,VB74430618,235.00,10,VB74430618.jpg,假睫毛套装,,美容个护,Belleza y Cuidado Personal,"Shopify,Facebook Marketplace","品名由豆包识图生成 conf=0.90，卖点:['含镊子工具', '多排假睫毛', '镭射包装'] | 价格待补（AI 不估价）"
cera-soluble-en-agua-cera-depilatoria-150g-aroma-manzana,Cera soluble en agua / cera depilatoria 150g aroma manzana,"Cera soluble en agua / cera depilatoria 150g aroma manzana

📦 Características:
• 150g
• Sabor a manzana

✨ Estado: Nuevo
🚚 Disponible para entrega o recogida

🛒 VivaBien — Tu tienda de confianza en República Dominicana",VivaBien,Belleza y Cuidado Personal,美容个护,TRUE,VB74550D28,120.00,10,VB74550D28.jpg,水溶性蜡,,美容个护,Belleza y Cuidado Personal,"Shopify,Facebook Marketplace",价格由 AI 从图片识别：RD$ 120，请在审核台确认
ganchito-decorativo-colgante-1-unidad-madera-p-rpura,Ganchito decorativo colgante 1 unidad madera púrpura,"Ganchito decorativo colgante 1 unidad madera púrpura

📦 Características:
• 1 unidad
• Morado
• De madera
• Con gancho

✨ Estado: Nuevo
🚚 Disponible para entrega o recogida

🛒 VivaBien — Tu tienda de confianza en República Dominicana",VivaBien,Decoración del Hogar,家居装饰,TRUE,VB746AB38E,255.00,10,VB746AB38E.jpg,花卉挂钩装饰,,家居装饰,Decoración del Hogar,"Shopify,Facebook Marketplace",价格由 AI 从图片识别：RD$ 525，请在审核台确认
mascarilla-de-manos-vitamina-c-niacinamida-hidratante-40g,Mascarilla de manos vitamina C / niacinamida hidratante 40g,"Mascarilla de manos vitamina C / niacinamida hidratante 40g

📦 Características:
• Vitamina C
• niacinamida
• Hidratante
• Reparador
• Ilumina
• 40g

✨ Estado: Nuevo
🚚 Disponible para entrega o recogida

🛒 VivaBien — Tu tienda de confianza en República Dominicana",VivaBien,Belleza y Cuidado Personal,美容个护,TRUE,VB746CD1F7,70.00,10,VB746CD1F7.jpg,维C手膜,,美容个护,Belleza y Cuidado Personal,"Shopify,Facebook Marketplace",价格由 AI 从图片识别：RD$ 70，请在审核台确认
portarretratos-marcos-de-fotos-4x6-coraz-n-rojo-2-unidades,Portarretratos / Marcos de fotos 4x6 corazón rojo 2 unidades,"Portarretratos / Marcos de fotos 4x6 corazón rojo 2 unidades

📦 Características:
• 2 marcos de fotos 4x6
• Rojo
• Marco en forma de corazón

✨ Estado: Nuevo
🚚 Disponible para entrega o recogida

🛒 VivaBien — Tu tienda de confianza en República Dominicana",VivaBien,Decoración del Hogar,家居装饰,TRUE,VB749E19AD,225.00,10,VB749E19AD.jpg,心形相框,,家居装饰,Decoración del Hogar,"Shopify,Facebook Marketplace",价格由 AI 从图片识别：RD$ 275，请在审核台确认 | 价格经二次OCR修正：275 → RD$ 225
hisopos-para-beb-bastoncillos-100-algod-n-55-unidades,Hisopos para bebé / bastoncillos 100% algodón 55 unidades,"Hisopos para bebé / bastoncillos 100% algodón 55 unidades

📦 Características:
• 55 unidades
• 100% algodón
• Diseño seguro

✨ Estado: Nuevo
🚚 Disponible para entrega o recogida

🛒 VivaBien — Tu tienda de confianza en República Dominicana",VivaBien,Bebés y Maternidad,母婴用品,TRUE,VB74B33CAA,85.00,10,VB74B33CAA.jpg,婴儿棉签,,母婴用品,Bebés y Maternidad,"Shopify,Facebook Marketplace",价格由 AI 从图片识别：RD$ 85，请在审核台确认
pincel-fino-brocha-para-detalles-con-mango-transparente,Pincel fino / brocha para detalles con mango transparente,"Pincel fino / brocha para detalles con mango transparente

📦 Características:
• Mango transparente
• Punta fina
• apto para pintura detallada

✨ Estado: Nuevo
🚚 Disponible para entrega o recogida

🛒 VivaBien — Tu tienda de confianza en República Dominicana",VivaBien,Papelería y Oficina,文具办公,TRUE,VB74C87A02,100.00,10,VB74C87A02.jpg,细头画笔,,文具办公,Papelería y Oficina,"Shopify,Facebook Marketplace",价格由 AI 从图片识别：RD$ 100，请在审核台确认
alambre-de-acero-cable-met-lico-1-1mm-x-5m-anti-xido,Alambre de acero / cable metálico 1.1mm x 5m anti óxido,"Alambre de acero / cable metálico 1.1mm x 5m anti óxido

📦 Características:
• Diámetro 1.1mm
• 5 metros
• Antióxido

✨ Estado: Nuevo
🚚 Disponible para entrega o recogida

🛒 VivaBien — Tu tienda de confianza en República Dominicana",VivaBien,Herramientas y Ferretería,工具五金,TRUE,VB74DD63FE,70.00,10,VB74DD63FE.jpg,钢丝线圈,,工具五金,Herramientas y Ferretería,"Shopify,Facebook Marketplace",⚠ 图片可能拍反，价格从旋转图中识别 | 价格由 AI 从图片识别：RD$ 70，请在审核台确认
batidor-manual-pl-stico-verde-mini-mezclador-manual,Batidor manual plástico verde / Mini mezclador manual,"Batidor manual plástico verde / Mini mezclador manual

📦 Características:
• Verde
• plástico
• Manual

✨ Estado: Nuevo
🚚 Disponible para entrega o recogida

🛒 VivaBien — Tu tienda de confianza en República Dominicana",VivaBien,Cocina y Hogar,厨房家居,TRUE,VB7548C931,220.00,10,VB7548C931.jpg,迷你手动搅拌器,,厨房家居,Cocina y Hogar,"Shopify,Facebook Marketplace",价格由 AI 从图片识别：RD$ 220，请在审核台确认
adorno-met-lico-plateado-en-forma-de-rbol,Adorno metálico plateado en forma de árbol,"Adorno metálico plateado en forma de árbol

📦 Características:
• color plateado
• material metálico

✨ Estado: Nuevo
🚚 Disponible para entrega o recogida

🛒 VivaBien — Tu tienda de confianza en República Dominicana",VivaBien,Decoración del Hogar,家居装饰,TRUE,VB75EE33E9,120.00,10,VB75EE33E9.jpg,银色树形摆件,,家居装饰,Decoración del Hogar,"Shopify,Facebook Marketplace",价格由 AI 从图片识别：RD$ 120，请在审核台确认 | 价格经二次OCR修正：120 → RD$ 20
set-de-perfumes-masculinos-ideal-para-regalo,Set de perfumes masculinos ideal para regalo,"Set de fragancia para hombres con perfume, aftershave y gel de baño

📦 Características:
• Incluye gel de baño
• Incluye bálsamo para después de afeitar
• Con perfume ligero
• Capacidad 50ml

✨ Estado: Nuevo
🚚 Disponible para entrega o recogida

🛒 VivaBien — Tu tienda de confianza en República Dominicana",VivaBien,Belleza y Cuidado Personal,美容个护,TRUE,VB7617069F,495.00,10,VB7617069F.jpg,男士香氛套装,,美容个护,Belleza y Cuidado Personal,"Shopify,Facebook Marketplace",
calabaza-decorativa-de-metal-plateado,Calabaza decorativa de metal plateado,"Calabaza decorativa de metal plateado

📦 Características:
• color plateado
• material metálico

✨ Estado: Nuevo
🚚 Disponible para entrega o recogida

🛒 VivaBien — Tu tienda de confianza en República Dominicana",VivaBien,Decoración del Hogar,家居装饰,TRUE,VB7633230C,160.00,10,VB7633230C.jpg,金属南瓜摆件,,家居装饰,Decoración del Hogar,"Shopify,Facebook Marketplace",价格由 AI 从图片识别：RD$ 160，请在审核台确认
spray-desinfectante-alcohol-al-70-botella-port-til,Spray desinfectante / Alcohol al 70% botella portátil,"Spray desinfectante / Alcohol 99% botella portátil

📦 Características:
• 99%
• desinfección
• botella de spray

✨ Estado: Nuevo
🚚 Disponible para entrega o recogida

🛒 VivaBien — Tu tienda de confianza en República Dominicana",VivaBien,Baño y Sanitarios,浴室卫浴,TRUE,VB767C89AC,70.00,10,VB767C89AC.jpg,酒精喷雾,,浴室卫浴,Baño y Sanitarios,"Shopify,Facebook Marketplace",价格由 AI 从图片识别：RD$ 100，请在审核台确认
pegamento-para-u-as-goma-transparente-r-pida,Pegamento para uñas / goma transparente rápida,"Pegamento para uñas / goma transparente rápida

📦 Características:
• Botella transparente
• Adhesión rápida
• Para uñas

✨ Estado: Nuevo
🚚 Disponible para entrega o recogida

🛒 VivaBien — Tu tienda de confianza en República Dominicana",VivaBien,Belleza y Cuidado Personal,美容个护,TRUE,VB76BFA9B2,95.00,10,VB76BFA9B2.jpg,指甲胶水,,美容个护,Belleza y Cuidado Personal,"Shopify,Facebook Marketplace",价格由 AI 从图片识别：RD$ 95，请在审核台确认
bocinas-rgb-parlantes-rgb-en-cubo-1-par-compactas,Bocinas RGB / parlantes RGB en cubo 1 par compactas,"Bocinas RGB / parlantes RGB en cubo 1 par compactas

📦 Características:
• un set
• efecto de luz RGB
• Cubo pequeño

✨ Estado: Nuevo
🚚 Disponible para entrega o recogida

🛒 VivaBien — Tu tienda de confianza en República Dominicana",VivaBien,Electrónicos y Tecnología,电子数码,TRUE,VB76E6F164,495.00,10,VB76E6F164.jpg,RGB音箱,,电子数码,Electrónicos y Tecnología,"Shopify,Facebook Marketplace",价格由 AI 从图片识别：RD$ 495，请在审核台确认
s-rum-blanqueador-vitamina-c-cido-hialur-nico-antiarrugas,Sérum blanqueador / vitamina C / ácido hialurónico antiarrugas,"Sérum blanqueador / vitamina C / ácido hialurónico antiarrugas

📦 Características:
• Blanqueador
• nutrición profunda
• Antienvejecimiento
• Con glutatión
• Con ácido hialurónico

✨ Estado: Nuevo
🚚 Disponible para entrega o recogida

🛒 VivaBien — Tu tienda de confianza en República Dominicana",VivaBien,Belleza y Cuidado Personal,美容个护,TRUE,VB774FFC7B,230.00,10,VB774FFC7B.jpg,维C美白精华,,美容个护,Belleza y Cuidado Personal,"Shopify,Facebook Marketplace",价格由 AI 从图片识别：RD$ 230，请在审核台确认
cuadro-decorativo-madera-marco-con-cuerda-30x30-cm,Cuadro decorativo madera / marco con cuerda 30x30 cm,"Cuadro decorativo madera / marco con cuerda 30x30 cm

📦 Características:
• De madera
• Cordón
• Forma cuadrada

✨ Estado: Nuevo
🚚 Disponible para entrega o recogida

🛒 VivaBien — Tu tienda de confianza en República Dominicana",VivaBien,Decoración del Hogar,家居装饰,TRUE,VB77519CD3,210.00,10,VB77519CD3.jpg,木质家居装饰框,,家居装饰,Decoración del Hogar,"Shopify,Facebook Marketplace",价格由 AI 从图片识别：RD$ 210，请在审核台确认
mascarilla-facial-crema-de-miel-30ml-sin-fragancia-ni-aceite,Mascarilla facial / crema de miel 30ml sin fragancia ni aceites,"Mascarilla facial / crema de miel 30ml sin fragancia ni aceites

📦 Características:
• 30ml
• 15% extracto de propóleo
• Sin fragancias ni aceites esenciales

✨ Estado: Nuevo
🚚 Disponible para entrega o recogida

🛒 VivaBien — Tu tienda de confianza en República Dominicana",VivaBien,Belleza y Cuidado Personal,美容个护,TRUE,VB779A83E8,45.00,10,VB779A83E8.jpg,蜂胶面膜,,美容个护,Belleza y Cuidado Personal,"Shopify,Facebook Marketplace",价格由 AI 从图片识别：RD$ 45，请在审核台确认
kit-de-pesta-as-rosado-con-pinzas-y-gu-a,Kit de pestañas rosado con pinzas y guía,"Kit de pestañas rosado con pinzas y guía

📦 Características:
• Color rosado
• Asistencia para pestañas
• Incluye pinzas y clips auxiliares

✨ Estado: Nuevo
🚚 Disponible para entrega o recogida

🛒 VivaBien — Tu tienda de confianza en República Dominicana",VivaBien,Belleza y Cuidado Personal,美容个护,TRUE,VB77AFF133,80.00,10,VB77AFF133.jpg,美睫工具套装,,美容个护,Belleza y Cuidado Personal,"Shopify,Facebook Marketplace","品名由豆包识图生成 conf=0.80，卖点:['颜色粉色', '美睫辅助', '含镊子、辅助夹']"
antifaz-para-dormir-m-scara-de-ojos-c-modo-dise-o-floral,Antifaz para dormir / máscara de ojos cómodo diseño floral,"Antifaz para dormir / máscara de ojos cómodo diseño floral

📦 Características:
• Diseño estampado
• Rosado y azul
• Material cómodo

✨ Estado: Nuevo
🚚 Disponible para entrega o recogida

🛒 VivaBien — Tu tienda de confianza en República Dominicana",VivaBien,Belleza y Cuidado Personal,美容个护,TRUE,VB77CAC229,90.00,10,VB77CAC229.jpg,眼罩,,美容个护,Belleza y Cuidado Personal,"Shopify,Facebook Marketplace",价格由 AI 从图片识别：RD$ 90，请在审核台确认
pintura-impermeable-sellador-poliuretano-f-cil-de-usar,Pintura impermeable / sellador poliuretano fácil de usar,"Pintura impermeable / sellador poliuretano fácil de usar

📦 Características:
• Impermeable
• Auto-reparación
• Fácil de usar
• Antienvejecimiento

✨ Estado: Nuevo
🚚 Disponible para entrega o recogida

🛒 VivaBien — Tu tienda de confianza en República Dominicana",VivaBien,Herramientas y Ferretería,工具五金,TRUE,VB77E10AB7,225.00,10,VB77E10AB7.jpg,聚氨酯防水涂料,,工具五金,Herramientas y Ferretería,"Shopify,Facebook Marketplace",价格由 AI 从图片识别：RD$ 225，请在审核台确认
mascarilla-para-pies-exfoliante-suavizante-de-piel-muerta,Mascarilla para pies / exfoliante / suavizante de piel muerta,"Mascarilla para pies / exfoliante / suavizante de piel muerta

📦 Características:
• suaviza la piel muerta
• hidratación y humectación
• Elimina piel muerta

✨ Estado: Nuevo
🚚 Disponible para entrega o recogida

🛒 VivaBien — Tu tienda de confianza en República Dominicana",VivaBien,Belleza y Cuidado Personal,美容个护,TRUE,VB782FB27A,110.00,10,VB782FB27A.jpg,足部去角质膜,,美容个护,Belleza y Cuidado Personal,"Shopify,Facebook Marketplace",价格由 AI 从图片识别：RD$ 110，请在审核台确认
reloj-de-pared-reloj-decorativo-redondo-marr-n-quartz,Reloj de pared / reloj decorativo redondo marrón quartz,"Reloj de pared / reloj decorativo redondo marrón quartz

📦 Características:
• redondo
• Color marrón
• Reloj de cuarzo

✨ Estado: Nuevo
🚚 Disponible para entrega o recogida

🛒 VivaBien — Tu tienda de confianza en República Dominicana",VivaBien,Decoración del Hogar,家居装饰,TRUE,VB7858AAEA,290.00,10,VB7858AAEA.jpg,简约挂钟,,家居装饰,Decoración del Hogar,"Shopify,Facebook Marketplace",价格由 AI 从图片识别：RD$ 350，请在审核台确认
crema-para-manchas-piel-grasa-y-mixta-100g,Crema para manchas / piel grasa y mixta 100g,"Crema para manchas / piel grasa y mixta 100g

📦 Características:
• 100g
• Anti manchas
• apto para piel grasa y mixta

✨ Estado: Nuevo
🚚 Disponible para entrega o recogida

🛒 VivaBien — Tu tienda de confianza en República Dominicana",VivaBien,Belleza y Cuidado Personal,美容个护,TRUE,VB78CADD90,255.00,10,,祛斑护肤霜,,美容个护,Belleza y Cuidado Personal,"Shopify,Facebook Marketplace","价格由 AI 从图片识别：RD$ 255，请在审核台确认 | ⚠️ AI 生图失败，可点「重新生图」重试: HTTPSConnectionPool(host='api.quickrouter.ai', port=443): Read timed out. (read timeout=120)"
pinza-prensa-manual-pl-stica-azul,Pinza / prensa manual plástica azul,"Pinza / prensa manual plástica azul

📦 Características:
• Azul
• material plástico
• Diseño portátil

✨ Estado: Nuevo
🚚 Disponible para entrega o recogida

🛒 VivaBien — Tu tienda de confianza en República Dominicana",VivaBien,Herramientas y Ferretería,工具五金,TRUE,VB78EE89F4,50.00,10,VB78EE89F4.jpg,手握式夹具,,工具五金,Herramientas y Ferretería,"Shopify,Facebook Marketplace",
r-mel-original-sellado-pesta-as-largas,"Rímel original sellado, pestañas largas","🍓 Bálsamo labial hidratante fresa, tapa rosa, mini

📦 Características:
• Hidratación con ácido hialurónico
• Patrón de fresa
• Botellita portátil
• Tapa rosada

✨ Estado: Nuevo
🚚 Disponible para entrega o recogida

🛒 VivaBien — Tu tienda de confianza en República Dominicana",VivaBien,Belleza y Cuidado Personal,美容个护,TRUE,VB7900D035,55.00,10,VB7900D035.jpg,睫毛膏,,美容个护,Belleza y Cuidado Personal,"Shopify,Facebook Marketplace","品名由豆包识图生成 conf=0.70，卖点:['透明质酸保湿', '草莓图案', '便携小瓶', '粉色瓶盖']"
mascarilla-mascarilla-para-pies-blanqueadora-40ml,Mascarilla / mascarilla para pies blanqueadora 40ml,"Mascarilla / mascarilla para pies blanqueadora 40ml

📦 Características:
• Uso por 20 minutos
• Blanquea y da brillo
• Efecto desodorante
• Control de sudor
• 40ml

✨ Estado: Nuevo
🚚 Disponible para entrega o recogida

🛒 VivaBien — Tu tienda de confianza en República Dominicana",VivaBien,Belleza y Cuidado Personal,美容个护,TRUE,VB7914CD0A,115.00,10,VB7914CD0A.jpg,足部护理面膜,,美容个护,Belleza y Cuidado Personal,"Shopify,Facebook Marketplace",价格由 AI 从图片识别：RD$ 115，请在审核台确认
llavero-colgador-de-llaves-madera-4-ganchos-decorativo,Llavero / colgador de llaves madera 4 ganchos decorativo,"Llavero / colgador de llaves madera 4 ganchos decorativo

📦 Características:
• 4 ganchos
• De madera
• Con cuentas decorativas

✨ Estado: Nuevo
🚚 Disponible para entrega o recogida

🛒 VivaBien — Tu tienda de confianza en República Dominicana",VivaBien,Decoración del Hogar,家居装饰,TRUE,VB79368E78,255.00,10,VB79368E78.jpg,木质钥匙挂板,,家居装饰,Decoración del Hogar,"Shopify,Facebook Marketplace",价格由 AI 从图片识别：RD$ 525，请在审核台确认
corta-as-alicate-para-u-as-acr-licas-azul,Cortaúñas / alicate para uñas acrílicas azul,"Cortaúñas / alicate para uñas acrílicas azul

📦 Características:
• Mango azul
• Para cortar uñas
• apto para uñas acrílicas

✨ Estado: Nuevo
🚚 Disponible para entrega o recogida

🛒 VivaBien — Tu tienda de confianza en República Dominicana",VivaBien,Belleza y Cuidado Personal,美容个护,TRUE,VB79A6F2FE,110.00,10,VB79A6F2FE.jpg,指甲剪,,美容个护,Belleza y Cuidado Personal,"Shopify,Facebook Marketplace",价格由 AI 从图片识别：RD$ 110，请在审核台确认
portavelas-candelero-de-vidrio-transparente,Portavelas / candelero de vidrio transparente,"Portavelas / candelero de vidrio transparente

📦 Características:
• Transparente
• material de vidrio

✨ Estado: Nuevo
🚚 Disponible para entrega o recogida

🛒 VivaBien — Tu tienda de confianza en República Dominicana",VivaBien,Decoración del Hogar,家居装饰,TRUE,VB7A334EC6,35.00,10,VB7A334EC6.jpg,玻璃烛台,,家居装饰,Decoración del Hogar,"Shopify,Facebook Marketplace",价格由 AI 从图片识别：RD$ 35，请在审核台确认
switch-el-ctrico-de-pared-anti-fuego-con-tornillos-incluidos,Switch eléctrico de pared anti fuego con tornillos incluidos,"Switch eléctrico de pared anti fuego con tornillos incluidos

📦 Características:
• Material resistente al fuego
• Incluye tornillos

✨ Estado: Nuevo
🚚 Disponible para entrega o recogida

🛒 VivaBien — Tu tienda de confianza en República Dominicana",VivaBien,Herramientas y Ferretería,工具五金,TRUE,VB7A42D1C1,70.00,10,VB7A42D1C1.jpg,墙壁开关,,工具五金,Herramientas y Ferretería,"Shopify,Facebook Marketplace",价格由 AI 从图片识别：RD$ 70，请在审核台确认
corta-as-corta-u-as-verde-con-dise-o-c-modo,Cortaúñas / corta uñas verde con diseño cómodo,"Cortaúñas / corta uñas verde con diseño cómodo

📦 Características:
• Verde
• Herramienta para uñas
• Diseño de mango

✨ Estado: Nuevo
🚚 Disponible para entrega o recogida

🛒 VivaBien — Tu tienda de confianza en República Dominicana",VivaBien,Belleza y Cuidado Personal,美容个护,TRUE,VB7AC49BDF,170.00,10,VB7AC49BDF.jpg,指甲剪,,美容个护,Belleza y Cuidado Personal,"Shopify,Facebook Marketplace",价格由 AI 从图片识别：RD$ 170，请在审核台确认
aceite-para-beb-aceite-infantil-200ml-hidratante-y-suave,Aceite para bebé / aceite infantil 200ml hidratante y suave,"Aceite para bebé / aceite infantil 200ml hidratante y suave

📦 Características:
• 200ml
• hidratación
• suave

✨ Estado: Nuevo
🚚 Disponible para entrega o recogida

🛒 VivaBien — Tu tienda de confianza en República Dominicana",VivaBien,Bebés y Maternidad,母婴用品,TRUE,VB7AE72AED,140.00,10,VB7AE72AED.jpg,婴儿护肤油,,母婴用品,Bebés y Maternidad,"Shopify,Facebook Marketplace",价格由 AI 从图片识别：RD$ 140，请在审核台确认
cortador-exacto-cuchilla-retr-ctil-peque-o-naranja-negro,Cortador / Exacto / Cuchilla retráctil pequeño naranja-negro,"Cortador / Exacto / Cuchilla retráctil pequeño naranja-negro

📦 Características:
• Pequeño
• Combinación naranja y negro
• Cuchilla extensible

✨ Estado: Nuevo
🚚 Disponible para entrega o recogida

🛒 VivaBien — Tu tienda de confianza en República Dominicana",VivaBien,Herramientas y Ferretería,工具五金,TRUE,VB7B05A4F8,35.00,10,VB7B05A4F8.jpg,美工刀,,工具五金,Herramientas y Ferretería,"Shopify,Facebook Marketplace",价格由 AI 从图片识别：RD$ 35，请在审核台确认
set-de-cuidado-facial-para-hombres-piel-limpia-y-saludable,"Set de cuidado facial para hombres, piel limpia y saludable","Set de Cuidado Masculino con Crema para Manos y Cuerpo, Elegante Negro

📦 Características:
• Incluye crema para manos y cuerpo
• Empaque negro
• apto para hombres

✨ Estado: Nuevo
🚚 Disponible para entrega o recogida

🛒 VivaBien — Tu tienda de confianza en República Dominicana",VivaBien,Belleza y Cuidado Personal,美容个护,TRUE,VB7B13617A,205.00,10,VB7B13617A.jpg,男士护肤套装,,美容个护,Belleza y Cuidado Personal,"Shopify,Facebook Marketplace",
regleta-naranja-doble-15a-125v-para-conectar-tus-equipos-el-,Regleta naranja doble 15A 125V para conectar tus equipos eléctricos,"Regleta naranja doble 15A 125V para conectar tus equipos eléctricos

📦 Características:
• Color naranja
• 15A
• 125V

✨ Estado: Nuevo
🚚 Disponible para entrega o recogida

🛒 VivaBien — Tu tienda de confianza en República Dominicana",VivaBien,Herramientas y Ferretería,工具五金,TRUE,VB7B153F4B,90.00,10,VB7B153F4B.jpg,双插电源插座,,工具五金,Herramientas y Ferretería,"Shopify,Facebook Marketplace",价格由 AI 从图片识别：RD$ 90，请在审核台确认
pintura-en-spray-dorada-400ml-aerosol-r-pido-secado,Pintura en spray dorada 400ML / aerosol rápido secado,"Pintura en spray dorada 400ML / aerosol rápido secado

📦 Características:
• 400ML
• color dorado
• Para madera, metal y plástico
• Alta luminosidad
• Secado rápido

✨ Estado: Nuevo
🚚 Disponible para entrega o recogida

🛒 VivaBien — Tu tienda de confianza en República Dominicana",VivaBien,Herramientas y Ferretería,工具五金,TRUE,VB7B1860B1,150.00,10,VB7B1860B1.jpg,金色喷漆,,工具五金,Herramientas y Ferretería,"Shopify,Facebook Marketplace",价格由 AI 从图片识别：RD$ 150，请在审核台确认
cepillo-escobilla-azul-con-mango-c-modo-para-limpieza,Cepillo / escobilla azul con mango cómodo para limpieza,"Cepillo / escobilla azul con mango cómodo para limpieza

📦 Características:
• Azul
• Diseño de mango

✨ Estado: Nuevo
🚚 Disponible para entrega o recogida

🛒 VivaBien — Tu tienda de confianza en República Dominicana",VivaBien,Belleza y Cuidado Personal,美容个护,TRUE,VB7B2EB1A2,45.00,10,VB7B2EB1A2.jpg,蓝色刷子,,美容个护,Belleza y Cuidado Personal,"Shopify,Facebook Marketplace",价格由 AI 从图片识别：RD$ 45，请在审核台确认
spray-pintura-en-spray-blanco-r-pido-mate-durable,Spray / pintura en spray blanco rápido mate durable,"Spray / pintura en spray blanco rápido mate durable

📦 Características:
• Blanco
• Secado rápido
• Duradero
• Alta luminosidad
• efecto mate

✨ Estado: Nuevo
🚚 Disponible para entrega o recogida

🛒 VivaBien — Tu tienda de confianza en República Dominicana",VivaBien,Herramientas y Ferretería,工具五金,TRUE,VB7B54D7E7,115.00,10,VB7B54D7E7.jpg,喷漆罐,,工具五金,Herramientas y Ferretería,"Shopify,Facebook Marketplace",价格由 AI 从图片识别：RD$ 115，请在审核台确认
m-quina-de-soldar-inversora-soldadora-el-ctrica-160a,Máquina de soldar inversora / soldadora eléctrica 160A,"Máquina de soldar inversora / soldadora eléctrica 160A

📦 Características:
• Doble voltaje
• Rango de corriente 20-160A
• tecnología IGBT
• certificación ISO9001

✨ Estado: Nuevo
🚚 Disponible para entrega o recogida

🛒 VivaBien — Tu tienda de confianza en República Dominicana",VivaBien,Herramientas y Ferretería,工具五金,TRUE,VB7B7B6696,7995.00,10,VB7B7B6696.jpg,逆变电焊机,,工具五金,Herramientas y Ferretería,"Shopify,Facebook Marketplace",价格由 AI 从图片识别：RD$ 7995，请在审核台确认
soporte-ajustable-aluminio-para-celular-tablet-1-unidad,Soporte ajustable aluminio para celular / tablet 1 unidad,"Soporte ajustable aluminio para celular / tablet 1 unidad

📦 Características:
• 1 unidad
• hecho de aluminio
• Ángulo ajustable
• Para celulares y tabletas

✨ Estado: Nuevo
🚚 Disponible para entrega o recogida

🛒 VivaBien — Tu tienda de confianza en República Dominicana",VivaBien,Electrónicos y Tecnología,电子数码,TRUE,VB7BA431D5,195.00,10,VB7BA431D5.jpg,铝制手机支架,,电子数码,Electrónicos y Tecnología,"Shopify,Facebook Marketplace",价格由 AI 从图片识别：RD$ 195，请在审核台确认
calentador-de-agua-el-ctrico-hervidor-2-0l-color-verde,Calentador de agua eléctrico / hervidor 2.0L color verde,"Calentador de agua eléctrico / hervidor 2.0L color verde

📦 Características:
• 2.0L
• verde claro
• Calentamiento eléctrico

✨ Estado: Nuevo
🚚 Disponible para entrega o recogida

🛒 VivaBien — Tu tienda de confianza en República Dominicana",VivaBien,Cocina y Hogar,厨房家居,TRUE,VB7BC4432A,1400.00,10,VB7BC4432A.jpg,电热水壶,,厨房家居,Cocina y Hogar,"Shopify,Facebook Marketplace",价格由 AI 从图片识别：RD$ 1400，请在审核台确认
ducha-de-mano-tel-fono-de-ducha-con-manguera-silver,Ducha de mano / teléfono de ducha con manguera silver,"Ducha de mano / teléfono de ducha con manguera silver

📦 Características:
• color plateado
• Con manguera
• Cabezal cuadrado

✨ Estado: Nuevo
🚚 Disponible para entrega o recogida

🛒 VivaBien — Tu tienda de confianza en República Dominicana",VivaBien,Baño y Sanitarios,浴室卫浴,TRUE,VB7C120785,230.00,10,VB7C120785.jpg,手持花洒套装,,浴室卫浴,Baño y Sanitarios,"Shopify,Facebook Marketplace",价格由 AI 从图片识别：RD$ 230，请在审核台确认
portarretrato-marco-de-fotos-dorado-4-x6-10x15cm,"Portarretrato / marco de fotos dorado 4""x6"" / 10x15cm","Portarretrato / marco de fotos dorado 4""x6"" / 10x15cm

📦 Características:
• 4""x6""
• 10cmx15cm
• color dorado
• Individual

✨ Estado: Nuevo
🚚 Disponible para entrega o recogida

🛒 VivaBien — Tu tienda de confianza en República Dominicana",VivaBien,Decoración del Hogar,家居装饰,TRUE,VB7C46C9C0,160.00,10,VB7C46C9C0.jpg,金色相框,,家居装饰,Decoración del Hogar,"Shopify,Facebook Marketplace",价格由 AI 从图片识别：RD$ 160，请在审核台确认 | 价格经二次OCR修正：160 → RD$ 360
juego-de-destornilladores-kit-de-herramientas-31-en-1,Juego de destornilladores / kit de herramientas 31 en 1,"Juego de destornilladores / kit de herramientas 31 en 1

📦 Características:
• 31 en 1
• Herramientas de reparación electrónica
• Base naranja
• Tapa transparente

✨ Estado: Nuevo
🚚 Disponible para entrega o recogida

🛒 VivaBien — Tu tienda de confianza en República Dominicana",VivaBien,Herramientas y Ferretería,工具五金,TRUE,VB7CC8A8BE,125.00,10,VB7CC8A8BE.jpg,多功能螺丝刀套装,,工具五金,Herramientas y Ferretería,"Shopify,Facebook Marketplace",价格由 AI 从图片识别：RD$ 125，请在审核台确认
exfoliante-corporal-gel-de-ba-o-de-melocot-n-300ml-natural,Exfoliante corporal / gel de baño de melocotón 300ml natural,"Exfoliante corporal / gel de baño de melocotón 300ml natural

📦 Características:
• 300ml
• exfoliación suave
• 98% extracto natural

✨ Estado: Nuevo
🚚 Disponible para entrega o recogida

🛒 VivaBien — Tu tienda de confianza en República Dominicana",VivaBien,Belleza y Cuidado Personal,美容个护,TRUE,VB7D0BF6C3,165.00,10,VB7D0BF6C3.jpg,桃子磨砂沐浴露,,美容个护,Belleza y Cuidado Personal,"Shopify,Facebook Marketplace",价格由 AI 从图片识别：RD$ 165，请在审核台确认
aromatizante-para-carro-ambientador-lavanda-4-semanas,Aromatizante para carro / ambientador lavanda 4 semanas,"Aromatizante para carro / ambientador lavanda 4 semanas

📦 Características:
• Fragancia de lavanda
• Aroma duradero
• Duración hasta 4 semanas

✨ Estado: Nuevo
🚚 Disponible para entrega o recogida

🛒 VivaBien — Tu tienda de confianza en República Dominicana",VivaBien,Belleza y Cuidado Personal,美容个护,TRUE,VB7D30C36B,110.00,10,VB7D30C36B.jpg,车载香水,,美容个护,Belleza y Cuidado Personal,"Shopify,Facebook Marketplace",价格由 AI 从图片识别：RD$ 110，请在审核台确认
cable-auxiliar-de-audio-3-5mm-100cm-anti-enredo-durable,Cable auxiliar / de audio 3.5mm 100cm anti-enredo durable,"Cable auxiliar / de audio 3.5mm 100cm anti-enredo durable

📦 Características:
• 100cm
• Duradero
• Antienredos
• Alta compatibilidad

✨ Estado: Nuevo
🚚 Disponible para entrega o recogida

🛒 VivaBien — Tu tienda de confianza en República Dominicana",VivaBien,Electrónicos y Tecnología,电子数码,TRUE,VB7D9EC2CB,100.00,10,VB7D9EC2CB.jpg,3.5mm音频线,,电子数码,Electrónicos y Tecnología,"Shopify,Facebook Marketplace",价格由 AI 从图片识别：RD$ 100，请在审核台确认
regleta-con-enchufes-dise-o-moderno-y-seguro-con-protecci-n-,"Regleta con enchufes, diseño moderno y seguro con protección infantil","Regleta con enchufes, diseño moderno y seguro con protección infantil

📦 Características:
• Bloqueo infantil
• Alta potencia
• Diseño minimalista

✨ Estado: Nuevo
🚚 Disponible para entrega o recogida

🛒 VivaBien — Tu tienda de confianza en República Dominicana",VivaBien,Herramientas y Ferretería,工具五金,TRUE,VB7DDB57C6,100.00,10,VB7DDB57C6.jpg,插座开关,,工具五金,Herramientas y Ferretería,"Shopify,Facebook Marketplace",价格由 AI 从图片识别：RD$ 100，请在审核台确认
cera-depilatoria-cera-brasilera-roja-300g-para-cuerpo-y-cara,Cera depilatoria / cera brasilera roja 300g para cuerpo y cara,"Cera depilatoria / cera brasilera roja 300g para cuerpo y cara

📦 Características:
• 300g
• Rojo
• Para rostro y cuerpo
• Cera brasileña

✨ Estado: Nuevo
🚚 Disponible para entrega o recogida

🛒 VivaBien — Tu tienda de confianza en República Dominicana",VivaBien,Belleza y Cuidado Personal,美容个护,TRUE,VB7E0F7EE2,220.00,10,VB7E0F7EE2.jpg,硬蜡豆,,美容个护,Belleza y Cuidado Personal,"Shopify,Facebook Marketplace",价格由 AI 从图片识别：RD$ 220，请在审核台确认
m-quina-de-afeitar-rasuradora-3-hojas-mango-flexible-eco,Máquina de afeitar / rasuradora 3 hojas mango flexible eco,"Máquina de afeitar / rasuradora 3 hojas mango flexible eco

📦 Características:
• 3 cuchillas
• Cabezal flexible
• Aroma de mango
• empaque ecológico

✨ Estado: Nuevo
🚚 Disponible para entrega o recogida

🛒 VivaBien — Tu tienda de confianza en República Dominicana",VivaBien,Belleza y Cuidado Personal,美容个护,TRUE,VB7E41F647,105.00,10,VB7E41F647.jpg,剃须刀,,美容个护,Belleza y Cuidado Personal,"Shopify,Facebook Marketplace",价格由 AI 从图片识别：RD$ 105，请在审核台确认
vendo-jab-n-para-cejas-fija-y-da-forma-f-cil,"Vendo jabón para cejas, fija y da forma fácil","Vendo jabón para cejas, fija y da forma fácil

📦 Características:
• Diseño de cejas

✨ Estado: Nuevo
🚚 Disponible para entrega o recogida

🛒 VivaBien — Tu tienda de confianza en República Dominicana",VivaBien,Belleza y Cuidado Personal,美容个护,TRUE,VB7E821083,45.00,10,VB7E821083.jpg,眉造型皂,,美容个护,Belleza y Cuidado Personal,"Shopify,Facebook Marketplace",品名由豆包识图生成 conf=0.80，卖点:['眉部造型']
adorno-de-oso-met-lico-1-unidad-plateado,Adorno de oso metálico 1 unidad plateado,"Adorno de oso metálico 1 unidad plateado

📦 Características:
• 1 unidad
• color plateado
• material metálico

✨ Estado: Nuevo
🚚 Disponible para entrega o recogida

🛒 VivaBien — Tu tienda de confianza en República Dominicana",VivaBien,Decoración del Hogar,家居装饰,TRUE,VB7E9FE394,240.00,10,VB7E9FE394.jpg,金属熊摆件,,家居装饰,Decoración del Hogar,"Shopify,Facebook Marketplace",价格由 AI 从图片识别：RD$ 240，请在审核台确认
nivel-de-burbuja-nivelador-con-regla-amarillo-3-indicadores-,Nivel de burbuja / nivelador con regla amarillo 3 indicadores  40 centímetros,"Nivel de burbuja / nivelador con regla amarillo 3 indicadores

📦 Características:
• Carcasa amarilla
• Con regla graduada
• tres burbujas niveladoras

✨ Estado: Nuevo
🚚 Disponible para entrega o recogida

🛒 VivaBien — Tu tienda de confianza en República Dominicana",VivaBien,Herramientas y Ferretería,工具五金,TRUE,VB7F091A0E,155.00,10,VB7F091A0E.jpg,水平仪,,工具五金,Herramientas y Ferretería,"Shopify,Facebook Marketplace",价格由 AI 从图片识别：RD$ 155，请在审核台确认
regleta-extensi-n-el-ctrica-6-tomas-con-switch-y-protecci-n,Regleta / extensión eléctrica 6 tomas con switch y protección,"Regleta / extensión eléctrica 6 tomas con switch y protección

📦 Características:
• múltiples puertos
• Con interruptor
• protección contra sobrecarga
• 180 ohmios de resistencia

✨ Estado: Nuevo
🚚 Disponible para entrega o recogida

🛒 VivaBien — Tu tienda de confianza en República Dominicana",VivaBien,Electrónicos y Tecnología,电子数码,TRUE,VB7F6DBF58,250.00,10,VB7F6DBF58.jpg,插座延长线,,电子数码,Electrónicos y Tecnología,"Shopify,Facebook Marketplace",价格由 AI 从图片识别：RD$ 250，请在审核台确认
atrapasue-os-adorno-decorativo-40cm-blanco-con-plumas,Atrapasueños / adorno decorativo 40cm blanco con plumas,"Atrapasueños / adorno decorativo 40cm blanco con plumas

📦 Características:
• Blanco
• Decoración de plumas
• Centro tejido azul
• Diámetro aprox. 40cm

✨ Estado: Nuevo
🚚 Disponible para entrega o recogida

🛒 VivaBien — Tu tienda de confianza en República Dominicana",VivaBien,,,TRUE,VB7FB434BC,350.00,10,VB7FB434BC.jpg,捕梦网挂饰,,,,"Shopify,Facebook Marketplace",
trementina-aguarr-s-l-quido-naranja-120ml-botella,Trementina / aguarrás líquido naranja 120ml botella,"Trementina / aguarrás líquido naranja 120ml botella

📦 Características:
• Líquido naranja
• Embotellado
• Capacidad 120ml

✨ Estado: Nuevo
🚚 Disponible para entrega o recogida

🛒 VivaBien — Tu tienda de confianza en República Dominicana",VivaBien,Herramientas y Ferretería,工具五金,TRUE,VB7FC3C151,110.00,10,VB7FC3C151.jpg,松节油,,工具五金,Herramientas y Ferretería,"Shopify,Facebook Marketplace",
parche-protector-pegatina-para-rozaduras-resistente,Parche protector / pegatina para rozaduras resistente,"Parche protector / pegatina para rozaduras resistente

📦 Características:
• Espuma PE de alta elasticidad
• Cómodo y resistente al desgaste
• Resistente al agua y al sudor
• Sin residuos de pegamento

✨ Estado: Nuevo
🚚 Disponible para entrega o recogida

🛒 VivaBien — Tu tienda de confianza en República Dominicana",VivaBien,Belleza y Cuidado Personal,美容个护,TRUE,VB7FF4D3F4,60.00,10,VB7FF4D3F4.jpg,防磨贴片,,美容个护,Belleza y Cuidado Personal,"Shopify,Facebook Marketplace",价格由 AI 从图片识别：RD$ 60，请在审核台确认
sachet-arom-tico-bolsita-perfumada-rosa-seca-con-decoraci-n,Sachet aromático / bolsita perfumada rosa seca con decoración,"Sachet aromático / bolsita perfumada rosa seca con decoración

📦 Características:
• aroma de rosas
• Con pétalos secos
• Incluye adornos

✨ Estado: Nuevo
🚚 Disponible para entrega o recogida

🛒 VivaBien — Tu tienda de confianza en República Dominicana",VivaBien,Decoración del Hogar,家居装饰,TRUE,VB805040B9,120.00,10,VB805040B9.jpg,玫瑰香包,,家居装饰,Decoración del Hogar,"Shopify,Facebook Marketplace",价格由 AI 从图片识别：RD$ 120，请在审核台确认
cera-dura-cera-depilatoria-en-granos-100g-verde,Cera dura / cera depilatoria en granos 100g verde,"Cera dura / cera depilatoria en granos 100g verde

📦 Características:
• 100g
• Verde
• Depilación

✨ Estado: Nuevo
🚚 Disponible para entrega o recogida

🛒 VivaBien — Tu tienda de confianza en República Dominicana",VivaBien,Belleza y Cuidado Personal,美容个护,TRUE,VB8057725D,100.00,10,VB8057725D.jpg,硬蜡豆,,美容个护,Belleza y Cuidado Personal,"Shopify,Facebook Marketplace",价格由 AI 从图片识别：RD$ 100，请在审核台确认
toma-corriente-y-apagador-de-pared-con-dise-o-seguro-y-resis,Toma corriente y apagador de pared con diseño seguro y resistente,"Toma corriente y apagador de pared con diseño seguro y resistente

📦 Características:
• montaje en pared
• Con enchufe
• Diseño seguro

✨ Estado: Nuevo
🚚 Disponible para entrega o recogida

🛒 VivaBien — Tu tienda de confianza en República Dominicana",VivaBien,Herramientas y Ferretería,工具五金,TRUE,VB80F4C47C,65.00,10,VB80F4C47C.jpg,墙面插座开关,,工具五金,Herramientas y Ferretería,"Shopify,Facebook Marketplace",价格由 AI 从图片识别：RD$ 65，请在审核台确认
micr-fono-inal-mbrico-karaoke-negro-con-receptor,Micrófono inalámbrico / karaoke negro con receptor,"Micrófono inalámbrico / karaoke negro con receptor

📦 Características:
• Inalámbrico
• Negro
• Con receptor

✨ Estado: Nuevo
🚚 Disponible para entrega o recogida

🛒 VivaBien — Tu tienda de confianza en República Dominicana",VivaBien,Electrónicos y Tecnología,电子数码,TRUE,VB80FCB0CF,1100.00,10,VB80FCB0CF.jpg,无线麦克风,,电子数码,Electrónicos y Tecnología,"Shopify,Facebook Marketplace",价格由 AI 从图片识别：RD$ 175，请在审核台确认
set-de-colgantes-decorativos-de-madera-macram-1-pieza,Set de colgantes decorativos de madera / macramé 1 pieza,"Set de colgantes decorativos de madera / macramé 1 pieza

📦 Características:
• un set
• De madera
• Decoración con cuerda
• Fondo blanco

✨ Estado: Nuevo
🚚 Disponible para entrega o recogida

🛒 VivaBien — Tu tienda de confianza en República Dominicana",VivaBien,,,TRUE,VB8145C4FA,360.00,10,VB8145C4FA.jpg,家居装饰挂件,,,,"Shopify,Facebook Marketplace",
pegamento-para-extensiones-de-cabello,Pegamento para extensiones de cabello,"Silicón / pega anti moho 30mL para baño y cocina

📦 Características:
• 30mL
• Función antimohos

✨ Estado: Nuevo
🚚 Disponible para entrega o recogida

🛒 VivaBien — Tu tienda de confianza en República Dominicana",VivaBien,Belleza y Cuidado Personal,美容个护,TRUE,VB814FCBE0,80.00,10,VB814FCBE0.jpg,发胶,,美容个护,Belleza y Cuidado Personal,"Shopify,Facebook Marketplace",价格由 AI 从图片识别：RD$ 80，请在审核台确认
l-mpara-uv-clip-ajustable-luz-violeta,Lámpara UV clip ajustable / luz violeta,"Lámpara UV clip ajustable / luz violeta

📦 Características:
• Ángulo regulable
• Morado

✨ Estado: Nuevo
🚚 Disponible para entrega o recogida

🛒 VivaBien — Tu tienda de confianza en República Dominicana",VivaBien,Herramientas y Ferretería,工具五金,TRUE,VB81521654,340.00,10,VB81521654.jpg,夹式紫外灯,,工具五金,Herramientas y Ferretería,"Shopify,Facebook Marketplace",价格由 AI 从图片识别：RD$ 350，请在审核台确认 | 价格经二次OCR修正：350 → RD$ 340
broca-para-taladro-barrena-3-8x110mm-concreto,Broca para taladro / barrena 3/8x110mm concreto,"Broca para taladro / barrena 3/8x110mm concreto

📦 Características:
• 3/8x110mm
• Empaque amarillo
• Para concreto

✨ Estado: Nuevo
🚚 Disponible para entrega o recogida

🛒 VivaBien — Tu tienda de confianza en República Dominicana",VivaBien,Herramientas y Ferretería,工具五金,TRUE,VB81535741,80.00,10,VB81535741.jpg,电锤钻头,,工具五金,Herramientas y Ferretería,"Shopify,Facebook Marketplace",价格由 AI 从图片识别：RD$ 80，请在审核台确认
u-as-postizas-u-as-acr-licas-azul-leopardo-12-piezas,Uñas postizas / uñas acrílicas azul leopardo 12 piezas,"Uñas postizas / uñas acrílicas azul leopardo 12 piezas

📦 Características:
• Patrón de leopardo azul
• 12 hojas por paquete
• Material de gel

✨ Estado: Nuevo
🚚 Disponible para entrega o recogida

🛒 VivaBien — Tu tienda de confianza en República Dominicana",VivaBien,Belleza y Cuidado Personal,美容个护,TRUE,VB8213DC6A,90.00,10,VB8213DC6A.jpg,按压式美甲,,美容个护,Belleza y Cuidado Personal,"Shopify,Facebook Marketplace",
adorno-met-lico-decoraci-n-en-plata-figura-plateada,Adorno metálico / decoración en plata / figura plateada,"Adorno metálico / decoración en plata / figura plateada

📦 Características:
• material metálico
• color plateado

✨ Estado: Nuevo
🚚 Disponible para entrega o recogida

🛒 VivaBien — Tu tienda de confianza en República Dominicana",VivaBien,Decoración del Hogar,家居装饰,TRUE,VB82496904,185.00,10,VB82496904.jpg,金属摆件,,家居装饰,Decoración del Hogar,"Shopify,Facebook Marketplace",价格由 AI 从图片识别：RD$ 185，请在审核台确认
adorno-dorado-decoraci-n-con-cristal-dise-o-calado,Adorno dorado / decoración con cristal diseño calado,"Adorno dorado / decoración con cristal diseño calado

📦 Características:
• color dorado
• diseño calado
• decoración de cristal

✨ Estado: Nuevo
🚚 Disponible para entrega o recogida

🛒 VivaBien — Tu tienda de confianza en República Dominicana",VivaBien,Decoración del Hogar,家居装饰,TRUE,VB82A7A6D4,,10,VB82A7A6D4.jpg,金色装饰摆件,,家居装饰,Decoración del Hogar,"Shopify,Facebook Marketplace",
set-de-perfumes-y-cuidado-personal-dise-o-exclusivo-50ml-y-m,Set de perfumes y cuidado personal diseño exclusivo 50ml y más,"Set de perfumes y cuidado personal diseño exclusivo 50ml y más

📦 Características:
• Incluye perfume, loción para después de afeitar, gel de baño
• serie de diseñador
• Capacidad indicada: 50ml, 20ml, etc.

✨ Estado: Nuevo
🚚 Disponible para entrega o recogida

🛒 VivaBien — Tu tienda de confianza en República Dominicana",VivaBien,Belleza y Cuidado Personal,美容个护,TRUE,VB835797C4,495.00,10,VB835797C4.jpg,香水礼盒,,美容个护,Belleza y Cuidado Personal,"Shopify,Facebook Marketplace",
extensi-n-alargador-20-pies-naranja-3-l-neas-pesada,Extensión / alargador 20 pies naranja 3 líneas pesada,"Extensión / alargador 20 pies naranja 3 líneas pesada

📦 Características:
• 20 pies
• Color naranja
• Uso pesado
• tres cables con tierra

✨ Estado: Nuevo
🚚 Disponible para entrega o recogida

🛒 VivaBien — Tu tienda de confianza en República Dominicana",VivaBien,Herramientas y Ferretería,工具五金,TRUE,VB83818971,190.00,10,VB83818971.jpg,室内外延长线,,工具五金,Herramientas y Ferretería,"Shopify,Facebook Marketplace",价格由 AI 从图片识别：RD$ 190，请在审核台确认
l-mpara-nocturna-difusor-de-agua-con-ventilador-verde,Lámpara nocturna / difusor de agua con ventilador verde,"Lámpara nocturna / difusor de agua con ventilador verde

📦 Características:
• Verde
• neblina de agua
• Aire acondicionado
• Ventilador

✨ Estado: Nuevo
🚚 Disponible para entrega o recogida

🛒 VivaBien — Tu tienda de confianza en República Dominicana",VivaBien,Decoración del Hogar,家居装饰,TRUE,VB8383CBB9,750.00,10,VB8383CBB9.jpg,双喷夜灯,,家居装饰,Decoración del Hogar,"Shopify,Facebook Marketplace",价格由 AI 从图片识别：RD$ 750，请在审核台确认
cable-usb-type-c-r-pido-100cm,Cable USB / Type-C rápido 100cm,"Cable USB / Type-C rápido 100cm

📦 Características:
• 100cm
• Carga rápida
• no quema las manos

✨ Estado: Nuevo
🚚 Disponible para entrega o recogida

🛒 VivaBien — Tu tienda de confianza en República Dominicana",VivaBien,Electrónicos y Tecnología,电子数码,TRUE,VB8469A070,95.00,10,VB8469A070.jpg,USB转Type-C线,,电子数码,Electrónicos y Tecnología,"Shopify,Facebook Marketplace",价格由 AI 从图片识别：RD$ 95，请在审核台确认
pesta-as-postizas-multi-cluster-efecto-alargado,Pestañas postizas multi-cluster efecto alargado,"Pestañas postizas multi-cluster efecto alargado

📦 Características:
• varios racimos
• Prolonga el efecto
• Efecto de extensión de pestañas

✨ Estado: Nuevo
🚚 Disponible para entrega o recogida

🛒 VivaBien — Tu tienda de confianza en República Dominicana",VivaBien,Belleza y Cuidado Personal,美容个护,TRUE,VB850869F5,160.00,10,VB850869F5.jpg,多簇假睫毛,,美容个护,Belleza y Cuidado Personal,"Shopify,Facebook Marketplace","品名由豆包识图生成 conf=0.80，卖点:['多簇装', '延长效果', '睫毛扩展效果']"
pomada-para-beb-50g-crema-calmante-eucalipto-y-manzanilla,Pomada para bebé 50g / crema calmante eucalipto y manzanilla,"Pomada para bebé 50g / crema calmante eucalipto y manzanilla

📦 Características:
• 50g
• Con aroma de eucalipto y manzanilla
• apto para bebés de más de 3 meses

✨ Estado: Nuevo
🚚 Disponible para entrega o recogida

🛒 VivaBien — Tu tienda de confianza en República Dominicana",VivaBien,Bebés y Maternidad,母婴用品,TRUE,VB850AF15D,170.00,10,VB850AF15D.jpg,婴儿舒缓膏,,母婴用品,Bebés y Maternidad,"Shopify,Facebook Marketplace",价格由 AI 从图片识别：RD$ 170，请在审核台确认
espuma-limpiadora-desengrasante-con-cepillo-aroma-lim-n,Espuma limpiadora / desengrasante con cepillo aroma limón,"Espuma limpiadora / desengrasante con cepillo aroma limón

📦 Características:
• Aroma a limón
• Antibacterial y desodorante
• Elimina moho y suciedad
• Con diseño de cabezal de cepillo

✨ Estado: Nuevo
🚚 Disponible para entrega o recogida

🛒 VivaBien — Tu tienda de confianza en República Dominicana",VivaBien,Herramientas y Ferretería,工具五金,TRUE,VB85432837,160.00,10,VB85432837.jpg,泡沫清洁剂,,工具五金,Herramientas y Ferretería,"Shopify,Facebook Marketplace",价格由 AI 从图片识别：RD$ 160，请在审核台确认
bocina-bluetooth-port-til-speaker-con-micr-fono-52mm,Bocina Bluetooth portátil / speaker con micrófono 52mm,"Bocina Bluetooth portátil / speaker con micrófono 52mm

📦 Características:
• Portátil
• Con micrófono
• Alto volumen
• 52mm

✨ Estado: Nuevo
🚚 Disponible para entrega o recogida

🛒 VivaBien — Tu tienda de confianza en República Dominicana",VivaBien,Electrónicos y Tecnología,电子数码,TRUE,VB85815F02,295.00,10,VB85815F02.jpg,无线音箱,,电子数码,Electrónicos y Tecnología,"Shopify,Facebook Marketplace",价格由 AI 从图片识别：RD$ 295，请在审核台确认
tostadora-m-quina-de-pan-2-rebanadas-650w-f-cil-limpiar,Tostadora / máquina de pan 2 rebanadas 650W fácil limpiar,"Tostadora / máquina de pan 2 rebanadas 650W fácil limpiar

📦 Características:
• 2 piezas
• 650W
• Fácil de limpiar
• Diseño de ranura
• Ahorro de tiempo rápido

✨ Estado: Nuevo
🚚 Disponible para entrega o recogida

🛒 VivaBien — Tu tienda de confianza en República Dominicana",VivaBien,Cocina y Hogar,厨房家居,TRUE,VB85D42A2B,925.00,10,,双槽烤面包机,,厨房家居,Cocina y Hogar,"Shopify,Facebook Marketplace","价格由 AI 从图片识别：RD$ 925，请在审核台确认 | ⚠️ AI 生图失败，可点「重新生图」重试: HTTPSConnectionPool(host='api.quickrouter.ai', port=443): Read timed out. (read timeout=120)"
crema-blanqueadora-aclarante-con-vitamina-c-3-d-as,Crema blanqueadora / aclarante con Vitamina C 3 días,"Crema blanqueadora / aclarante con Vitamina C 3 días

📦 Características:
• Blanqueamiento en 3 días
• apto para áreas sensibles
• blanqueamiento activo
• Con vitamina C y glutatión

✨ Estado: Nuevo
🚚 Disponible para entrega o recogida

🛒 VivaBien — Tu tienda de confianza en República Dominicana",VivaBien,Belleza y Cuidado Personal,美容个护,TRUE,VB85F6886F,165.00,10,VB85F6886F.jpg,维C美白霜,,美容个护,Belleza y Cuidado Personal,"Shopify,Facebook Marketplace",价格由 AI 从图片识别：RD$ 165，请在审核台确认
pinza-corta-alambre-18-mango-naranja-heavy-duty,"Pinza / corta alambre 18"" mango naranja heavy duty","Pinza / corta alambre 18"" mango naranja heavy duty

📦 Características:
• 18 pulgadas
• Mango naranja
• Diseño para uso pesado

✨ Estado: Nuevo
🚚 Disponible para entrega o recogida

🛒 VivaBien — Tu tienda de confianza en República Dominicana",VivaBien,Herramientas y Ferretería,工具五金,TRUE,VB862170C4,635.00,10,,钢丝剪刀,,工具五金,Herramientas y Ferretería,"Shopify,Facebook Marketplace","价格由 AI 从图片识别：RD$ 635，请在审核台确认 | ⚠️ AI 生图失败，可点「重新生图」重试: HTTPSConnectionPool(host='api.quickrouter.ai', port=443): Read timed out. (read timeout=120)"
figura-decorativa-adorno-de-elefante-plateado-1-unidad,Figura decorativa / adorno de elefante plateado 1 unidad,"Figura decorativa / adorno de elefante plateado 1 unidad

📦 Características:
• 1 unidad
• color plateado
• Material cerámico

✨ Estado: Nuevo
🚚 Disponible para entrega o recogida

🛒 VivaBien — Tu tienda de confianza en República Dominicana",VivaBien,Decoración del Hogar,家居装饰,TRUE,VB86586147,80.00,10,VB86586147.jpg,银色大象摆件,,家居装饰,Decoración del Hogar,"Shopify,Facebook Marketplace",价格由 AI 从图片识别：RD$ 80，请在审核台确认
mini-abanico-port-til-ventilador-de-mano-3-velocidades,Mini abanico portátil / ventilador de mano 3 velocidades,"Mini abanico portátil / ventilador de mano 3 velocidades

📦 Características:
• tres niveles de fuerza de viento
• Diseño práctico

✨ Estado: Nuevo
🚚 Disponible para entrega o recogida

🛒 VivaBien — Tu tienda de confianza en República Dominicana",VivaBien,Electrónicos y Tecnología,电子数码,TRUE,VB86FBFF69,540.00,10,VB86FBFF69.jpg,迷你冷风扇,,电子数码,Electrónicos y Tecnología,"Shopify,Facebook Marketplace",价格由 AI 从图片识别：RD$ 540，请在审核台确认
spray-arom-tico-250ml-botella-roja-con-tapa-dorada-elegante,"Spray aromático 250ml, botella roja con tapa dorada elegante","Spray aromático 250ml, botella roja con tapa dorada elegante

📦 Características:
• 250ml
• Botella roja
• cubierta dorada
• Spray aromático

✨ Estado: Nuevo
🚚 Disponible para entrega o recogida

🛒 VivaBien — Tu tienda de confianza en República Dominicana",VivaBien,Belleza y Cuidado Personal,美容个护,TRUE,VB870A110F,280.00,10,VB870A110F.jpg,香氛喷雾,,美容个护,Belleza y Cuidado Personal,"Shopify,Facebook Marketplace",
mouse-rat-n-usb-negro-para-oficina,Mouse / Ratón USB negro para oficina,"Mouse / Ratón USB negro para oficina

📦 Características:
• puerto USB
• Negro
• Para oficina

✨ Estado: Nuevo
🚚 Disponible para entrega o recogida

🛒 VivaBien — Tu tienda de confianza en República Dominicana",VivaBien,Electrónicos y Tecnología,电子数码,TRUE,VB871E97D9,125.00,10,VB871E97D9.jpg,有线鼠标,,电子数码,Electrónicos y Tecnología,"Shopify,Facebook Marketplace",价格由 AI 从图片识别：RD$ 125，请在审核台确认
aud-fonos-headphones-con-entrada-lightning,Audífonos / headphones con entrada Lightning,"Audífonos / headphones con entrada Lightning

📦 Características:
• puerto Lightning

✨ Estado: Nuevo
🚚 Disponible para entrega o recogida

🛒 VivaBien — Tu tienda de confianza en República Dominicana",VivaBien,Electrónicos y Tecnología,电子数码,TRUE,VB8739671B,410.00,10,VB8739671B.jpg,耳机,,电子数码,Electrónicos y Tecnología,"Shopify,Facebook Marketplace",价格由 AI 从图片识别：RD$ 410，请在审核台确认
ganchos-colgadores-madera-3-unidades-letras-doradas,Ganchos / colgadores madera 3 unidades letras doradas,"Ganchos / colgadores madera 3 unidades letras doradas

📦 Características:
• 3 ganchos
• De madera
• decoración con letras doradas

✨ Estado: Nuevo
🚚 Disponible para entrega o recogida

🛒 VivaBien — Tu tienda de confianza en República Dominicana",VivaBien,Decoración del Hogar,家居装饰,TRUE,VB876E3E9F,190.00,10,VB876E3E9F.jpg,爱字挂钩,,家居装饰,Decoración del Hogar,"Shopify,Facebook Marketplace",价格由 AI 从图片识别：RD$ 175，请在审核台确认
adorno-met-lico-decoraci-n-de-metal-para-sala,Adorno metálico / decoración de metal para sala,"Adorno metálico / decoración de metal para sala

📦 Características:
• material metálico

✨ Estado: Nuevo
🚚 Disponible para entrega o recogida

🛒 VivaBien — Tu tienda de confianza en República Dominicana",VivaBien,Decoración del Hogar,家居装饰,TRUE,VB87A16D31,120.00,10,VB87A16D31.jpg,金属摆件,,家居装饰,Decoración del Hogar,"Shopify,Facebook Marketplace",价格由 AI 从图片识别：RD$ 120，请在审核台确认
aikeman-pesta-as-postizas-kit-volumen-natural-y-f-cil-diy,"AIKEMAN pestañas postizas kit, volumen natural y fácil DIY","AIKEMAN pestañas postizas kit, volumen natural y fácil DIY

📦 Características:
• Alta capacidad
• Simulación natural
• DIY

✨ Estado: Nuevo
🚚 Disponible para entrega o recogida

🛒 VivaBien — Tu tienda de confianza en República Dominicana",VivaBien,Belleza y Cuidado Personal,美容个护,TRUE,VB87C31DF4,240.00,10,VB87C31DF4.jpg,AIKEMAN睫毛套装,,美容个护,Belleza y Cuidado Personal,"Shopify,Facebook Marketplace","品名由豆包识图生成 conf=0.80，卖点:['大容量', '自然仿真', 'DIY']"
cuchilla-de-precisi-n-exacto-con-mango-met-lico-y-repuestos,Cuchilla de precisión / Exacto con mango metálico y repuestos,"Cuchilla de precisión / Exacto con mango metálico y repuestos

📦 Características:
• mango metálico
• Incluye cuchillas de repuesto
• Para cortar modelos, trabajos artísticos, madera, cartón, vinilo y papel tapiz

✨ Estado: Nuevo
🚚 Disponible para entrega o recogida

🛒 VivaBien — Tu tienda de confianza en República Dominicana",VivaBien,Herramientas y Ferretería,工具五金,TRUE,VB8814333A,120.00,10,VB8814333A.jpg,精密刀,,工具五金,Herramientas y Ferretería,"Shopify,Facebook Marketplace",价格由 AI 从图片识别：RD$ 120，请在审核台确认
cerradura-pestillo-negro-con-llave-para-puertas-interiores,Cerradura / pestillo negro con llave para puertas interiores,"Cerradura / pestillo negro con llave para puertas interiores

📦 Características:
• Negro
• Con llave
• Función de privacidad
• Para puertas

✨ Estado: Nuevo
🚚 Disponible para entrega o recogida

🛒 VivaBien — Tu tienda de confianza en República Dominicana",VivaBien,Herramientas y Ferretería,工具五金,TRUE,VB886A1892,370.00,10,VB886A1892.jpg,门锁套装,,工具五金,Herramientas y Ferretería,"Shopify,Facebook Marketplace",价格由 AI 从图片识别：RD$ 370，请在审核台确认
kit-de-belleza-port-til-tijeras-rosadas-corta-as-brochas,Kit de belleza portátil: tijeras rosadas / cortaúñas / brochas,"Kit de belleza portátil: tijeras rosadas / cortaúñas / brochas

📦 Características:
• Tijera rosada
• Cortaúñas
• Esponja de maquillaje
• Brocha de maquillaje
• Diseño práctico

✨ Estado: Nuevo
🚚 Disponible para entrega o recogida

🛒 VivaBien — Tu tienda de confianza en República Dominicana",VivaBien,Belleza y Cuidado Personal,美容个护,TRUE,VB887C2FDF,85.00,10,VB887C2FDF.jpg,美容工具套装,,美容个护,Belleza y Cuidado Personal,"Shopify,Facebook Marketplace",价格由 AI 从图片识别：RD$ 85，请在审核台确认
alcohol-desinfectante-500ml-para-uso-externo,Alcohol / desinfectante 500ml para uso externo,"Alcohol / desinfectante 500ml para uso externo

📦 Características:
• 500ml
• uso externo

✨ Estado: Nuevo
🚚 Disponible para entrega o recogida

🛒 VivaBien — Tu tienda de confianza en República Dominicana",VivaBien,Belleza y Cuidado Personal,美容个护,TRUE,VB8893F8DE,95.00,10,VB8893F8DE.jpg,康斯坦萨酒精,,美容个护,Belleza y Cuidado Personal,"Shopify,Facebook Marketplace",价格由 AI 从图片识别：RD$ 95，请在审核台确认
u-as-postizas-u-as-acr-licas-azul-con-dise-o-de-puntos,Uñas postizas / uñas acrílicas azul con diseño de puntos,"Uñas postizas / uñas acrílicas azul con diseño de puntos

📦 Características:
• Azul
• diseño de puntos
• diseño alargado

✨ Estado: Nuevo
🚚 Disponible para entrega o recogida

🛒 VivaBien — Tu tienda de confianza en República Dominicana",VivaBien,Belleza y Cuidado Personal,美容个护,TRUE,VB88CFC216,60.00,10,VB88CFC216.jpg,假指甲贴,,美容个护,Belleza y Cuidado Personal,"Shopify,Facebook Marketplace",价格由 AI 从图片识别：RD$ 60，请在审核台确认
u-as-postizas-u-as-acr-licas-arco-ris-naturales-c-modas,Uñas postizas / uñas acrílicas arcoíris naturales cómodas,"Uñas postizas / uñas acrílicas arcoíris naturales cómodas

📦 Características:
• Color arcoíris
• Uso cómodo y natural
• calidad profesional

✨ Estado: Nuevo
🚚 Disponible para entrega o recogida

🛒 VivaBien — Tu tienda de confianza en República Dominicana",VivaBien,Belleza y Cuidado Personal,美容个护,TRUE,VB8948B29F,85.00,10,VB8948B29F.jpg,美甲贴片,,美容个护,Belleza y Cuidado Personal,"Shopify,Facebook Marketplace",价格由 AI 从图片识别：RD$ 85，请在审核台确认
pistola-de-silic-n-pistola-de-pega-azul-manual-metalizada,Pistola de silicón / pistola de pega azul manual metalizada,"Pistola de silicón / pistola de pega azul manual metalizada

📦 Características:
• Azul
• material metálico
• Operación manual

✨ Estado: Nuevo
🚚 Disponible para entrega o recogida

🛒 VivaBien — Tu tienda de confianza en República Dominicana",VivaBien,Herramientas y Ferretería,工具五金,TRUE,VB898CE146,135.00,10,VB898CE146.jpg,胶枪,,工具五金,Herramientas y Ferretería,"Shopify,Facebook Marketplace",价格由 AI 从图片识别：RD$ 135，请在审核台确认
pinza-punta-larga-alicate-de-punta-fina-antideslizante,Pinza punta larga / alicate de punta fina antideslizante,"Pinza punta larga / alicate de punta fina antideslizante

📦 Características:
• mango largo
• Combinación negro y azul
• Mango antideslizante

✨ Estado: Nuevo
🚚 Disponible para entrega o recogida

🛒 VivaBien — Tu tienda de confianza en República Dominicana",VivaBien,Herramientas y Ferretería,工具五金,TRUE,VB899915F5,195.00,10,VB899915F5.jpg,尖嘴钳,,工具五金,Herramientas y Ferretería,"Shopify,Facebook Marketplace",价格由 AI 从图片识别：RD$ 195，请在审核台确认
preservativos-condones-3-unidades-de-l-tex-lubricados,Preservativos / condones 3 unidades de látex lubricados,"Preservativos / condones 3 unidades de látex lubricados

📦 Características:
• 3 unidades
• Látex de caucho natural
• lubricación

✨ Estado: Nuevo
🚚 Disponible para entrega o recogida

🛒 VivaBien — Tu tienda de confianza en República Dominicana",VivaBien,Artículos para Adultos,情趣用品,TRUE,VB89BE3515,100.00,10,VB89BE3515.jpg,男用安全套,,情趣用品,Artículos para Adultos,"Shopify,Facebook Marketplace",价格由 AI 从图片识别：RD$ 100，请在审核台确认
cinta-adhesiva-amarilla-ancha-tape-amarillo-ancho,Cinta adhesiva amarilla ancha / tape amarillo ancho,"Cinta adhesiva amarilla ancha / tape amarillo ancho

📦 Características:
• Amarillo
• Ancho amplio

✨ Estado: Nuevo
🚚 Disponible para entrega o recogida

🛒 VivaBien — Tu tienda de confianza en República Dominicana",VivaBien,Herramientas y Ferretería,工具五金,TRUE,VB89E28412,110.00,10,VB89E28412.jpg,黄色胶带,,工具五金,Herramientas y Ferretería,"Shopify,Facebook Marketplace",价格由 AI 从图片识别：RD$ 110，请在审核台确认
bater-as-recargables-pilas-2800mah-ni-mh-4-unidades,Baterías recargables / pilas 2800mAh Ni-MH 4 unidades,"Baterías recargables / pilas 2800mAh Ni-MH 4 unidades

📦 Características:
• 4 unidades
• 2800mAh
• Ni-MH

✨ Estado: Nuevo
🚚 Disponible para entrega o recogida

🛒 VivaBien — Tu tienda de confianza en República Dominicana",VivaBien,Electrónicos y Tecnología,电子数码,TRUE,VB8A9B667B,245.00,10,VB8A9B667B.jpg,充电电池,,电子数码,Electrónicos y Tecnología,"Shopify,Facebook Marketplace",价格由 AI 从图片识别：RD$ 245，请在审核台确认
decoraci-n-adhesiva-pegatinas-coloridas-para-pared-1-set,Decoración adhesiva / pegatinas coloridas para pared 1 set,"Decoración adhesiva / pegatinas coloridas para pared 1 set

📦 Características:
• un set
• Colorido
• calcomanías decorativas

✨ Estado: Nuevo
🚚 Disponible para entrega o recogida

🛒 VivaBien — Tu tienda de confianza en República Dominicana",VivaBien,Decoración del Hogar,家居装饰,TRUE,VB8AAB7DCE,90.00,10,VB8AAB7DCE.jpg,花卉墙贴,,家居装饰,Decoración del Hogar,"Shopify,Facebook Marketplace",价格由 AI 从图片识别：RD$ 90，请在审核台确认
llave-de-paso-v-lvula-de-bola-pl-stica-rojo-para-tuber-as,Llave de paso / válvula de bola plástica rojo para tuberías,"Llave de paso / válvula de bola plástica rojo para tuberías

📦 Características:
• Mango rojo
• material plástico
• Para tuberías

✨ Estado: Nuevo
🚚 Disponible para entrega o recogida

🛒 VivaBien — Tu tienda de confianza en República Dominicana",VivaBien,Herramientas y Ferretería,工具五金,TRUE,VB8B2175D7,40.00,10,VB8B2175D7.jpg,球阀,,工具五金,Herramientas y Ferretería,"Shopify,Facebook Marketplace",价格由 AI 从图片识别：RD$ 40，请在审核台确认
cafetera-moka-greca-met-lica-6-tazas,Cafetera moka / greca metálica 6 tazas,"Cafetera moka / greca metálica 6 tazas

📦 Características:
• 6 tazas
• material metálico

✨ Estado: Nuevo
🚚 Disponible para entrega o recogida

🛒 VivaBien — Tu tienda de confianza en República Dominicana",VivaBien,Cocina y Hogar,厨房家居,TRUE,VB8B360C1B,510.00,10,VB8B360C1B.jpg,摩卡壶,,厨房家居,Cocina y Hogar,"Shopify,Facebook Marketplace",价格由 AI 从图片识别：RD$ 510，请在审核台确认
crema-para-manos-crema-hidratante-88g-blanqueadora,Crema para manos / crema hidratante 88g blanqueadora,"Crema para manos / crema hidratante 88g blanqueadora

📦 Características:
• 88g
• Blanqueador
• hidratación

✨ Estado: Nuevo
🚚 Disponible para entrega o recogida

🛒 VivaBien — Tu tienda de confianza en República Dominicana",VivaBien,Belleza y Cuidado Personal,美容个护,TRUE,VB8B9B9B9A,105.00,10,VB8B9B9B9A.jpg,牛奶护手霜,,美容个护,Belleza y Cuidado Personal,"Shopify,Facebook Marketplace",价格由 AI 从图片识别：RD$ 105，请在审核台确认
removedor-de-esmalte-acetona-pura-100-profesional-500ml,Removedor de esmalte / acetona pura 100% profesional 500ml,"Removedor de esmalte / acetona pura 100% profesional 500ml

📦 Características:
• 500ml
• 100% pureza
• Para uñas profesional

✨ Estado: Nuevo
🚚 Disponible para entrega o recogida

🛒 VivaBien — Tu tienda de confianza en República Dominicana",VivaBien,Belleza y Cuidado Personal,美容个护,TRUE,VB8C18EE0B,190.00,10,VB8C18EE0B.jpg,100%丙酮,,美容个护,Belleza y Cuidado Personal,"Shopify,Facebook Marketplace",价格由 AI 从图片识别：RD$ 190，请在审核台确认
pulidora-el-ctrica-amoladora-115mm-750w-24500rpm,Pulidora eléctrica / amoladora 115mm 750W 24500RPM,"Pulidora eléctrica / amoladora 115mm 750W 24500RPM

📦 Características:
• 115mm
• Potencia 750W
• Velocidad de 24500 RPM

✨ Estado: Nuevo
🚚 Disponible para entrega o recogida

🛒 VivaBien — Tu tienda de confianza en República Dominicana",VivaBien,Herramientas y Ferretería,工具五金,TRUE,VB8C378724,1985.00,10,VB8C378724.jpg,电动打磨机,,工具五金,Herramientas y Ferretería,"Shopify,Facebook Marketplace",价格由 AI 从图片识别：RD$ 985，请在审核台确认
m-quina-para-waffles-gofres-1200w-1-a-o-garant-a,Máquina para waffles / gofres 1200W 1 año garantía,"Máquina para waffles / gofres 1200W 1 año garantía

📦 Características:
• 1200W
• 1 año de garantía

✨ Estado: Nuevo
🚚 Disponible para entrega o recogida

🛒 VivaBien — Tu tienda de confianza en República Dominicana",VivaBien,Cocina y Hogar,厨房家居,TRUE,VB8C6682BE,1275.00,10,VB8C6682BE.jpg,华夫饼机,,厨房家居,Cocina y Hogar,"Shopify,Facebook Marketplace",⚠ 价格疑似识别有误（129.0），已自动修正为 RD$ 1290 | 价格由 AI 从图片识别：RD$ 1290，请在审核台确认 | 价格经二次OCR修正：129 → RD$ 1275
ducha-de-mano-regadera-port-til-plateada-con-accesorios,Ducha de mano / regadera portátil plateada con accesorios,"Ducha de mano / regadera portátil plateada con accesorios

📦 Características:
• color plateado
• Tipo portátil
• Con accesorios de instalación

✨ Estado: Nuevo
🚚 Disponible para entrega o recogida

🛒 VivaBien — Tu tienda de confianza en República Dominicana",VivaBien,Baño y Sanitarios,浴室卫浴,TRUE,VB8C85F655,130.00,10,VB8C85F655.jpg,手持花洒,,浴室卫浴,Baño y Sanitarios,"Shopify,Facebook Marketplace",价格由 AI 从图片识别：RD$ 130，请在审核台确认
masajeador-vibrador-rosa-3-funciones,Masajeador / vibrador rosa 3 funciones,"Masajeador / vibrador rosa 3 funciones

📦 Características:
• 3 unidades
• Rosado
• multifuncional

✨ Estado: Nuevo
🚚 Disponible para entrega o recogida

🛒 VivaBien — Tu tienda de confianza en República Dominicana",VivaBien,Artículos para Adultos,情趣用品,TRUE,VB8CAA6985,585.00,10,VB8CAA6985.jpg,粉色按摩器,,情趣用品,Artículos para Adultos,"Shopify,Facebook Marketplace",价格由 AI 从图片识别：RD$ 585，请在审核台确认
gel-de-ba-o-jab-n-l-quido-blanqueador-550g-aroma-a-rosa,Gel de baño / jabón líquido blanqueador 550g aroma a rosa,"Gel de baño / jabón líquido blanqueador 550g aroma a rosa

📦 Características:
• 550g
• fragancia de rosas
• Blanqueador
• Mate

✨ Estado: Nuevo
🚚 Disponible para entrega o recogida

🛒 VivaBien — Tu tienda de confianza en República Dominicana",VivaBien,Belleza y Cuidado Personal,美容个护,TRUE,VB8CE1FBB6,260.00,10,VB8CE1FBB6.jpg,玫瑰美白沐浴露,,美容个护,Belleza y Cuidado Personal,"Shopify,Facebook Marketplace",价格由 AI 从图片识别：RD$ 260，请在审核台确认
mouse-gamer-rat-n-gaming-usb-led-dpi-1600-3200-4d,Mouse gamer / ratón gaming USB LED DPI 1600-3200 4D,"Mouse gamer / ratón gaming USB LED DPI 1600-3200 4D

📦 Características:
• 4D
• DPI 1600/2400/3200
• lámpara LED
• puerto USB

✨ Estado: Nuevo
🚚 Disponible para entrega o recogida

🛒 VivaBien — Tu tienda de confianza en República Dominicana",VivaBien,Electrónicos y Tecnología,电子数码,TRUE,VB8CE228A4,170.00,10,VB8CE228A4.jpg,游戏鼠标,,电子数码,Electrónicos y Tecnología,"Shopify,Facebook Marketplace",价格由 AI 从图片识别：RD$ 170，请在审核台确认
mosquitero-tul-para-cama-1-juego-azul-port-til,Mosquitero / tul para cama 1 juego azul portátil,"Mosquitero / tul para cama 1 juego azul portátil

📦 Características:
• 1 set
• Azul
• Empaque portátil

✨ Estado: Nuevo
🚚 Disponible para entrega o recogida

🛒 VivaBien — Tu tienda de confianza en República Dominicana",VivaBien,Decoración del Hogar,家居装饰,TRUE,VB8D3B9F93,695.00,10,VB8D3B9F93.jpg,蚊帐套装,,家居装饰,Decoración del Hogar,"Shopify,Facebook Marketplace",⚠ 价格疑似识别有误（599.0），已自动修正为 RD$ 5990 | 价格由 AI 从图片识别：RD$ 5990，请在审核台确认
ducha-de-mano-regadera-port-til-azul-con-manguera-met-lica,Ducha de mano / regadera portátil azul con manguera metálica,"Ducha de mano / regadera portátil azul con manguera metálica

📦 Características:
• Boquilla azul
• manguera metálica
• diseño con múltiples agujeros

✨ Estado: Nuevo
🚚 Disponible para entrega o recogida

🛒 VivaBien — Tu tienda de confianza en República Dominicana",VivaBien,Baño y Sanitarios,浴室卫浴,TRUE,VB8E24C611,230.00,10,VB8E24C611.jpg,手持花洒,,浴室卫浴,Baño y Sanitarios,"Shopify,Facebook Marketplace",价格由 AI 从图片识别：RD$ 230，请在审核台确认
kit-de-u-as-set-manicura-15-piezas-rosado-y-morado,Kit de uñas / set manicura 15 piezas rosado y morado,"Kit de uñas / set manicura 15 piezas rosado y morado

📦 Características:
• 15 piezas en set
• Combinación de rosado y morado
• Incluye cortaúñas, lima, cepillo, etc.

✨ Estado: Nuevo
🚚 Disponible para entrega o recogida

🛒 VivaBien — Tu tienda de confianza en República Dominicana",VivaBien,Belleza y Cuidado Personal,美容个护,TRUE,VB8E324ECA,80.00,10,VB8E324ECA.jpg,美甲工具套装,,美容个护,Belleza y Cuidado Personal,"Shopify,Facebook Marketplace",价格由 AI 从图片识别：RD$ 80，请在审核台确认
brocha-limpiadora-de-maquillaje-cepillo-de-limpieza-doble,Brocha limpiadora de maquillaje / cepillo de limpieza doble,"Brocha limpiadora de maquillaje / cepillo de limpieza doble

📦 Características:
• Mango morado
• Diseño de doble cabezal
• apto para limpiar herramientas de maquillaje

✨ Estado: Nuevo
🚚 Disponible para entrega o recogida

🛒 VivaBien — Tu tienda de confianza en República Dominicana",VivaBien,Belleza y Cuidado Personal,美容个护,TRUE,VB8E591527,60.00,10,VB8E591527.jpg,化妆清洁刷,,美容个护,Belleza y Cuidado Personal,"Shopify,Facebook Marketplace",价格由 AI 从图片识别：RD$ 60，请在审核台确认
stickers-3d-calcoman-as-decorativas-brillantes-florales,Stickers 3D / calcomanías decorativas brillantes florales,"Stickers 3D / calcomanías decorativas brillantes florales

📦 Características:
• Arte 3D
• multifuncional
• decoración de flores brillantes

✨ Estado: Nuevo
🚚 Disponible para entrega o recogida

🛒 VivaBien — Tu tienda de confianza en República Dominicana",VivaBien,Belleza y Cuidado Personal,美容个护,TRUE,VB8EA12702,40.00,10,VB8EA12702.jpg,脸部贴纸,,美容个护,Belleza y Cuidado Personal,"Shopify,Facebook Marketplace",价格由 AI 从图片识别：RD$ 40，请在审核台确认
cargador-para-carro-adaptador-20w-pd-usb-qc3-0,Cargador para carro / adaptador 20W PD+USB QC3.0,"Cargador para carro / adaptador 20W PD+USB QC3.0

📦 Características:
• 20W
• PD+USB
• QC3.0

✨ Estado: Nuevo
🚚 Disponible para entrega o recogida

🛒 VivaBien — Tu tienda de confianza en República Dominicana",VivaBien,Electrónicos y Tecnología,电子数码,TRUE,VB8EB41436,160.00,10,VB8EB41436.jpg,车载充电器,,电子数码,Electrónicos y Tecnología,"Shopify,Facebook Marketplace",价格由 AI 从图片识别：RD$ 160，请在审核台确认
ganchos-colgadores-de-madera-gris-con-soga-3-unidades,Ganchos / colgadores de madera gris con soga 3 unidades,"Ganchos / colgadores de madera gris con soga 3 unidades

📦 Características:
• 3 ganchos
• gris
• De madera
• Con cuerda

✨ Estado: Nuevo
🚚 Disponible para entrega o recogida

🛒 VivaBien — Tu tienda de confianza en República Dominicana",VivaBien,Decoración del Hogar,家居装饰,TRUE,VB8EE5A7AB,155.00,10,VB8EE5A7AB.jpg,家庭挂钩,,家居装饰,Decoración del Hogar,"Shopify,Facebook Marketplace",价格由 AI 从图片识别：RD$ 155，请在审核台确认
adorno-met-lico-en-forma-de-manzana-plateada-1-unidad,Adorno metálico en forma de manzana plateada 1 unidad,"Adorno metálico en forma de manzana plateada 1 unidad

📦 Características:
• 1 unidad
• color plateado
• material metálico

✨ Estado: Nuevo
🚚 Disponible para entrega o recogida

🛒 VivaBien — Tu tienda de confianza en República Dominicana",VivaBien,Decoración del Hogar,家居装饰,TRUE,VB8F2E8E5F,90.00,10,VB8F2E8E5F.jpg,金属苹果摆件,,家居装饰,Decoración del Hogar,"Shopify,Facebook Marketplace",价格由 AI 从图片识别：RD$ 90，请在审核台确认
set-de-herramientas-para-espinillas-puntos-negros-inoxidable,Set de herramientas para espinillas / puntos negros inoxidable,"Set de herramientas para espinillas / puntos negros inoxidable

📦 Características:
• material de acero inoxidable
• Duradero y antioxidante
• diseño multifuncional

✨ Estado: Nuevo
🚚 Disponible para entrega o recogida

🛒 VivaBien — Tu tienda de confianza en República Dominicana",VivaBien,Belleza y Cuidado Personal,美容个护,TRUE,VB8F3DD8D8,110.00,10,VB8F3DD8D8.jpg,粉刺针套装,,美容个护,Belleza y Cuidado Personal,"Shopify,Facebook Marketplace",价格由 AI 从图片识别：RD$ 110，请在审核台确认
rebanador-de-papas-manual-de-metal,Rebanador de papas manual de metal,"Rebanador de papas manual de metal

📦 Características:
• material metálico
• Operación manual

✨ Estado: Nuevo
🚚 Disponible para entrega o recogida

🛒 VivaBien — Tu tienda de confianza en República Dominicana",VivaBien,Cocina y Hogar,厨房家居,TRUE,VB8F49F942,580.00,10,VB8F49F942.jpg,土豆切片器,,厨房家居,Cocina y Hogar,"Shopify,Facebook Marketplace",价格由 AI 从图片识别：RD$ 580，请在审核台确认
switch-de-pared-doble-con-bloqueo-infantil-y-soporte-de-alta,Switch de pared doble con bloqueo infantil y soporte de alta potencia,"Switch de pared doble con bloqueo infantil y soporte de alta potencia

📦 Características:
• Bloqueo infantil
• Soporte de alta potencia

✨ Estado: Nuevo
🚚 Disponible para entrega o recogida

🛒 VivaBien — Tu tienda de confianza en República Dominicana",VivaBien,Herramientas y Ferretería,工具五金,TRUE,VB8F631772,100.00,10,VB8F631772.jpg,双开墙壁开关,,工具五金,Herramientas y Ferretería,"Shopify,Facebook Marketplace",价格由 AI 从图片识别：RD$ 100，请在审核台确认
protector-de-voltaje-120v-con-switch-para-aire-nevera-y-lava,"Protector de voltaje 120V con switch para aire, nevera y lavadora","Protector de voltaje 120V con switch para aire, nevera y lavadora

📦 Características:
• 120V voltaje
• Con interruptor
• Para aires acondicionados, neveras y lavadoras

✨ Estado: Nuevo
🚚 Disponible para entrega o recogida

🛒 VivaBien — Tu tienda de confianza en República Dominicana",VivaBien,Electrónicos y Tecnología,电子数码,TRUE,VB8FCABA5D,550.00,10,VB8FCABA5D.jpg,电压保护器,,电子数码,Electrónicos y Tecnología,"Shopify,Facebook Marketplace",价格由 AI 从图片识别：RD$ 550，请在审核台确认
set-blanqueador-de-piel-kit-cuidado-facial-con-cido-hialur-n,Set blanqueador de piel / Kit cuidado facial con ácido hialurónico,"Set blanqueador de piel / Kit cuidado facial con ácido hialurónico

📦 Características:
• Blanqueador
• Aclara la piel
• Con ácido hialurónico
• set de tres piezas

✨ Estado: Nuevo
🚚 Disponible para entrega o recogida

🛒 VivaBien — Tu tienda de confianza en República Dominicana",VivaBien,Belleza y Cuidado Personal,美容个护,TRUE,VB8FD1C286,425.00,10,VB8FD1C286.jpg,维C美白套装,,美容个护,Belleza y Cuidado Personal,"Shopify,Facebook Marketplace",价格由 AI 从图片识别：RD$ 425，请在审核台确认
cinta-m-trica-wincha-flex-metro-10m-negro-y-amarillo,Cinta métrica / wincha / flexómetro 10m negro y amarillo,"Cinta métrica / wincha / flexómetro 10m negro y amarillo

📦 Características:
• 10 metros
• Carcasa negra
• Bordes amarillos

✨ Estado: Nuevo
🚚 Disponible para entrega o recogida

🛒 VivaBien — Tu tienda de confianza en República Dominicana",VivaBien,Herramientas y Ferretería,工具五金,TRUE,VB8FDFA46F,150.00,10,VB8FDFA46F.jpg,卷尺,,工具五金,Herramientas y Ferretería,"Shopify,Facebook Marketplace",价格由 AI 从图片识别：RD$ 150，请在审核台确认
aro-de-luz-anillo-para-selfies-blanco-1-unidad,Aro de luz / anillo para selfies blanco 1 unidad,"Aro de luz / anillo para selfies blanco 1 unidad

📦 Características:
• 1 unidad
• Blanco
• diseño circular
• Accesorios para celular

✨ Estado: Nuevo
🚚 Disponible para entrega o recogida

🛒 VivaBien — Tu tienda de confianza en República Dominicana",VivaBien,Electrónicos y Tecnología,电子数码,TRUE,VB8FE3B0F2,170.00,10,VB8FE3B0F2.jpg,自拍环灯,,电子数码,Electrónicos y Tecnología,"Shopify,Facebook Marketplace",价格由 AI 从图片识别：RD$ 170，请在审核台确认
tairr-abrazaderas-pl-sticas-blancas-100-unidades-nylon-20-ce,Tairrá / abrazaderas plásticas blancas 100 unidades nylon 20 centímetros ,"Tairrá / abrazaderas plásticas blancas 100 unidades nylon

📦 Características:
• Blanco
• 100 varillas por paquete
• Material de nylon

✨ Estado: Nuevo
🚚 Disponible para entrega o recogida

🛒 VivaBien — Tu tienda de confianza en República Dominicana",VivaBien,Herramientas y Ferretería,工具五金,TRUE,VB8FE85B76,50.00,10,VB8FE85B76.jpg,尼龙扎带,,工具五金,Herramientas y Ferretería,"Shopify,Facebook Marketplace",价格由 AI 从图片识别：RD$ 50，请在审核台确认
llave-de-agua-grifo-monomando-met-lica-plateada,Llave de agua / grifo / monomando metálica plateada,"Llave de agua / grifo / monomando metálica plateada

📦 Características:
• color plateado
• material metálico
• Conexión de agua fría

✨ Estado: Nuevo
🚚 Disponible para entrega o recogida

🛒 VivaBien — Tu tienda de confianza en República Dominicana",VivaBien,Baño y Sanitarios,浴室卫浴,TRUE,VB9006AAE9,410.00,10,VB9006AAE9.jpg,水龙头,,浴室卫浴,Baño y Sanitarios,"Shopify,Facebook Marketplace",价格由 AI 从图片识别：RD$ 410，请在审核台确认
guardalodo-protector-de-barro-carro-universal-negro,Guardalodo / protector de barro carro universal negro,"Guardalodo / protector de barro carro universal negro

📦 Características:
• Negro
• Modelo universal
• Diseño moldeado

✨ Estado: Nuevo
🚚 Disponible para entrega o recogida

🛒 VivaBien — Tu tienda de confianza en República Dominicana",VivaBien,Herramientas y Ferretería,工具五金,TRUE,VB90796FB5,280.00,10,VB90796FB5.jpg,汽车挡泥板,,工具五金,Herramientas y Ferretería,"Shopify,Facebook Marketplace",价格由 AI 从图片识别：RD$ 200，请在审核台确认
portarretrato-cuadro-8x10-gris-textura-tejida,Portarretrato / cuadro 8x10 gris textura tejida,"Portarretrato / cuadro 8x10 gris textura tejida

📦 Características:
• 8x10 pulgadas
• marco gris
• Textura tejida

✨ Estado: Nuevo
🚚 Disponible para entrega o recogida

🛒 VivaBien — Tu tienda de confianza en República Dominicana",VivaBien,Decoración del Hogar,家居装饰,TRUE,VB909C0167,140.00,10,VB909C0167.jpg,相框,,家居装饰,Decoración del Hogar,"Shopify,Facebook Marketplace",价格由 AI 从图片识别：RD$ 140，请在审核台确认 | 价格经二次OCR修正：140 → RD$ 1440
paleta-de-sombras-glitter-7-colores-empaque-transparente,"Paleta de sombras glitter 7 colores, empaque transparente 🌈✨","Paleta de sombras glitter 7 colores, empaque transparente 🌈✨

📦 Características:
• brillo multicolor
• Empaque transparente
• patrón decorativo

✨ Estado: Nuevo
🚚 Disponible para entrega o recogida

🛒 VivaBien — Tu tienda de confianza en República Dominicana",VivaBien,Belleza y Cuidado Personal,美容个护,TRUE,VB90A8B5A8,125.00,10,VB90A8B5A8.jpg,七彩闪粉眼影盘,,美容个护,Belleza y Cuidado Personal,"Shopify,Facebook Marketplace","品名由豆包识图生成 conf=0.70，卖点:['多色闪粉', '透明包装', '装饰图案']"
pesta-as-postizas-14mm-cl-ster-natural,"Pestañas postizas 14mm, clúster natural","Pestañas postizas 14mm, clúster natural

📦 Características:
• 14mm

✨ Estado: Nuevo
🚚 Disponible para entrega o recogida

🛒 VivaBien — Tu tienda de confianza en República Dominicana",VivaBien,Belleza y Cuidado Personal,美容个护,TRUE,VB91177B76,70.00,10,VB91177B76.jpg,单簇假睫毛,,美容个护,Belleza y Cuidado Personal,"Shopify,Facebook Marketplace",品名由豆包识图生成 conf=0.90，卖点:['14mm']
envase-pl-stico-caja-pl-stica-3-semanas-blanco,Envase plástico / caja plástica 3 semanas blanco,"Envase plástico / caja plástica 3 semanas blanco

📦 Características:
• Extiende la frescura por 3 semanas
• Blanco
• Ventana transparente

✨ Estado: Nuevo
🚚 Disponible para entrega o recogida

🛒 VivaBien — Tu tienda de confianza en República Dominicana",VivaBien,Cocina y Hogar,厨房家居,TRUE,VB918F84C6,165.00,10,VB918F84C6.jpg,草本保鲜盒,,厨房家居,Cocina y Hogar,"Shopify,Facebook Marketplace",价格由 AI 从图片识别：RD$ 65，请在审核台确认 | 价格经二次OCR修正：65 → RD$ 165
transformador-de-voltaje-220v-a-110v-regulador-el-ctrico,Transformador de voltaje 220V a 110V / Regulador eléctrico,"Transformador de voltaje 220V a 110V / Regulador eléctrico

📦 Características:
• 220V a 100V
• transformador de temperatura
• protección contra sobrecarga

✨ Estado: Nuevo
🚚 Disponible para entrega o recogida

🛒 VivaBien — Tu tienda de confianza en República Dominicana",VivaBien,Herramientas y Ferretería,工具五金,TRUE,VB920CF250,1200.00,10,VB920CF250.jpg,电源变压器,,工具五金,Herramientas y Ferretería,"Shopify,Facebook Marketplace",价格由 AI 从图片识别：RD$ 1200，请在审核台确认
juego-de-llaves-allen-hexagonales-9-piezas-cr-v-t10-t50,Juego de llaves Allen / hexagonales 9 piezas CR-V T10-T50,"Juego de llaves Allen / hexagonales 9 piezas CR-V T10-T50

📦 Características:
• Juego de 9 piezas
• Material CR-V
• especificación T10-T50

✨ Estado: Nuevo
🚚 Disponible para entrega o recogida

🛒 VivaBien — Tu tienda de confianza en República Dominicana",VivaBien,Herramientas y Ferretería,工具五金,TRUE,VB9276F7AD,210.00,10,VB9276F7AD.jpg,内六角扳手套装,,工具五金,Herramientas y Ferretería,"Shopify,Facebook Marketplace",价格由 AI 从图片识别：RD$ 210，请在审核台确认
power-bank-bater-a-port-til-10000mah-2-usb,Power bank / batería portátil 10000mAh 2 USB,"Power bank / batería portátil 10000mAh 2 USB

📦 Características:
• 10000mAh
• Doble puerto USB
• Portátil

✨ Estado: Nuevo
🚚 Disponible para entrega o recogida

🛒 VivaBien — Tu tienda de confianza en República Dominicana",VivaBien,Electrónicos y Tecnología,电子数码,TRUE,VB92F1C228,740.00,10,VB92F1C228.jpg,充电宝,,电子数码,Electrónicos y Tecnología,"Shopify,Facebook Marketplace",价格由 AI 从图片识别：RD$ 740，请在审核台确认
llave-de-agua-grifo-de-cocina-plateada-con-dise-o-curvo,Llave de agua / grifo de cocina plateada con diseño curvo,"Llave de agua / grifo de cocina plateada con diseño curvo

📦 Características:
• color plateado
• Conector de latón
• Control de mango
• Diseño curvo

✨ Estado: Nuevo
🚚 Disponible para entrega o recogida

🛒 VivaBien — Tu tienda de confianza en República Dominicana",VivaBien,Baño y Sanitarios,浴室卫浴,TRUE,VB93251CC5,295.00,10,VB93251CC5.jpg,水龙头,,浴室卫浴,Baño y Sanitarios,"Shopify,Facebook Marketplace",
set-de-pinceles-finos-brochas-para-pintar-detallado,Set de pinceles finos / brochas para pintar detallado,"Set de pinceles finos / brochas para pintar detallado

📦 Características:
• varias unidades
• apto para pintura detallada

✨ Estado: Nuevo
🚚 Disponible para entrega o recogida

🛒 VivaBien — Tu tienda de confianza en República Dominicana",VivaBien,Papelería y Oficina,文具办公,TRUE,VB93B5E8A8,20.00,10,VB93B5E8A8.jpg,细毛笔套装,,文具办公,Papelería y Oficina,"Shopify,Facebook Marketplace",⚠ 价格疑似识别有误（2.0），已自动修正为 RD$ 20 | 价格由 AI 从图片识别：RD$ 20，请在审核台确认
tel-fono-fijo-residencial-con-alarma-y-pantalla,Teléfono fijo / residencial con alarma y pantalla,"Teléfono fijo / residencial con alarma y pantalla

📦 Características:
• Redial automático
• Identificador de llamadas
• Garantía de 6 meses
• Mantiene música
• función de alarma

✨ Estado: Nuevo
🚚 Disponible para entrega o recogida

🛒 VivaBien — Tu tienda de confianza en República Dominicana",VivaBien,Electrónicos y Tecnología,电子数码,TRUE,VB93C9EE21,750.00,10,VB93C9EE21.jpg,座机电话,,电子数码,Electrónicos y Tecnología,"Shopify,Facebook Marketplace",价格由 AI 从图片识别：RD$ 750，请在审核台确认
recortador-de-vellos-nariz-orejas-1-unidad-negro,Recortador de vellos nariz / orejas 1 unidad negro,"Recortador de vellos nariz / orejas 1 unidad negro

📦 Características:
• 1 unidad
• Negro
• Recortador de vellos nasales
• Recorte de vello de orejas

✨ Estado: Nuevo
🚚 Disponible para entrega o recogida

🛒 VivaBien — Tu tienda de confianza en República Dominicana",VivaBien,Belleza y Cuidado Personal,美容个护,TRUE,VB94126742,155.00,10,VB94126742.jpg,鼻毛修剪器,,美容个护,Belleza y Cuidado Personal,"Shopify,Facebook Marketplace",价格由 AI 从图片识别：RD$ 155，请在审核台确认
kit-de-u-as-manicure-set-acero-inoxidable-anti-bacterial,Kit de uñas / Manicure set acero inoxidable anti-bacterial,"Kit de uñas / Manicure set acero inoxidable anti-bacterial

📦 Características:
• material de acero inoxidable
• Lima de uñas verde menta
• Función antibacterial

✨ Estado: Nuevo
🚚 Disponible para entrega o recogida

🛒 VivaBien — Tu tienda de confianza en República Dominicana",VivaBien,Belleza y Cuidado Personal,美容个护,TRUE,VB941B85B4,90.00,10,VB941B85B4.jpg,指甲护理套装,,美容个护,Belleza y Cuidado Personal,"Shopify,Facebook Marketplace",价格由 AI 从图片识别：RD$ 90，请在审核台确认
n-meros-autoadhesivos-plateados-75mm-pegatinas-numeradas,Números autoadhesivos plateados 75mm / pegatinas numeradas,"Números autoadhesivos plateados 75mm / pegatinas numeradas

📦 Características:
• Altura 75mm
• color plateado
• Auto-adhesivo

✨ Estado: Nuevo
🚚 Disponible para entrega o recogida

🛒 VivaBien — Tu tienda de confianza en República Dominicana",VivaBien,Decoración del Hogar,家居装饰,TRUE,VB945C0B1C,45.00,10,VB945C0B1C.jpg,自粘数字贴,,家居装饰,Decoración del Hogar,"Shopify,Facebook Marketplace",价格由 AI 从图片识别：RD$ 45，请在审核台确认
botellitas-viaje-envases-port-tiles-tapa-azul-transparentes,Botellitas viaje / envases portátiles tapa azul transparentes,"Botellitas viaje / envases portátiles tapa azul transparentes

📦 Características:
• Cuerpo de botella transparente
• Tapa azul
• Presentación portátil
• varios tipos de botellas

✨ Estado: Nuevo
🚚 Disponible para entrega o recogida

🛒 VivaBien — Tu tienda de confianza en República Dominicana",VivaBien,Belleza y Cuidado Personal,美容个护,TRUE,VB94807C91,140.00,10,VB94807C91.jpg,旅行分装瓶,,美容个护,Belleza y Cuidado Personal,"Shopify,Facebook Marketplace",价格由 AI 从图片识别：RD$ 140，请在审核台确认
reloj-diy-para-armar-con-n-meros-coloridos-y-detalles-platea,Reloj DIY para armar con números coloridos y detalles plateados,"Reloj DIY / reloj para armar con números coloridos y manecillas platea

📦 Características:
• un set
• Números en color
• puntero plateado

✨ Estado: Nuevo
🚚 Disponible para entrega o recogida

🛒 VivaBien — Tu tienda de confianza en República Dominicana",VivaBien,Decoración del Hogar,家居装饰,TRUE,VB948D72AA,580.00,10,VB948D72AA.jpg,DIY时钟套装,,家居装饰,Decoración del Hogar,"Shopify,Facebook Marketplace",⚠ 价格疑似识别有误（2164.0），已自动修正为 RD$ 21640 | 价格由 AI 从图片识别：RD$ 21640，请在审核台确认 | 价格经二次OCR修正：2164 → RD$ 1580
sierra-manual-segueta-con-mango-verde-y-hoja-met-lica,Sierra manual / segueta con mango verde y hoja metálica.,"Sierra manual / segueta con mango verde y hoja metálica.

📦 Características:
• Mango verde
• hoja de sierra metálica
• Sierra reemplazable

✨ Estado: Nuevo
🚚 Disponible para entrega o recogida

🛒 VivaBien — Tu tienda de confianza en República Dominicana",VivaBien,Herramientas y Ferretería,工具五金,TRUE,VB94A95572,135.00,10,VB94A95572.jpg,手工锯,,工具五金,Herramientas y Ferretería,"Shopify,Facebook Marketplace",价格由 AI 从图片识别：RD$ 135，请在审核台确认
kit-de-belleza-azul-set-de-u-as-peine-y-espejo,Kit de belleza azul / set de uñas / peine y espejo,"Kit de belleza azul / set de uñas / peine y espejo

📦 Características:
• Azul
• herramienta multifuncional
• Incluye espejo, lima, peine, etc.

✨ Estado: Nuevo
🚚 Disponible para entrega o recogida

🛒 VivaBien — Tu tienda de confianza en República Dominicana",VivaBien,Belleza y Cuidado Personal,美容个护,TRUE,VB94D160AD,95.00,10,VB94D160AD.jpg,美容工具套装,,美容个护,Belleza y Cuidado Personal,"Shopify,Facebook Marketplace",价格由 AI 从图片识别：RD$ 95，请在审核台确认
switch-de-pared-blanco-3-v-as-con-dise-o-moderno-y-certifica,Switch de pared blanco 3 vías con diseño moderno y certificación CE,"Switch de pared blanco 3 vías con diseño moderno y certificación CE

📦 Características:
• Blanco
• diseño de tres posiciones
• interruptor de pared
• Certificación CE

✨ Estado: Nuevo
🚚 Disponible para entrega o recogida

🛒 VivaBien — Tu tienda de confianza en República Dominicana",VivaBien,Herramientas y Ferretería,工具五金,TRUE,VB94F793A2,175.00,10,VB94F793A2.jpg,三位开关,,工具五金,Herramientas y Ferretería,"Shopify,Facebook Marketplace",价格由 AI 从图片识别：RD$ 175，请在审核台确认
crema-depilatoria-150ml-retraso-crecimiento-f-rmula-suave,Crema depilatoria 150ml / retraso crecimiento / fórmula suave,"Crema depilatoria 150ml / retraso crecimiento / fórmula suave

📦 Características:
• 150ml
• Retrasa el crecimiento del vello
• fórmula suave

✨ Estado: Nuevo
🚚 Disponible para entrega o recogida

🛒 VivaBien — Tu tienda de confianza en República Dominicana",VivaBien,Belleza y Cuidado Personal,美容个护,TRUE,VB9566D63E,300.00,10,VB9566D63E.jpg,脱毛膏,,美容个护,Belleza y Cuidado Personal,"Shopify,Facebook Marketplace",价格由 AI 从图片识别：RD$ 300，请在审核台确认
juego-de-herramientas-de-jardiner-a-pala-rastrillo-3-piezas,Juego de herramientas de jardinería / pala / rastrillo 3 piezas,"Juego de herramientas de jardinería / pala / rastrillo 3 piezas

📦 Características:
• Manija de madera
• Cabeza metálica negra
• set de tres piezas

✨ Estado: Nuevo
🚚 Disponible para entrega o recogida

🛒 VivaBien — Tu tienda de confianza en República Dominicana",VivaBien,Herramientas y Ferretería,工具五金,TRUE,VB957F18B0,140.00,10,VB957F18B0.jpg,园艺工具套装,,工具五金,Herramientas y Ferretería,"Shopify,Facebook Marketplace",价格由 AI 从图片识别：RD$ 120，请在审核台确认
aceite-natural-para-beb-118ml,Aceite natural para bebé 118ml,"Aceite natural para bebé 118ml

📦 Características:
• 118ml

✨ Estado: Nuevo
🚚 Disponible para entrega o recogida

🛒 VivaBien — Tu tienda de confianza en República Dominicana",VivaBien,Bebés y Maternidad,母婴用品,TRUE,VB9596A781,150.00,10,VB9596A781.jpg,婴儿天然油,,母婴用品,Bebés y Maternidad,"Shopify,Facebook Marketplace",价格由 AI 从图片识别：RD$ 150，请在审核台确认
letrero-salida-de-emergencia-se-al-de-escape-6x18cm,Letrero salida de emergencia / señal de escape 6x18cm,"Letrero salida de emergencia / señal de escape 6x18cm

📦 Características:
• 6x18cm
• hecho de aluminio
• Parte trasera con adhesivo
• Verde

✨ Estado: Nuevo
🚚 Disponible para entrega o recogida

🛒 VivaBien — Tu tienda de confianza en República Dominicana",VivaBien,Decoración del Hogar,家居装饰,TRUE,VB95A23177,55.00,10,VB95A23177.jpg,紧急出口标牌,,家居装饰,Decoración del Hogar,"Shopify,Facebook Marketplace",价格由 AI 从图片识别：RD$ 55，请在审核台确认
bandeja-plateada-met-lica-en-forma-de-hoja,Bandeja plateada metálica en forma de hoja,"Bandeja plateada metálica en forma de hoja

📦 Características:
• Individual
• color plateado
• material metálico

✨ Estado: Nuevo
🚚 Disponible para entrega o recogida

🛒 VivaBien — Tu tienda de confianza en República Dominicana",VivaBien,Decoración del Hogar,家居装饰,TRUE,VB95B32768,130.00,10,VB95B32768.jpg,银色叶形盘,,家居装饰,Decoración del Hogar,"Shopify,Facebook Marketplace",价格由 AI 从图片识别：RD$ 430，请在审核台确认
jab-n-blanqueador-aclarante-100g-para-codos-y-rodillas,Jabón blanqueador / aclarante 100g para codos y rodillas,"Jabón blanqueador / aclarante 100g para codos y rodillas

📦 Características:
• 100g
• Blanqueador
• Elimina puntos negros
• Para codos y rodillas

✨ Estado: Nuevo
🚚 Disponible para entrega o recogida

🛒 VivaBien — Tu tienda de confianza en República Dominicana",VivaBien,Belleza y Cuidado Personal,美容个护,TRUE,VB95B96E75,95.00,10,VB95B96E75.jpg,美白去黑皂,,美容个护,Belleza y Cuidado Personal,"Shopify,Facebook Marketplace",价格由 AI 从图片识别：RD$ 95，请在审核台确认
brocha-pincel-para-pintar-2-mango-amarillo-met-lica,"Brocha / pincel para pintar 2"" mango amarillo metálica","Brocha / pincel para pintar 2"" mango amarillo metálica

📦 Características:
• 2 pulgadas
• Mango amarillo
• cabezal de cepillo metálico

✨ Estado: Nuevo
🚚 Disponible para entrega o recogida

🛒 VivaBien — Tu tienda de confianza en República Dominicana",VivaBien,Herramientas y Ferretería,工具五金,TRUE,VB96B443CE,40.00,10,VB96B443CE.jpg,油漆刷,,工具五金,Herramientas y Ferretería,"Shopify,Facebook Marketplace",价格由 AI 从图片识别：RD$ 40，请在审核台确认
alcohol-70-en-spray-desinfectante-antis-ptico,Alcohol 70% en spray / desinfectante / antiséptico,"Alcohol 70% en spray / desinfectante / antiséptico

📦 Características:
• 70%
• botella de spray
• desinfección
• Esteriliza

✨ Estado: Nuevo
🚚 Disponible para entrega o recogida

🛒 VivaBien — Tu tienda de confianza en República Dominicana",VivaBien,Belleza y Cuidado Personal,美容个护,TRUE,VB96BCBFE1,120.00,10,VB96BCBFE1.jpg,70%酒精喷雾,,美容个护,Belleza y Cuidado Personal,"Shopify,Facebook Marketplace",价格由 AI 从图片识别：RD$ 120，请在审核台确认
pomada-crema-para-la-piel-con-lim-n-30g,Pomada / crema para la piel con limón 30g,"Pomada / crema para la piel con limón 30g

📦 Características:
• 30g
• gel para uso externo
• Con clobetasol

✨ Estado: Nuevo
🚚 Disponible para entrega o recogida

🛒 VivaBien — Tu tienda de confianza en República Dominicana",VivaBien,Belleza y Cuidado Personal,美容个护,TRUE,VB971C1498,70.00,10,VB971C1498.jpg,柠檬护肤膏,,美容个护,Belleza y Cuidado Personal,"Shopify,Facebook Marketplace",价格由 AI 从图片识别：RD$ 70，请在审核台确认
talco-para-beb-polvo-fresco-8oz-larga-duraci-n,Talco para bebé / polvo fresco 8oz larga duración,"Talco para bebé / polvo fresco 8oz larga duración

📦 Características:
• 8oz
• frescura duradera
• Uso exclusivo para bebés

✨ Estado: Nuevo
🚚 Disponible para entrega o recogida

🛒 VivaBien — Tu tienda de confianza en República Dominicana",VivaBien,Bebés y Maternidad,母婴用品,TRUE,VB97291F92,175.00,10,VB97291F92.jpg,婴儿爽身粉,,母婴用品,Bebés y Maternidad,"Shopify,Facebook Marketplace",价格由 AI 从图片识别：RD$ 175，请在审核台确认
shampoo-para-beb-champ-infantil-300ml-botella-amarilla,Shampoo para bebé / champú infantil 300ml botella amarilla,"Shampoo para bebé / champú infantil 300ml botella amarilla

📦 Características:
• 300ml
• Botella amarilla
• apto para bebés

✨ Estado: Nuevo
🚚 Disponible para entrega o recogida

🛒 VivaBien — Tu tienda de confianza en República Dominicana",VivaBien,Bebés y Maternidad,母婴用品,TRUE,VB9746961E,95.00,10,VB9746961E.jpg,婴儿洗发水,,母婴用品,Bebés y Maternidad,"Shopify,Facebook Marketplace",价格由 AI 从图片识别：RD$ 95，请在审核台确认
decoraci-n-madera-love-con-borlas-adorno-beis,Decoración madera LOVE con borlas / adorno beis,"Decoración madera LOVE con borlas / adorno beis

📦 Características:
• De madera
• Beige
• Con flecos
• letras LOVE

✨ Estado: Nuevo
🚚 Disponible para entrega o recogida

🛒 VivaBien — Tu tienda de confianza en República Dominicana",VivaBien,Decoración del Hogar,家居装饰,TRUE,VB979CD1C8,210.00,10,VB979CD1C8.jpg,木质装饰串,,家居装饰,Decoración del Hogar,"Shopify,Facebook Marketplace",价格由 AI 从图片识别：RD$ 175，请在审核台确认
aud-fonos-bluetooth-inal-mbricos-bt-45-v5-0-15m,Audífonos Bluetooth / inalámbricos BT-45 V5.0 15m,"Audífonos Bluetooth / inalámbricos BT-45 V5.0 15m

📦 Características:
• BT-45
• Versión inalámbrica V5.0+EDR
• Alcance de 15m
• Tiempo de espera 120 horas
• Voltaje/corriente de carga 5V/1A

✨ Estado: Nuevo
🚚 Disponible para entrega o recogida

🛒 VivaBien — Tu tienda de confianza en República Dominicana",VivaBien,Electrónicos y Tecnología,电子数码,TRUE,VB97BA7C8F,280.00,10,VB97BA7C8F.jpg,蓝牙耳机,,电子数码,Electrónicos y Tecnología,"Shopify,Facebook Marketplace",价格由 AI 从图片识别：RD$ 280，请在审核台确认
calcoman-as-stickers-para-u-as-de-ni-as-con-dise-os-cute,Calcomanías / stickers para uñas de niñas con diseños cute,"Calcomanías / stickers para uñas de niñas con diseños cute

📦 Características:
• Para niños
• Diseño animado
• Pegatinas para uñas

✨ Estado: Nuevo
🚚 Disponible para entrega o recogida

🛒 VivaBien — Tu tienda de confianza en República Dominicana",VivaBien,Belleza y Cuidado Personal,美容个护,TRUE,VB986FE0E1,50.00,10,VB986FE0E1.jpg,儿童指甲贴,,美容个护,Belleza y Cuidado Personal,"Shopify,Facebook Marketplace",价格由 AI 从图片识别：RD$ 50，请在审核台确认
pulidora-angular-amoladora-960w-con-mango-lateral,Pulidora angular / amoladora 960W con mango lateral,"Pulidora angular / amoladora 960W con mango lateral

📦 Características:
• Potencia 960W
• Profesional
• Con mango lateral
• Función de cambio rápido

✨ Estado: Nuevo
🚚 Disponible para entrega o recogida

🛒 VivaBien — Tu tienda de confianza en República Dominicana",VivaBien,Herramientas y Ferretería,工具五金,TRUE,VB9895AABF,2725.00,10,VB9895AABF.jpg,角磨机,,工具五金,Herramientas y Ferretería,"Shopify,Facebook Marketplace",价格由 AI 从图片识别：RD$ 2525，请在审核台确认
letras-decorativas-negras-para-pared-1-set,Letras decorativas negras para pared 1 set,"Letras decorativas negras para pared 1 set

📦 Características:
• 1 set
• Negro
• decoración de pared

✨ Estado: Nuevo
🚚 Disponible para entrega o recogida

🛒 VivaBien — Tu tienda de confianza en República Dominicana",VivaBien,Decoración del Hogar,家居装饰,TRUE,VB98AEFA6A,295.00,10,VB98AEFA6A.jpg,家居装饰字母,,家居装饰,Decoración del Hogar,"Shopify,Facebook Marketplace",价格由 AI 从图片识别：RD$ 295，请在审核台确认
parrilla-de-gas-soporte-para-estufa-cuadrado-met-lico-negro,Parrilla de gas / soporte para estufa cuadrado metálico negro,"Parrilla de gas / soporte para estufa cuadrado metálico negro

📦 Características:
• Negro
• material metálico
• conector de gas
• Diseño cuadrado

✨ Estado: Nuevo
🚚 Disponible para entrega o recogida

🛒 VivaBien — Tu tienda de confianza en República Dominicana",VivaBien,Herramientas y Ferretería,工具五金,TRUE,VB98C52F97,490.00,10,,燃气炉架,,工具五金,Herramientas y Ferretería,"Shopify,Facebook Marketplace","价格由 AI 从图片识别：RD$ 50，请在审核台确认 | ⚠️ AI 生图失败，可点「重新生图」重试: HTTPSConnectionPool(host='api.quickrouter.ai', port=443): Read timed out. (read timeout=120)"
limpiaparabrisas-limpiavidrios-18-de-goma-suave,"Limpiaparabrisas / limpiavidrios 18"" de goma suave","Limpiaparabrisas / limpiavidrios 18"" de goma suave

📦 Características:
• 18 pulgadas
• material de goma suave

✨ Estado: Nuevo
🚚 Disponible para entrega o recogida

🛒 VivaBien — Tu tienda de confianza en República Dominicana",VivaBien,Herramientas y Ferretería,工具五金,TRUE,VB98DA1397,120.00,10,VB98DA1397.jpg,雨刷,,工具五金,Herramientas y Ferretería,"Shopify,Facebook Marketplace",价格由 AI 从图片识别：RD$ 120，请在审核台确认
micr-fono-inal-mbrico-para-entrevistas-y-lives-1-set,Micrófono inalámbrico / para entrevistas y lives / 1 set,"Micrófono inalámbrico / para entrevistas y lives / 1 set

📦 Características:
• Inalámbrico
• un set
• Para transmisiones en vivo, entrevistas y videos cortos

✨ Estado: Nuevo
🚚 Disponible para entrega o recogida

🛒 VivaBien — Tu tienda de confianza en República Dominicana",VivaBien,Electrónicos y Tecnología,电子数码,TRUE,VB9904698F,1060.00,10,VB9904698F.jpg,无线麦克风,,电子数码,Electrónicos y Tecnología,"Shopify,Facebook Marketplace",价格由 AI 从图片识别：RD$ 1060，请在审核台确认
libros-decorativos-adornos-minimalistas-3-piezas,Libros decorativos / adornos minimalistas 3 piezas,"Adorno / figura decorativa cerámica 1 unidad beige.

📦 Características:
• 1 unidad
• Color crema
• Material cerámico

✨ Estado: Nuevo
🚚 Disponible para entrega o recogida

🛒 VivaBien — Tu tienda de confianza en República Dominicana",VivaBien,Decoración del Hogar,家居装饰,TRUE,VB99148876,130.00,10,VB99148876.jpg,简约摆件假,,家居装饰,Decoración del Hogar,"Shopify,Facebook Marketplace",价格由 AI 从图片识别：RD$ 130，请在审核台确认
spray-solar-protector-solar-spf75-150ml-antiacn,Spray solar / protector solar SPF75 150ml antiacné,"Spray solar / protector solar SPF75 150ml antiacné

📦 Características:
• SPF75
• Protección antioxidante
• Con extracto de hamamelis
• ácido salicílico
• 150ml

✨ Estado: Nuevo
🚚 Disponible para entrega o recogida

🛒 VivaBien — Tu tienda de confianza en República Dominicana",VivaBien,Belleza y Cuidado Personal,美容个护,TRUE,VB99351099,240.00,10,VB99351099.jpg,防晒喷雾,,美容个护,Belleza y Cuidado Personal,"Shopify,Facebook Marketplace",价格由 AI 从图片识别：RD$ 240，请在审核台确认
reloj-de-pared-decorativo-reloj-colgante-met-lico-naranja,Reloj de pared decorativo / reloj colgante metálico naranja,"Reloj de pared decorativo / reloj colgante metálico naranja

📦 Características:
• un set
• Color naranja
• material metálico

✨ Estado: Nuevo
🚚 Disponible para entrega o recogida

🛒 VivaBien — Tu tienda de confianza en República Dominicana",VivaBien,Decoración del Hogar,家居装饰,TRUE,VB994747C9,1555.00,10,VB994747C9.jpg,装饰挂钟,,家居装饰,Decoración del Hogar,"Shopify,Facebook Marketplace",价格由 AI 从图片识别：RD$ 280，请在审核台确认
decoraci-n-dorada-adorno-dorado-para-mesa,Decoración dorada / adorno dorado para mesa,"Lámpara decorativa / luz cristal dorado cilindro

📦 Características:
• color dorado
• Material de cristal
• cilíndrico
• para decoración

✨ Estado: Nuevo
🚚 Disponible para entrega o recogida

🛒 VivaBien — Tu tienda de confianza en República Dominicana",VivaBien,Decoración del Hogar,家居装饰,TRUE,VB99A4C057,215.00,10,VB99A4C057.jpg,金色装饰摆件,,家居装饰,Decoración del Hogar,"Shopify,Facebook Marketplace",
letra-d-adhesiva-pegatina-met-lica-letra-d,Letra D adhesiva / pegatina metálica letra D,"Letra D adhesiva / pegatina metálica letra D

📦 Características:
• Auto-adhesivo
• material metálico
• Letra D

✨ Estado: Nuevo
🚚 Disponible para entrega o recogida

🛒 VivaBien — Tu tienda de confianza en República Dominicana",VivaBien,Decoración del Hogar,家居装饰,TRUE,VB99AEF602,45.00,10,VB99AEF602.jpg,自粘字母D,,家居装饰,Decoración del Hogar,"Shopify,Facebook Marketplace",价格由 AI 从图片识别：RD$ 45，请在审核台确认
cargador-r-pido-3-0-adaptador-2-en-1-100v-240v,Cargador rápido 3.0 / adaptador 2 en 1 100V-240V,"Cargador rápido 3.0 / adaptador 2 en 1 100V-240V

📦 Características:
• 100V-240V voltaje amplio
• Diseño 2 en 1
• Carga rápida 3.0

✨ Estado: Nuevo
🚚 Disponible para entrega o recogida

🛒 VivaBien — Tu tienda de confianza en República Dominicana",VivaBien,Electrónicos y Tecnología,电子数码,TRUE,VB9A551C0B,190.00,10,VB9A551C0B.jpg,智能充电器,,电子数码,Electrónicos y Tecnología,"Shopify,Facebook Marketplace",价格由 AI 从图片识别：RD$ 190，请在审核台确认
rastrillo-afeitadora-femenina-3-hojas-piel-sensible,Rastrillo / afeitadora femenina 3 hojas piel sensible,"Rastrillo / afeitadora femenina 3 hojas piel sensible

📦 Características:
• Paquete de 3 piezas
• multicolor
• Apto para piel sensible

✨ Estado: Nuevo
🚚 Disponible para entrega o recogida

🛒 VivaBien — Tu tienda de confianza en República Dominicana",VivaBien,Belleza y Cuidado Personal,美容个护,TRUE,VB9A814F87,80.00,10,VB9A814F87.jpg,女士剃须刀,,美容个护,Belleza y Cuidado Personal,"Shopify,Facebook Marketplace",价格由 AI 从图片识别：RD$ 85，请在审核台确认
florero-decorativo-jarr-n-colgante-1-unidad-madera-y-cer-mic,Florero decorativo / jarrón colgante 1 unidad madera y cerámica,"Florero decorativo / jarrón colgante 1 unidad madera y cerámica

📦 Características:
• 1 unidad
• Flores amarillas
• Marco de madera
• Florero de cerámica
• Con gancho

✨ Estado: Nuevo
🚚 Disponible para entrega o recogida

🛒 VivaBien — Tu tienda de confianza en República Dominicana",VivaBien,Decoración del Hogar,家居装饰,TRUE,VB9AD3572B,255.00,10,VB9AD3572B.jpg,挂钩装饰花瓶,,家居装饰,Decoración del Hogar,"Shopify,Facebook Marketplace",价格由 AI 从图片识别：RD$ 525，请在审核台确认
cabezal-de-ducha-regadera-de-mano-con-manguera-ajustable,Cabezal de ducha / regadera de mano con manguera ajustable,"Cabezal de ducha / regadera de mano con manguera ajustable

📦 Características:
• Tipo portátil
• spray multifuncional
• Incluye manguera

✨ Estado: Nuevo
🚚 Disponible para entrega o recogida

🛒 VivaBien — Tu tienda de confianza en República Dominicana",VivaBien,Baño y Sanitarios,浴室卫浴,TRUE,VB9B266209,260.00,10,,手持花洒套装,,浴室卫浴,Baño y Sanitarios,"Shopify,Facebook Marketplace","价格由 AI 从图片识别：RD$ 260，请在审核台确认 | ⚠️ AI 生图失败，可点「重新生图」重试: HTTPSConnectionPool(host='api.quickrouter.ai', port=443): Read timed out. (read timeout=120)"
letrero-decorativo-madera-blanco-negro-con-cuerda,Letrero decorativo madera blanco/negro con cuerda,"Letrero decorativo madera blanco/negro con cuerda

📦 Características:
• De madera
• Fondo blanco
• Texto negro
• Cuerda para colgar incluida

✨ Estado: Nuevo
🚚 Disponible para entrega o recogida

🛒 VivaBien — Tu tienda de confianza en República Dominicana",VivaBien,Decoración del Hogar,家居装饰,TRUE,VB9B319BBD,215.00,10,VB9B319BBD.jpg,木质装饰牌,,家居装饰,Decoración del Hogar,"Shopify,Facebook Marketplace",价格由 AI 从图片识别：RD$ 215，请在审核台确认
bocina-inal-mbrica-altavoz-bluetooth-4-con-micr-fono-port-ti,"Bocina inalámbrica / altavoz Bluetooth 4"" con micrófono portátil","Bocina inalámbrica / altavoz Bluetooth 4"" con micrófono portátil

📦 Características:
• 1 unidad
• 4 pulgadas
• Con micrófono
• Portátil

✨ Estado: Nuevo
🚚 Disponible para entrega o recogida

🛒 VivaBien — Tu tienda de confianza en República Dominicana",VivaBien,Electrónicos y Tecnología,电子数码,TRUE,VB9B3F0FAC,530.00,10,VB9B3F0FAC.jpg,无线音箱,,电子数码,Electrónicos y Tecnología,"Shopify,Facebook Marketplace",价格由 AI 从图片识别：RD$ 530，请在审核台确认
toallitas-h-medas-pa-itos-desechables-aroma-a-cereza,Toallitas húmedas / pañitos desechables aroma a cereza,"Toallitas húmedas / pañitos desechables aroma a cereza

📦 Características:
• Aroma a cereza
• 8 piezas

✨ Estado: Nuevo
🚚 Disponible para entrega o recogida

🛒 VivaBien — Tu tienda de confianza en República Dominicana",VivaBien,Belleza y Cuidado Personal,美容个护,TRUE,VB9B442603,75.00,10,VB9B442603.jpg,樱桃湿巾,,美容个护,Belleza y Cuidado Personal,"Shopify,Facebook Marketplace",价格由 AI 从图片识别：RD$ 75，请在审核台确认
aceite-de-c-rcuma-turmeric-500ml-para-manchas-y-piel-joven,Aceite de cúrcuma / turmeric 500ml para manchas y piel joven,"Aceite de cúrcuma / turmeric 500ml para manchas y piel joven

📦 Características:
• 500ml
• Blanqueador
• Antienvejecimiento
• Aclara manchas

✨ Estado: Nuevo
🚚 Disponible para entrega o recogida

🛒 VivaBien — Tu tienda de confianza en República Dominicana",VivaBien,Belleza y Cuidado Personal,美容个护,TRUE,VB9B86D464,325.00,10,VB9B86D464.jpg,姜黄美白油,,美容个护,Belleza y Cuidado Personal,"Shopify,Facebook Marketplace",价格由 AI 从图片识别：RD$ 32，请在审核台确认
afeitadora-rasuradora-femenina-3-hojas-para-piel-sensible,Afeitadora / rasuradora femenina 3 hojas para piel sensible,"Afeitadora / rasuradora femenina 3 hojas para piel sensible

📦 Características:
• 3 cuchillas
• Apto para piel sensible
• Rosado
• Con cabezal giratorio

✨ Estado: Nuevo
🚚 Disponible para entrega o recogida

🛒 VivaBien — Tu tienda de confianza en República Dominicana",VivaBien,Belleza y Cuidado Personal,美容个护,TRUE,VB9C0B935F,85.00,10,VB9C0B935F.jpg,女士剃须刀,,美容个护,Belleza y Cuidado Personal,"Shopify,Facebook Marketplace",价格由 AI 从图片识别：RD$ 85，请在审核台确认
cartel-placa-temporal-para-parqueo-negro-con-n-meros,Cartel / placa temporal para parqueo negro con números,"Cartel / placa temporal para parqueo negro con números

📦 Características:
• Cuerpo negro
• Pantalla digital
• Para parqueo temporal

✨ Estado: Nuevo
🚚 Disponible para entrega o recogida

🛒 VivaBien — Tu tienda de confianza en República Dominicana",VivaBien,Herramientas y Ferretería,工具五金,TRUE,VB9C7E6912,95.00,10,VB9C7E6912.jpg,临时停车牌,,工具五金,Herramientas y Ferretería,"Shopify,Facebook Marketplace",价格由 AI 从图片识别：RD$ 95，请在审核台确认
cuadro-decorativo-de-madera-letrero-con-cuerda,Cuadro decorativo de madera / letrero con cuerda,"Cuadro decorativo de madera / letrero con cuerda

📦 Características:
• De madera
• Fondo blanco
• Con cuerda para colgar

✨ Estado: Nuevo
🚚 Disponible para entrega o recogida

🛒 VivaBien — Tu tienda de confianza en República Dominicana",VivaBien,Decoración del Hogar,家居装饰,TRUE,VB9CB4E9FF,210.00,10,VB9CB4E9FF.jpg,木框装饰牌,,家居装饰,Decoración del Hogar,"Shopify,Facebook Marketplace",价格由 AI 从图片识别：RD$ 210，请在审核台确认
panel-de-pared-beige-con-doble-enchufe-para-instalaci-n-f-ci,Panel de pared beige con doble enchufe para instalación fácil,"Panel de pared beige con doble enchufe para instalación fácil

📦 Características:
• Amarillo crema
• Doble enchufe
• instalación en pared

✨ Estado: Nuevo
🚚 Disponible para entrega o recogida

🛒 VivaBien — Tu tienda de confianza en República Dominicana",VivaBien,Herramientas y Ferretería,工具五金,TRUE,VB9CD3589F,60.00,10,VB9CD3589F.jpg,双插座面板,,工具五金,Herramientas y Ferretería,"Shopify,Facebook Marketplace",价格由 AI 从图片识别：RD$ 60，请在审核台确认
gel-para-depilaci-n-cera-depilatoria-con-miel-200ml,Gel para depilación / cera depilatoria con miel 200ml,"Gel para depilación / cera depilatoria con miel 200ml

📦 Características:
• Con miel
• Para todo el cuerpo

✨ Estado: Nuevo
🚚 Disponible para entrega o recogida

🛒 VivaBien — Tu tienda de confianza en República Dominicana",VivaBien,Belleza y Cuidado Personal,美容个护,TRUE,VB9CF7F884,180.00,10,VB9CF7F884.jpg,脱毛凝胶,,美容个护,Belleza y Cuidado Personal,"Shopify,Facebook Marketplace",价格由 AI 从图片识别：RD$ 180，请在审核台确认
pesta-ina-original-largas-y-espesas,"Pestañina original, largas y espesas","Atomizador verde botella spray portatil transparente

📦 Características:
• Cuerpo de botella transparente
• Componentes verdes
• Portátil

✨ Estado: Nuevo
🚚 Disponible para entrega o recogida

🛒 VivaBien — Tu tienda de confianza en República Dominicana",VivaBien,Belleza y Cuidado Personal,美容个护,TRUE,VB9D1B7D35,110.00,10,VB9D1B7D35.jpg,睫毛膏,,美容个护,Belleza y Cuidado Personal,"Shopify,Facebook Marketplace","品名由豆包识图生成 conf=0.60，卖点:['透明瓶身', '绿色部件', '便携']"
picadora-de-carne-moledora-2500w-110v-cuchillas-acero,Picadora de carne / moledora 2500W 110V cuchillas acero,"Picadora de carne / moledora 2500W 110V cuchillas acero

📦 Características:
• 2500W
• Cuchillas de acero inoxidable 420 SS
• Modo reversible
• disco de corte metálico
• 110V

✨ Estado: Nuevo
🚚 Disponible para entrega o recogida

🛒 VivaBien — Tu tienda de confianza en República Dominicana",VivaBien,Cocina y Hogar,厨房家居,TRUE,VB9D3CDF05,2840.00,10,VB9D3CDF05.jpg,绞肉机,,厨房家居,Cocina y Hogar,"Shopify,Facebook Marketplace",价格由 AI 从图片识别：RD$ 2840，请在审核台确认
nivel-nivelador-regla-niveladora-amarilla-32-pulgadas,Nivel / nivelador / regla niveladora amarilla 32 pulgadas,"Nivel / nivelador / regla niveladora amarilla 32 pulgadas

📦 Características:
• 32 pulgadas
• Amarillo
• Con nivel de burbuja

✨ Estado: Nuevo
🚚 Disponible para entrega o recogida

🛒 VivaBien — Tu tienda de confianza en República Dominicana",VivaBien,Herramientas y Ferretería,工具五金,TRUE,VB9DAF79B5,175.00,10,VB9DAF79B5.jpg,水平尺,,工具五金,Herramientas y Ferretería,"Shopify,Facebook Marketplace",价格由 AI 从图片识别：RD$ 175，请在审核台确认
masajeador-m-quina-de-masajes-vibratoria-marr-n,Masajeador / máquina de masajes vibratoria marrón,"Masajeador / máquina de masajes vibratoria marrón

📦 Características:
• Empaque marrón
• Función de vibración

✨ Estado: Nuevo
🚚 Disponible para entrega o recogida

🛒 VivaBien — Tu tienda de confianza en República Dominicana",VivaBien,Artículos para Adultos,情趣用品,TRUE,VB9DCA75D1,390.00,10,VB9DCA75D1.jpg,按摩器,,情趣用品,Artículos para Adultos,"Shopify,Facebook Marketplace",价格由 AI 从图片识别：RD$ 390，请在审核台确认
aceite-blanqueador-200ml-con-s-bila-y-oliva-para-todo-el-cue,Aceite blanqueador 200ml con sábila y oliva para todo el cuerpo,"Aceite blanqueador 200ml con sábila y oliva para todo el cuerpo

📦 Características:
• 200ml
• Aceite de oliva
• Aloe vera
• Blanqueador
• Para todo el cuerpo

✨ Estado: Nuevo
🚚 Disponible para entrega o recogida

🛒 VivaBien — Tu tienda de confianza en República Dominicana",VivaBien,Belleza y Cuidado Personal,美容个护,TRUE,VB9E01919C,180.00,10,VB9E01919C.jpg,美白护肤油,,美容个护,Belleza y Cuidado Personal,"Shopify,Facebook Marketplace",价格由 AI 从图片识别：RD$ 180，请在审核台确认
portarretrato-marco-de-fotos-gris-madera-10x15cm,Portarretrato / marco de fotos gris madera 10x15cm,"Portarretrato / marco de fotos gris madera 10x15cm

📦 Características:
• Tamaño aproximado 10x15cm
• material de madera gris

✨ Estado: Nuevo
🚚 Disponible para entrega o recogida

🛒 VivaBien — Tu tienda de confianza en República Dominicana",VivaBien,Decoración del Hogar,家居装饰,TRUE,VB9E05B6E6,265.00,10,VB9E05B6E6.jpg,木质画框,,家居装饰,Decoración del Hogar,"Shopify,Facebook Marketplace",⚠ 价格 2.65 尾数异常（多米尼加价格结尾应为0或5），请人工核对 | 价格由 AI 从图片识别：RD$ 3，请在审核台确认
toma-corriente-blanco-de-pared-dise-o-empotrado-con-un-solo-,"Toma corriente blanco de pared, diseño empotrado con un solo enchufe","Toma corriente blanco de pared, diseño empotrado con un solo enchufe

📦 Características:
• Blanco
• Enchufe único
• Diseño empotrado

✨ Estado: Nuevo
🚚 Disponible para entrega o recogida

🛒 VivaBien — Tu tienda de confianza en República Dominicana",VivaBien,Herramientas y Ferretería,工具五金,TRUE,VB9E0784C9,70.00,10,VB9E0784C9.jpg,墙壁插座,,工具五金,Herramientas y Ferretería,"Shopify,Facebook Marketplace",价格由 AI 从图片识别：RD$ 70，请在审核台确认
producto-protector-para-el-ba-o-accesorio-para-ducha,Producto protector para el baño / accesorio para ducha,"Cortina de baño azul / cortina para ducha / cortina plástica

📦 Características:
• Azul
• uso en baño

✨ Estado: Nuevo
🚚 Disponible para entrega o recogida

🛒 VivaBien — Tu tienda de confianza en República Dominicana",VivaBien,Baño y Sanitarios,浴室卫浴,TRUE,VB9E0EC071,110.00,10,VB9E0EC071.jpg,浴室防护品,,浴室卫浴,Baño y Sanitarios,"Shopify,Facebook Marketplace",价格由 AI 从图片识别：RD$ 10，请在审核台确认
set-de-libros-decorativos-estilo-vintage-libros-falsos,Set de libros decorativos estilo vintage / libros falsos.,"Cuaderno vaquero diseño blanco y negro

📦 Características:
• Portada blanco y negro
• Diseño de jinete

✨ Estado: Nuevo
🚚 Disponible para entrega o recogida

🛒 VivaBien — Tu tienda de confianza en República Dominicana",VivaBien,Papelería y Oficina,文具办公,TRUE,VB9E5C2F55,130.00,10,VB9E5C2F55.jpg,美国牛仔书假书,,文具办公,Papelería y Oficina,"Shopify,Facebook Marketplace",价格由 AI 从图片识别：RD$ 130，请在审核台确认
espejo-redondo-40cm-borde-tejido-color-crema,Espejo redondo 40cm borde tejido color crema,"Espejo redondo 40cm borde tejido color crema

📦 Características:
• espejo redondo
• Borde tejido
• Color crema
• 40cm

✨ Estado: Nuevo
🚚 Disponible para entrega o recogida

🛒 VivaBien — Tu tienda de confianza en República Dominicana",VivaBien,Decoración del Hogar,家居装饰,TRUE,VB9F49F198,580.00,10,VB9F49F198.jpg,编织挂镜,,家居装饰,Decoración del Hogar,"Shopify,Facebook Marketplace",价格由 AI 从图片识别：RD$ 25，请在审核台确认 | 价格经二次OCR修正：25 → RD$ 580
adorno-decorativo-en-forma-de-pera-plateada-met-lica,Adorno decorativo en forma de pera plateada metálica,"Adorno decorativo en forma de pera plateada metálica

📦 Características:
• color plateado
• material metálico
• Individual

✨ Estado: Nuevo
🚚 Disponible para entrega o recogida

🛒 VivaBien — Tu tienda de confianza en República Dominicana",VivaBien,Decoración del Hogar,家居装饰,TRUE,VBA011402A,110.00,10,VBA011402A.jpg,银色梨摆件,,家居装饰,Decoración del Hogar,"Shopify,Facebook Marketplace",价格由 AI 从图片识别：RD$ 110，请在审核台确认
ventilador-ahuyentador-de-mosquitos-y-moscas-negro,Ventilador ahuyentador de mosquitos y moscas negro,"Ventilador ahuyentador de mosquitos y moscas negro

📦 Características:
• Repele moscas
• Negro
• diseño cónico

✨ Estado: Nuevo
🚚 Disponible para entrega o recogida

🛒 VivaBien — Tu tienda de confianza en República Dominicana",VivaBien,Otros,其他,TRUE,VBA036336C,220.00,10,VBA036336C.jpg,驱蚊风扇,,其他,Otros,"Shopify,Facebook Marketplace",价格由 AI 从图片识别：RD$ 220，请在审核台确认
cafetera-m-quina-de-caf-6-tazas-vidrio-1-a-o-garant-a,Cafetera / máquina de café 6 tazas vidrio 1 año garantía,"Cafetera / máquina de café 6 tazas vidrio 1 año garantía

📦 Características:
• 6 tazas
• jarra de vidrio
• 1 año de garantía

✨ Estado: Nuevo
🚚 Disponible para entrega o recogida

🛒 VivaBien — Tu tienda de confianza en República Dominicana",VivaBien,Cocina y Hogar,厨房家居,TRUE,VBA0581E31,1445.00,10,VBA0581E31.jpg,咖啡机,,厨房家居,Cocina y Hogar,"Shopify,Facebook Marketplace",价格由 AI 从图片识别：RD$ 1445，请在审核台确认
gelatina-gomina-gel-fuerte-para-pelo-35g-nueva-f-rmula,Gelatina / gomina / gel fuerte para pelo 35g nueva fórmula,"Gelatina / gomina / gel fuerte para pelo 35g nueva fórmula

📦 Características:
• 35g
• Nueva fórmula
• Fijación fuerte

✨ Estado: Nuevo
🚚 Disponible para entrega o recogida

🛒 VivaBien — Tu tienda de confianza en República Dominicana",VivaBien,Belleza y Cuidado Personal,美容个护,TRUE,VBA0FF015F,190.00,10,,强力发胶,,美容个护,Belleza y Cuidado Personal,"Shopify,Facebook Marketplace","价格由 AI 从图片识别：RD$ 190，请在审核台确认 | ⚠️ AI 生图失败，可点「重新生图」重试: HTTPSConnectionPool(host='api.quickrouter.ai', port=443): Read timed out. (read timeout=120)"
cable-de-datos-1m-lightning-usb-para-iphone,Cable de datos 1m Lightning / USB para iPhone,"Cable de datos 1m Lightning / USB para iPhone

📦 Características:
• 1m
• puerto Lightning
• puerto USB

✨ Estado: Nuevo
🚚 Disponible para entrega o recogida

🛒 VivaBien — Tu tienda de confianza en República Dominicana",VivaBien,Electrónicos y Tecnología,电子数码,TRUE,VBA1909FB8,120.00,10,VBA1909FB8.jpg,数据线,,电子数码,Electrónicos y Tecnología,"Shopify,Facebook Marketplace",价格由 AI 从图片识别：RD$ 120，请在审核台确认
spray-amarillo-pintura-en-aerosol-r-pido-interior-y-exterior,Spray amarillo / pintura en aerosol rápido interior y exterior,"Spray amarillo / pintura en aerosol rápido interior y exterior

📦 Características:
• Amarillo
• Secado rápido
• Uso interno y externo

✨ Estado: Nuevo
🚚 Disponible para entrega o recogida

🛒 VivaBien — Tu tienda de confianza en República Dominicana",VivaBien,Herramientas y Ferretería,工具五金,TRUE,VBA1ECE010,110.00,10,VBA1ECE010.jpg,黄色喷漆,,工具五金,Herramientas y Ferretería,"Shopify,Facebook Marketplace",价格由 AI 从图片识别：RD$ 110，请在审核台确认
sandwichera-el-ctrica-1400w-24cm-8-s-ndwiches,Sandwichera eléctrica 1400W / 24cm / 8 sándwiches,"Sandwichera eléctrica 1400W / 24cm / 8 sándwiches

📦 Características:
• 1400W
• 24CM
• 8 agujeros

✨ Estado: Nuevo
🚚 Disponible para entrega o recogida

🛒 VivaBien — Tu tienda de confianza en República Dominicana",VivaBien,Cocina y Hogar,厨房家居,TRUE,VBA2404301,1605.00,10,VBA2404301.jpg,三明治机,,厨房家居,Cocina y Hogar,"Shopify,Facebook Marketplace",价格由 AI 从图片识别：RD$ 16，请在审核台确认
destornillador-de-cruz-estrella-antideslizante-con-gancho,Destornillador de cruz / estrella antideslizante con gancho,"Destornillador de cruz / estrella antideslizante con gancho

📦 Características:
• Mango amarillo y negro
• Diseño antideslizante
• Con agujero para colgar

✨ Estado: Nuevo
🚚 Disponible para entrega o recogida

🛒 VivaBien — Tu tienda de confianza en República Dominicana",VivaBien,Herramientas y Ferretería,工具五金,TRUE,VBA27050F0,40.00,10,VBA27050F0.jpg,十字螺丝刀,,工具五金,Herramientas y Ferretería,"Shopify,Facebook Marketplace",价格由 AI 从图片识别：RD$ 40，请在审核台确认
disco-de-corte-hoja-para-sierra-tct-alta-calidad,Disco de corte / hoja para sierra TCT alta calidad,"Disco de corte / hoja para sierra TCT alta calidad

📦 Características:
• material TCT
• compatible con corte
• Certificación de alta calidad

✨ Estado: Nuevo
🚚 Disponible para entrega o recogida

🛒 VivaBien — Tu tienda de confianza en República Dominicana",VivaBien,Herramientas y Ferretería,工具五金,TRUE,VBA2ED38E8,150.00,10,VBA2ED38E8.jpg,锯片,,工具五金,Herramientas y Ferretería,"Shopify,Facebook Marketplace",价格由 AI 从图片识别：RD$ 150，请在审核台确认
martillo-maceta-de-carpintero-con-mango-de-madera,Martillo / maceta de carpintero con mango de madera,"Martillo / maceta de carpintero con mango de madera

📦 Características:
• Mango de madera
• cabeza de martillo metálica
• apto para golpear

✨ Estado: Nuevo
🚚 Disponible para entrega o recogida

🛒 VivaBien — Tu tienda de confianza en República Dominicana",VivaBien,Herramientas y Ferretería,工具五金,TRUE,VBA3958CC0,255.00,10,VBA3958CC0.jpg,木柄锤子,,工具五金,Herramientas y Ferretería,"Shopify,Facebook Marketplace",价格由 AI 从图片识别：RD$ 255，请在审核台确认
bomba-de-aire-para-carro-inflador-port-til-alta-potencia,Bomba de aire para carro / inflador portátil alta potencia,"Bomba de aire para carro / inflador portátil alta potencia

📦 Características:
• Alta potencia
• 2-3 minutos para alcanzar presión normal

✨ Estado: Nuevo
🚚 Disponible para entrega o recogida

🛒 VivaBien — Tu tienda de confianza en República Dominicana",VivaBien,Herramientas y Ferretería,工具五金,TRUE,VBA3BC9A34,795.00,10,VBA3BC9A34.jpg,车载气泵,,工具五金,Herramientas y Ferretería,"Shopify,Facebook Marketplace",价格由 AI 从图片识别：RD$ 50，请在审核台确认
adorno-colgante-madera-blanco-verde-con-lazo-1-unidad,Adorno colgante madera blanco/verde con lazo 1 unidad,"Adorno colgante madera blanco/verde con lazo 1 unidad

📦 Características:
• 1 unidad
• Forma redonda blanca
• Decoración de texto en madera
• Planta artificial
• Lazo de cuadros blanco y negro

✨ Estado: Nuevo
🚚 Disponible para entrega o recogida

🛒 VivaBien — Tu tienda de confianza en República Dominicana",VivaBien,Decoración del Hogar,家居装饰,TRUE,VBA40DCCF7,170.00,10,VBA40DCCF7.jpg,家居装饰挂件,,家居装饰,Decoración del Hogar,"Shopify,Facebook Marketplace",价格由 AI 从图片识别：RD$ 170，请在审核台确认
tape-transparente-cinta-doble-cara-reutilizable-y-lavable,Tape transparente / cinta doble cara reutilizable y lavable,"Tape transparente / cinta doble cara reutilizable y lavable

📦 Características:
• Reutilizable
• Removible
• Lavable

✨ Estado: Nuevo
🚚 Disponible para entrega o recogida

🛒 VivaBien — Tu tienda de confianza en República Dominicana",VivaBien,Herramientas y Ferretería,工具五金,TRUE,VBA43FC476,170.00,10,VBA43FC476.jpg,纳米胶带,,工具五金,Herramientas y Ferretería,"Shopify,Facebook Marketplace",价格由 AI 从图片识别：RD$ 170，请在审核台确认
pesta-as-postizas-milash-100-manuales-pegamento-varias-filas,"Pestañas postizas MiLash 100% manuales + pegamento, varias filas","Pestañas postizas MiLash 100% manuales + pegamento, varias filas

📦 Características:
• 100% hecho a mano
• Incluye pegamento
• pestañas en varias filas

✨ Estado: Nuevo
🚚 Disponible para entrega o recogida

🛒 VivaBien — Tu tienda de confianza en República Dominicana",VivaBien,Belleza y Cuidado Personal,美容个护,TRUE,VBA4B825A2,340.00,10,VBA4B825A2.jpg,MiLash假睫毛套装,,美容个护,Belleza y Cuidado Personal,"Shopify,Facebook Marketplace","品名由豆包识图生成 conf=0.80，卖点:['100%手工', '含胶水', '多排睫毛']"
llave-de-paso-pvc-v-lvula-de-bola-3-4-rojo,"Llave de paso PVC / válvula de bola 3/4"" rojo","Llave de paso PVC / válvula de bola 3/4"" rojo

📦 Características:
• 3/4 pulgadas
• Mango rojo
• material PVC

✨ Estado: Nuevo
🚚 Disponible para entrega o recogida

🛒 VivaBien — Tu tienda de confianza en República Dominicana",VivaBien,Herramientas y Ferretería,工具五金,TRUE,VBA4E3AEE0,70.00,10,VBA4E3AEE0.jpg,PVC球阀,,工具五金,Herramientas y Ferretería,"Shopify,Facebook Marketplace",
libro-decorativo-japon-s-libro-falso,Libro decorativo japonés / libro falso,"Libro de cultura japonesa 1 unidad / blanco / diseño redondo

📦 Características:
• un cuaderno
• Cubierta blanca
• diseño redondo

✨ Estado: Nuevo
🚚 Disponible para entrega o recogida

🛒 VivaBien — Tu tienda de confianza en República Dominicana",VivaBien,Papelería y Oficina,文具办公,TRUE,VBA5503363,130.00,10,VBA5503363.jpg,日本文化书假书,,文具办公,Papelería y Oficina,"Shopify,Facebook Marketplace",价格由 AI 从图片识别：RD$ 130，请在审核台确认
aceite-desmaquillante-limpiador-facial-100ml-hidratante,Aceite desmaquillante / limpiador facial 100mL hidratante,"Aceite desmaquillante / limpiador facial 100mL hidratante

📦 Características:
• 100mL
• limpieza profunda
• Hidratante
• frescura

✨ Estado: Nuevo
🚚 Disponible para entrega o recogida

🛒 VivaBien — Tu tienda de confianza en República Dominicana",VivaBien,Belleza y Cuidado Personal,美容个护,TRUE,VBA5702D5A,165.00,10,VBA5702D5A.jpg,VC卸妆油,,美容个护,Belleza y Cuidado Personal,"Shopify,Facebook Marketplace",价格由 AI 从图片识别：RD$ 165，请在审核台确认
libros-decorativos-libros-de-arte-estilo-vaquero,Libros decorativos / libros de arte estilo vaquero,"Libro de arte vaquero 1 unidad cubierta azul papel

📦 Características:
• un libro
• Portada azul
• Material de papel

✨ Estado: Nuevo
🚚 Disponible para entrega o recogida

🛒 VivaBien — Tu tienda de confianza en República Dominicana",VivaBien,Papelería y Oficina,文具办公,TRUE,VBA5750B68,130.00,10,VBA5750B68.jpg,牛仔艺术书假书,,文具办公,Papelería y Oficina,"Shopify,Facebook Marketplace",价格由 AI 从图片识别：RD$ 130，请在审核台确认
linterna-led-azul-port-til-y-multifuncional-ideal-para-todo-,"Linterna LED azul portátil y multifuncional, ideal para todo uso","Linterna LED azul portátil y multifuncional, ideal para todo uso

📦 Características:
• Azul
• lámpara LED
• Portátil
• multifuncional

✨ Estado: Nuevo
🚚 Disponible para entrega o recogida

🛒 VivaBien — Tu tienda de confianza en República Dominicana",VivaBien,Herramientas y Ferretería,工具五金,TRUE,VBA5CB554F,220.00,10,VBA5CB554F.jpg,LED手电筒,,工具五金,Herramientas y Ferretería,"Shopify,Facebook Marketplace",价格由 AI 从图片识别：RD$ 220，请在审核台确认
manguera-de-ducha-tubo-flexible-ajustable-60-200cm,Manguera de ducha / tubo flexible ajustable 60-200cm,"Manguera de ducha / tubo flexible ajustable 60-200cm

📦 Características:
• Ajustable de 60 a 200 cm
• color plateado
• Garantía de 5 años

✨ Estado: Nuevo
🚚 Disponible para entrega o recogida

🛒 VivaBien — Tu tienda de confianza en República Dominicana",VivaBien,Baño y Sanitarios,浴室卫浴,TRUE,VBA5EE954A,125.00,10,VBA5EE954A.jpg,浴室软管,,浴室卫浴,Baño y Sanitarios,"Shopify,Facebook Marketplace",价格由 AI 从图片识别：RD$ 125，请在审核台确认
cable-usb-c-cargador-r-pido-60w-1-metro,Cable USB-C cargador rápido 60W 1 metro,"Cable USB-C cargador rápido 60W 1 metro

📦 Características:
• 60W
• 1 metro

✨ Estado: Nuevo
🚚 Disponible para entrega o recogida

🛒 VivaBien — Tu tienda de confianza en República Dominicana",VivaBien,Electrónicos y Tecnología,电子数码,TRUE,VBA63A025B,140.00,10,VBA63A025B.jpg,USB-C充电线,,电子数码,Electrónicos y Tecnología,"Shopify,Facebook Marketplace",价格由 AI 从图片识别：RD$ 140，请在审核台确认
funda-impermeable-para-celular-amarilla-rosada,Funda impermeable para celular amarilla / rosada,"Funda impermeable para celular amarilla / rosada

📦 Características:
• Amarillo
• Rosado
• Impermeable
• Para celulares

✨ Estado: Nuevo
🚚 Disponible para entrega o recogida

🛒 VivaBien — Tu tienda de confianza en República Dominicana",VivaBien,Electrónicos y Tecnología,电子数码,TRUE,VBA71528DA,60.00,10,VBA71528DA.jpg,防水手机袋,,电子数码,Electrónicos y Tecnología,"Shopify,Facebook Marketplace",价格由 AI 从图片识别：RD$ 60，请在审核台确认
exfoliante-corporal-natural-scrub-500ml-apto-para-todo-tipo-,Exfoliante corporal natural / scrub 500ml apto para todo tipo de piel,"Exfoliante corporal natural / scrub 500ml apto para todo tipo de piel

📦 Características:
• Ingredientes naturales
• apto para todo tipo de piel
• 500ml

✨ Estado: Nuevo
🚚 Disponible para entrega o recogida

🛒 VivaBien — Tu tienda de confianza en República Dominicana",VivaBien,Belleza y Cuidado Personal,美容个护,TRUE,VBA72ED93E,205.00,10,VBA72ED93E.jpg,黄瓜身体磨砂,,美容个护,Belleza y Cuidado Personal,"Shopify,Facebook Marketplace",价格由 AI 从图片识别：RD$ 205，请在审核台确认
masajeador-en-forma-de-flor-rosa-color-violeta,Masajeador en forma de flor / rosa color violeta,"Masajeador en forma de flor / rosa color violeta

📦 Características:
• Morado
• Diseño de flor

✨ Estado: Nuevo
🚚 Disponible para entrega o recogida

🛒 VivaBien — Tu tienda de confianza en República Dominicana",VivaBien,Belleza y Cuidado Personal,美容个护,TRUE,VBA7334693,650.00,10,VBA7334693.jpg,玫瑰按摩器,,美容个护,Belleza y Cuidado Personal,"Shopify,Facebook Marketplace",价格由 AI 从图片识别：RD$ 650，请在审核台确认
set-u-as-postizas-stickers-u-as-ni-os-12-piezas-dibujos,Set uñas postizas / stickers uñas niños 12 piezas dibujos,"Set uñas postizas / stickers uñas niños 12 piezas dibujos

📦 Características:
• 12 hojas por paquete
• Diseño animado
• apto para niños

✨ Estado: Nuevo
🚚 Disponible para entrega o recogida

🛒 VivaBien — Tu tienda de confianza en República Dominicana",VivaBien,Belleza y Cuidado Personal,美容个护,TRUE,VBA79E913A,85.00,10,VBA79E913A.jpg,儿童美甲贴,,美容个护,Belleza y Cuidado Personal,"Shopify,Facebook Marketplace",价格由 AI 从图片识别：RD$ 85，请在审核台确认
bomba-manual-inflador-port-til-dorado-con-manguera-roja,Bomba manual / inflador portátil dorado con manguera roja,"Bomba manual / inflador portátil dorado con manguera roja

📦 Características:
• cuerpo dorado
• Tubo rojo
• Diseño portátil

✨ Estado: Nuevo
🚚 Disponible para entrega o recogida

🛒 VivaBien — Tu tienda de confianza en República Dominicana",VivaBien,Herramientas y Ferretería,工具五金,TRUE,VBA7BC2F09,250.00,10,VBA7BC2F09.jpg,手动打气筒,,工具五金,Herramientas y Ferretería,"Shopify,Facebook Marketplace",价格由 AI 从图片识别：RD$ 250，请在审核台确认
crema-para-la-piel-con-vitamina-e-50g,Crema para la piel con vitamina E 50g,"Crema para la piel con vitamina E 50g

📦 Características:
• Con vitamina E
• nutrición para piel

✨ Estado: Nuevo
🚚 Disponible para entrega o recogida

🛒 VivaBien — Tu tienda de confianza en República Dominicana",VivaBien,Belleza y Cuidado Personal,美容个护,TRUE,VBA7C76A4E,150.00,10,VBA7C76A4E.jpg,维生素E护肤膏,,美容个护,Belleza y Cuidado Personal,"Shopify,Facebook Marketplace",价格由 AI 从图片识别：RD$ 150，请在审核台确认
llave-de-fregadero-grifo-cocina-360-giratoria-fr-a-y-calient,Llave de fregadero / grifo cocina 360° giratoria fría y caliente,"Llave de fregadero / grifo cocina 360° giratoria fría y caliente

📦 Características:
• Control dual frío/calor
• Rotación de 360°
• Núcleo de válvula cerámico
• Diseño elástico

✨ Estado: Nuevo
🚚 Disponible para entrega o recogida

🛒 VivaBien — Tu tienda de confianza en República Dominicana",VivaBien,Baño y Sanitarios,浴室卫浴,TRUE,VBA7D7853C,1295.00,10,VBA7D7853C.jpg,厨房水龙头,,浴室卫浴,Baño y Sanitarios,"Shopify,Facebook Marketplace",价格由 AI 从图片识别：RD$ 1295，请在审核台确认
cargador-r-pido-2-puertos-2-4a-usb-5v-100-240v,Cargador rápido 2 puertos 2.4A / USB 5V 100-240V,"Cargador rápido 2 puertos 2.4A / USB 5V 100-240V

📦 Características:
• 2.4A salida
• Carga rápida
• Material plástico PC retardante de llama
• voltaje de entrada 100V-240V
• voltaje de salida 5V

✨ Estado: Nuevo
🚚 Disponible para entrega o recogida

🛒 VivaBien — Tu tienda de confianza en República Dominicana",VivaBien,Electrónicos y Tecnología,电子数码,TRUE,VBA869E03C,250.00,10,VBA869E03C.jpg,双口充电器,,电子数码,Electrónicos y Tecnología,"Shopify,Facebook Marketplace",⚠ 价格疑似识别有误（2.5），已自动修正为 RD$ 25 | 价格由 AI 从图片识别：RD$ 25，请在审核台确认
parches-de-ojos-mascarilla-con-ar-ndanos-para-ojeras,Parches de ojos / mascarilla con arándanos para ojeras,"Parches de ojos / mascarilla con arándanos para ojeras

📦 Características:
• Con extracto de arándanos
• Hidratante
• reduce ojeras

✨ Estado: Nuevo
🚚 Disponible para entrega o recogida

🛒 VivaBien — Tu tienda de confianza en República Dominicana",VivaBien,Belleza y Cuidado Personal,美容个护,TRUE,VBA8EE2B9C,20.00,10,VBA8EE2B9C.jpg,蓝莓眼膜,,美容个护,Belleza y Cuidado Personal,"Shopify,Facebook Marketplace",价格由 AI 从图片识别：RD$ 20，请在审核台确认
reloj-de-pared-diy-reloj-decorativo-colorido-1-set,Reloj de pared DIY / reloj decorativo colorido 1 set,"Reloj de pared DIY / reloj decorativo colorido 1 set

📦 Características:
• un set
• Colorido

✨ Estado: Nuevo
🚚 Disponible para entrega o recogida

🛒 VivaBien — Tu tienda de confianza en República Dominicana",VivaBien,Juguetes y Juegos,玩具游戏,TRUE,VBA964779D,310.00,10,VBA964779D.jpg,DIY时钟,,玩具游戏,Juguetes y Juegos,"Shopify,Facebook Marketplace",价格由 AI 从图片识别：RD$ 310，请在审核台确认
switch-blanco-de-pared-resistente-al-fuego-dise-o-moderno-y-,"Switch blanco de pared resistente al fuego, diseño moderno y seguro","Switch blanco de pared resistente al fuego, diseño moderno y seguro

📦 Características:
• Blanco
• Interruptor único
• Material resistente al fuego

✨ Estado: Nuevo
🚚 Disponible para entrega o recogida

🛒 VivaBien — Tu tienda de confianza en República Dominicana",VivaBien,Herramientas y Ferretería,工具五金,TRUE,VBA964814D,75.00,10,VBA964814D.jpg,墙壁开关,,工具五金,Herramientas y Ferretería,"Shopify,Facebook Marketplace",价格由 AI 从图片识别：RD$ 75，请在审核台确认
set-colgantes-de-madera-decoraci-n-en-hilo-blanco-y-dorado,Set colgantes de madera / decoración en hilo blanco y dorado,"Set colgantes de madera / decoración en hilo blanco y dorado

📦 Características:
• un set
• Blanco
• color dorado
• De madera
• Cuerda de yute

✨ Estado: Nuevo
🚚 Disponible para entrega o recogida

🛒 VivaBien — Tu tienda de confianza en República Dominicana",VivaBien,Decoración del Hogar,家居装饰,TRUE,VBA977134E,210.00,10,VBA977134E.jpg,木珠挂饰,,家居装饰,Decoración del Hogar,"Shopify,Facebook Marketplace",价格由 AI 从图片识别：RD$ 130，请在审核台确认
juego-de-brochas-de-maquillaje-profesional-4-piezas-rosadas,Juego de brochas de maquillaje profesional 4 piezas rosadas,"Juego de brochas de maquillaje profesional 4 piezas rosadas

📦 Características:
• 4 unidades
• Cabezal de cepillo rosado
• Mango blanco
• piezas metálicas oro rosado
• calidad profesional

✨ Estado: Nuevo
🚚 Disponible para entrega o recogida

🛒 VivaBien — Tu tienda de confianza en República Dominicana",VivaBien,Belleza y Cuidado Personal,美容个护,TRUE,VBA993A448,175.00,10,VBA993A448.jpg,MANFEI化妆刷套装,,美容个护,Belleza y Cuidado Personal,"Shopify,Facebook Marketplace","品名由豆包识图生成 conf=0.90，卖点:['4支装', '粉色刷头', '白色刷杆', '玫瑰金金属件', '专业品质']"
manguera-extensible-manguera-retr-ctil-50-pies-ligera,Manguera extensible / manguera retráctil 50 pies ligera,"Manguera extensible / manguera retráctil 50 pies ligera

📦 Características:
• 50 pies
• Extensión automática
• liviano

✨ Estado: Nuevo
🚚 Disponible para entrega o recogida

🛒 VivaBien — Tu tienda de confianza en República Dominicana",VivaBien,Herramientas y Ferretería,工具五金,TRUE,VBA99BDFD3,340.00,10,VBA99BDFD3.jpg,伸缩水管,,工具五金,Herramientas y Ferretería,"Shopify,Facebook Marketplace",价格由 AI 从图片识别：RD$ 530，请在审核台确认
cinta-adhesiva-amarilla-tape-amarillo-en-rollo,Cinta adhesiva amarilla / tape amarillo en rollo,"Cinta adhesiva amarilla / tape amarillo en rollo

📦 Características:
• Amarillo
• En rollo

✨ Estado: Nuevo
🚚 Disponible para entrega o recogida

🛒 VivaBien — Tu tienda de confianza en República Dominicana",VivaBien,Herramientas y Ferretería,工具五金,TRUE,VBAA009312,70.00,10,VBAA009312.jpg,黄色胶带,,工具五金,Herramientas y Ferretería,"Shopify,Facebook Marketplace",价格由 AI 从图片识别：RD$ 10，请在审核台确认
juego-de-5-brochas-de-maquillaje-profesionales-mango-blanco-,"Juego de 5 brochas de maquillaje profesionales, mango blanco y dorado","Juego de 5 brochas de maquillaje profesionales, mango blanco y dorado

📦 Características:
• 5 unidades
• Mango blanco
• barra de cepillo dorada
• calidad profesional

✨ Estado: Nuevo
🚚 Disponible para entrega o recogida

🛒 VivaBien — Tu tienda de confianza en República Dominicana",VivaBien,Belleza y Cuidado Personal,美容个护,TRUE,VBAA0E97AB,445.00,10,VBAA0E97AB.jpg,化妆刷套装,,美容个护,Belleza y Cuidado Personal,"Shopify,Facebook Marketplace","品名由豆包识图生成 conf=0.90，卖点:['5支装', '白色手柄', '金色刷杆', '专业品质']"
libros-decorativos-adornos-de-mesa-estilo-par-s,Libros decorativos / adornos de mesa estilo París ,"Cuadro decorativo / lámina A4 blanco y negro romántico

📦 Características:
• Blanco y negro
• Tamaño A4
• tema romántico

✨ Estado: Nuevo
🚚 Disponible para entrega o recogida

🛒 VivaBien — Tu tienda de confianza en República Dominicana",VivaBien,Decoración del Hogar,家居装饰,TRUE,VBAA2B10EC,130.00,10,VBAA2B10EC.jpg,巴黎装饰画假书,,家居装饰,Decoración del Hogar,"Shopify,Facebook Marketplace",价格由 AI 从图片识别：RD$ 130，请在审核台确认
jab-n-blanqueador-limpiador-profundo-100g-hidratante,Jabón blanqueador / limpiador profundo 100g hidratante,"Jabón blanqueador / limpiador profundo 100g hidratante

📦 Características:
• 100g
• Blanqueador
• limpieza profunda
• hidratación

✨ Estado: Nuevo
🚚 Disponible para entrega o recogida

🛒 VivaBien — Tu tienda de confianza en República Dominicana",VivaBien,Belleza y Cuidado Personal,美容个护,TRUE,VBAA36808F,100.00,10,VBAA36808F.jpg,可可精华皂,,美容个护,Belleza y Cuidado Personal,"Shopify,Facebook Marketplace",价格由 AI 从图片识别：RD$ 100，请在审核台确认
planta-decorativa-60cm-3-bolas-pl-stico-verde,Planta decorativa 60cm 3 bolas plástico verde,"Planta decorativa 60cm 3 bolas plástico verde

📦 Características:
• 3 esferas
• Verde
• material plástico

✨ Estado: Nuevo
🚚 Disponible para entrega o recogida

🛒 VivaBien — Tu tienda de confianza en República Dominicana",VivaBien,Decoración del Hogar,家居装饰,TRUE,VBAA70EB67,,10,VBAA70EB67.jpg,60cm  1315,,家居装饰,Decoración del Hogar,"Shopify,Facebook Marketplace",
aro-de-luz-anillo-de-luz-26cm-para-celular,Aro de luz / anillo de luz 26cm para celular,"Aro de luz / anillo de luz 26cm para celular

📦 Características:
• 26cm

✨ Estado: Nuevo
🚚 Disponible para entrega o recogida

🛒 VivaBien — Tu tienda de confianza en República Dominicana",VivaBien,,,TRUE,VBAAAD99F2,935.00,10,VBAAAD99F2.jpg,环形灯,,,,"Shopify,Facebook Marketplace",价格由 AI 从图片识别：RD$ 935，请在审核台确认
switch-doble-blanco-para-pared-ideal-para-tu-hogar-u-oficina,Switch doble blanco para pared - Ideal para tu hogar u oficina,"Switch doble blanco para pared - Ideal para tu hogar u oficina

📦 Características:
• Blanco
• Doble apertura
• instalación en pared

✨ Estado: Nuevo
🚚 Disponible para entrega o recogida

🛒 VivaBien — Tu tienda de confianza en República Dominicana",VivaBien,Herramientas y Ferretería,工具五金,TRUE,VBAB0433DD,125.00,10,VBAB0433DD.jpg,双开开关,,工具五金,Herramientas y Ferretería,"Shopify,Facebook Marketplace",价格由 AI 从图片识别：RD$ 125，请在审核台确认
colgante-decoraci-n-de-madera-p-rpura-y-dorado-1-metro,Colgante / decoración de madera púrpura y dorado 1 metro,"Colgante / decoración de madera púrpura y dorado 1 metro

📦 Características:
• aproximadamente 1 metro
• Cuentas de madera moradas y doradas
• Material de yute

✨ Estado: Nuevo
🚚 Disponible para entrega o recogida

🛒 VivaBien — Tu tienda de confianza en República Dominicana",VivaBien,,,TRUE,VBAB418C2E,260.00,10,VBAB418C2E.jpg,木珠挂饰,,,,"Shopify,Facebook Marketplace",
aud-fonos-inal-mbricos-negros-hifi-est-reo-bluetooth-5-4,Audífonos inalámbricos negros HiFi estéreo Bluetooth 5.4,"Audífonos inalámbricos negros HiFi estéreo Bluetooth 5.4

📦 Características:
• Inalámbrico
• Estéreo
• Versión 5.4
• Negro
• Función de grabación
• Balance de audio
• calidad de sonido HiFi

✨ Estado: Nuevo
🚚 Disponible para entrega o recogida

🛒 VivaBien — Tu tienda de confianza en República Dominicana",VivaBien,Electrónicos y Tecnología,电子数码,TRUE,VBAB683120,580.00,10,VBAB683120.jpg,无线耳机,,电子数码,Electrónicos y Tecnología,"Shopify,Facebook Marketplace",价格由 AI 从图片识别：RD$ 580，请在审核台确认
l-quido-acr-lico-para-u-as-500ml,Líquido Acrílico para Uñas 500ml,"Removedor de esmalte / quitaesmalte líquido 500ml

📦 Características:
• 500ml

✨ Estado: Nuevo
🚚 Disponible para entrega o recogida

🛒 VivaBien — Tu tienda de confianza en República Dominicana",VivaBien,Belleza y Cuidado Personal,美容个护,TRUE,VBABD659A2,650.00,10,VBABD659A2.jpg,指甲液,,美容个护,Belleza y Cuidado Personal,"Shopify,Facebook Marketplace",价格由 AI 从图片识别：RD$ 630，请在审核台确认
letrero-de-extintor-se-al-adhesiva-14x14cm-aluminio,Letrero de extintor / señal adhesiva 14x14cm aluminio,"Letrero de extintor / señal adhesiva 14x14cm aluminio

📦 Características:
• 14x14cm
• hecho de aluminio
• Parte trasera con pega

✨ Estado: Nuevo
🚚 Disponible para entrega o recogida

🛒 VivaBien — Tu tienda de confianza en República Dominicana",VivaBien,Herramientas y Ferretería,工具五金,TRUE,VBABD71778,70.00,10,VBABD71778.jpg,铝制灭火器标志,,工具五金,Herramientas y Ferretería,"Shopify,Facebook Marketplace",价格由 AI 从图片识别：RD$ 70，请在审核台确认
pintura-en-spray-espray-400ml-r-pido-secado-multiuso,Pintura en spray / espray 400ml rápido secado multiuso,"Pintura en spray / espray 400ml rápido secado multiuso

📦 Características:
• 400ml
• Para madera, metal y plástico
• Alta luminosidad
• Secado rápido

✨ Estado: Nuevo
🚚 Disponible para entrega o recogida

🛒 VivaBien — Tu tienda de confianza en República Dominicana",VivaBien,Herramientas y Ferretería,工具五金,TRUE,VBAC416EAA,130.00,10,VBAC416EAA.jpg,喷漆,,工具五金,Herramientas y Ferretería,"Shopify,Facebook Marketplace",价格由 AI 从图片识别：RD$ 130，请在审核台确认
cinta-adhesiva-tape-amarilla-transparente-ancha-2cm,Cinta adhesiva / tape amarilla transparente ancha 2cm,"Cinta adhesiva / tape amarilla transparente ancha 2cm

📦 Características:
• Amarillo
• Transparente
• Ancho aproximado 2cm

✨ Estado: Nuevo
🚚 Disponible para entrega o recogida

🛒 VivaBien — Tu tienda de confianza en República Dominicana",VivaBien,Herramientas y Ferretería,工具五金,TRUE,VBAC4BFDED,55.00,10,VBAC4BFDED.jpg,透明胶带,,工具五金,Herramientas y Ferretería,"Shopify,Facebook Marketplace","价格由 AI 从图片识别：RD$ 55，请在审核台确认 | 原图已替换，重新 AI 处理 | ⚠️ AI 生图失败，可点「重新生图」重试: HTTPSConnectionPool(host='api.quickrouter.ai', port=443): Read timed out. (read timeout=120)"
kit-de-herramientas-de-belleza-rosado-varios-tama-os-estuche,"Kit de herramientas de belleza rosado, varios tamaños, estuche plástic","Kit de herramientas de belleza rosado, varios tamaños, estuche plástic

📦 Características:
• Rosado
• varias especificaciones
• empaque de caja plástica
• Organización por categorías

✨ Estado: Nuevo
🚚 Disponible para entrega o recogida

🛒 VivaBien — Tu tienda de confianza en República Dominicana",VivaBien,Belleza y Cuidado Personal,美容个护,TRUE,VBAC725926,220.00,10,VBAC725926.jpg,美容工具套装,,美容个护,Belleza y Cuidado Personal,"Shopify,Facebook Marketplace","品名由豆包识图生成 conf=0.80，卖点:['粉色', '多规格', '塑料盒包装', '分类收纳']"
juego-de-pesta-as-20-mix-herramientas,Juego de pestañas 20 mix + herramientas,"Juego de pestañas 20 mix + herramientas

📦 Características:
• 20 filas de pestañas postizas mixtas
• Incluye herramientas auxiliares

✨ Estado: Nuevo
🚚 Disponible para entrega o recogida

🛒 VivaBien — Tu tienda de confianza en República Dominicana",VivaBien,Belleza y Cuidado Personal,美容个护,TRUE,VBAC728750,240.00,10,VBAC728750.jpg,AIKEMAN假睫毛套装,,美容个护,Belleza y Cuidado Personal,"Shopify,Facebook Marketplace","品名由豆包识图生成 conf=0.80，卖点:['20排混合假睫毛', '含辅助工具']"
alambre-de-esta-o-soldadura-1-0mm-80g-40-60,Alambre de estaño / soldadura 1.0mm 80g 40/60 estaño-plomo,"Alambre de estaño / soldadura 1.0mm 80g 40/60 estaño-plomo

📦 Características:
• Diámetro 1.0mm
• 80g
• Proporción de estaño y plomo 40/60

✨ Estado: Nuevo
🚚 Disponible para entrega o recogida

🛒 VivaBien — Tu tienda de confianza en República Dominicana",VivaBien,Herramientas y Ferretería,工具五金,TRUE,VBACC90063,95.00,10,VBACC90063.jpg,焊锡丝,,工具五金,Herramientas y Ferretería,"Shopify,Facebook Marketplace",价格由 AI 从图片识别：RD$ 95，请在审核台确认
juego-de-brochas-de-maquillaje-moradas-con-brillo-multi,"Juego de brochas de maquillaje moradas con brillo, multi","Juego de brochas de maquillaje moradas con brillo, multi

📦 Características:
• Mango morado
• decoración con brillo
• múltiples cabezales

✨ Estado: Nuevo
🚚 Disponible para entrega o recogida

🛒 VivaBien — Tu tienda de confianza en República Dominicana",VivaBien,Belleza y Cuidado Personal,美容个护,TRUE,VBACD36D07,145.00,10,VBACD36D07.jpg,闪粉化妆刷套装,,美容个护,Belleza y Cuidado Personal,"Shopify,Facebook Marketplace","品名由豆包识图生成 conf=0.80，卖点:['紫色手柄', '闪粉装饰', '多刷头']"
exfoliante-corporal-c-trico-scrub-de-naranja-680g-vitamina-e,Exfoliante corporal cítrico / scrub de naranja 680g vitamina E,"Exfoliante corporal cítrico / scrub de naranja 680g vitamina E

📦 Características:
• 680g
• Aroma cítrico
• Rico en vitamina E

✨ Estado: Nuevo
🚚 Disponible para entrega o recogida

🛒 VivaBien — Tu tienda de confianza en República Dominicana",VivaBien,Belleza y Cuidado Personal,美容个护,TRUE,VBACED6E73,195.00,10,VBACED6E73.jpg,柑橘身体磨砂,,美容个护,Belleza y Cuidado Personal,"Shopify,Facebook Marketplace",
protector-de-voltaje-con-toma-corriente-y-protecci-n-contra-,Protector de voltaje con toma corriente y protección contra sobrecarga,"Protector de voltaje con toma corriente y protección contra sobrecarga

📦 Características:
• Protección de voltaje
• Tipo enchufe
• protección contra fugas eléctricas

✨ Estado: Nuevo
🚚 Disponible para entrega o recogida

🛒 VivaBien — Tu tienda de confianza en República Dominicana",VivaBien,Electrónicos y Tecnología,电子数码,TRUE,VBACF43E20,395.00,10,VBACF43E20.jpg,电压保护器,,电子数码,Electrónicos y Tecnología,"Shopify,Facebook Marketplace",价格由 AI 从图片识别：RD$ 395，请在审核台确认
juego-de-pesta-as-3d-mink-delineador-rosa,Juego de pestañas 3D MINK + delineador rosa,"Juego de pestañas 3D MINK + delineador rosa

📦 Características:
• Pestañas postizas 3D
• material MINK
• Incluye delineador
• Empaque rosado

✨ Estado: Nuevo
🚚 Disponible para entrega o recogida

🛒 VivaBien — Tu tienda de confianza en República Dominicana",VivaBien,Belleza y Cuidado Personal,美容个护,TRUE,VBAD9B6E9C,65.00,10,VBAD9B6E9C.jpg,3D假睫毛套装,,美容个护,Belleza y Cuidado Personal,"Shopify,Facebook Marketplace","品名由豆包识图生成 conf=0.80，卖点:['3D假睫毛', 'MINK材质', '含眼线笔', '粉色包装']"
radio-port-til-am-fm-sw-con-usb-tf-mp3-y-linterna-recargable,Radio portátil AM/FM/SW con USB/TF/MP3 y linterna recargable,"Radio portátil AM/FM/SW con USB/TF/MP3 y linterna recargable

📦 Características:
• puerto USB
• ranura para tarjeta TF
• Bandas AM/FM/SW
• reproducción MP3
• Batería recargable
• Función de linterna

✨ Estado: Nuevo
🚚 Disponible para entrega o recogida

🛒 VivaBien — Tu tienda de confianza en República Dominicana",VivaBien,Electrónicos y Tecnología,电子数码,TRUE,VBADEBDD1D,810.00,10,VBADEBDD1D.jpg,便携收音机,,电子数码,Electrónicos y Tecnología,"Shopify,Facebook Marketplace",价格由 AI 从图片识别：RD$ 810，请在审核台确认
pesta-as-la-charme-12mm-pelo-real-cinta-carne-tejidas,Pestañas La Charme 12mm pelo real cinta carne tejidas,"Pestañas La Charme 12mm pelo real cinta carne tejidas

📦 Características:
• 12mm
• 100% cabello humano
• Cinta color piel
• Tejido a mano

✨ Estado: Nuevo
🚚 Disponible para entrega o recogida

🛒 VivaBien — Tu tienda de confianza en República Dominicana",VivaBien,Belleza y Cuidado Personal,美容个护,TRUE,VBAE8B4B34,75.00,10,VBAE8B4B34.jpg,La Charme假睫毛,,美容个护,Belleza y Cuidado Personal,"Shopify,Facebook Marketplace","品名由豆包识图生成 conf=0.90，卖点:['12mm', '100%人发', '肉色带', '手工编织']"
spray-de-alcohol-85-antibacterial-4oz,Spray de alcohol 85% / antibacterial 4oz,"Spray de alcohol 85% / antibacterial 4oz

📦 Características:
• 85%
• 4oz
• Antibacterial

✨ Estado: Nuevo
🚚 Disponible para entrega o recogida

🛒 VivaBien — Tu tienda de confianza en República Dominicana",VivaBien,Belleza y Cuidado Personal,美容个护,TRUE,VBAF0F9ED1,110.00,10,VBAF0F9ED1.jpg,酒精喷雾,,美容个护,Belleza y Cuidado Personal,"Shopify,Facebook Marketplace",价格由 AI 从图片识别：RD$ 110，请在审核台确认
crema-facial-crema-hidratante-con-vitamina-e-100g-ligera,Crema facial / crema hidratante con vitamina E 100g ligera,"Crema facial / crema hidratante con vitamina E 100g ligera

📦 Características:
• Con vitamina E
• sensación ultraligera
• 100g

✨ Estado: Nuevo
🚚 Disponible para entrega o recogida

🛒 VivaBien — Tu tienda de confianza en República Dominicana",VivaBien,Belleza y Cuidado Personal,美容个护,TRUE,VBAF27C361,175.00,10,VBAF27C361.jpg,旁氏护肤霜,,美容个护,Belleza y Cuidado Personal,"Shopify,Facebook Marketplace",⚠ 图片可能拍反，价格从旋转图中识别 | 价格由 AI 从图片识别：RD$ 175，请在审核台确认
martillo-de-goma-mazo-de-caucho-antiresbalante,Martillo de goma / mazo de caucho antiresbalante,"Martillo de goma / mazo de caucho antiresbalante

📦 Características:
• Material de goma
• Mango antideslizante
• Diseño doble cara

✨ Estado: Nuevo
🚚 Disponible para entrega o recogida

🛒 VivaBien — Tu tienda de confianza en República Dominicana",VivaBien,Herramientas y Ferretería,工具五金,TRUE,VBAF41F898,55.00,10,VBAF41F898.jpg,橡胶锤,,工具五金,Herramientas y Ferretería,"Shopify,Facebook Marketplace",⚠ 图片可能拍反，价格从旋转图中识别 | 价格由 AI 从图片识别：RD$ 55，请在审核台确认
juego-de-destornilladores-desarmadores-con-caja-transparente,Juego de destornilladores / desarmadores con caja transparente,"Juego de destornilladores / desarmadores con caja transparente

📦 Características:
• Cabeza de tornillo de varios tamaños
• Caja organizadora transparente
• Diseño de mango

✨ Estado: Nuevo
🚚 Disponible para entrega o recogida

🛒 VivaBien — Tu tienda de confianza en República Dominicana",VivaBien,Herramientas y Ferretería,工具五金,TRUE,VBAF6689DD,150.00,10,VBAF6689DD.jpg,螺丝刀套装,,工具五金,Herramientas y Ferretería,"Shopify,Facebook Marketplace",价格由 AI 从图片识别：RD$ 150，请在审核台确认
extensi-n-regleta-polarizada-15-pies-blanca-con-tapa-segura,Extensión / regleta polarizada 15 pies blanca con tapa segura,"Extensión / regleta polarizada 15 pies blanca con tapa segura

📦 Características:
• 15 pies de longitud
• Blanco
• Diseño polarizado
• Tapa de seguridad incluida

✨ Estado: Nuevo
🚚 Disponible para entrega o recogida

🛒 VivaBien — Tu tienda de confianza en República Dominicana",VivaBien,Herramientas y Ferretería,工具五金,TRUE,VBAF819623,150.00,10,VBAF819623.jpg,15尺家用延长线,,工具五金,Herramientas y Ferretería,"Shopify,Facebook Marketplace",价格由 AI 从图片识别：RD$ 2，请在审核台确认
aud-fonos-type-c-headphones-con-micr-fono-hi-fi-sonido-stere,Audífonos Type-C / headphones con micrófono Hi-Fi sonido stereo,"Audífonos Type-C / headphones con micrófono Hi-Fi sonido stereo

📦 Características:
• puerto Type-C
• Con micrófono
• Estéreo
• calidad de sonido Hi-Fi

✨ Estado: Nuevo
🚚 Disponible para entrega o recogida

🛒 VivaBien — Tu tienda de confianza en República Dominicana",VivaBien,Electrónicos y Tecnología,电子数码,TRUE,VBAF968DED,340.00,10,VBAF968DED.jpg,Type-C耳机,,电子数码,Electrónicos y Tecnología,"Shopify,Facebook Marketplace",价格由 AI 从图片识别：RD$ 340，请在审核台确认
mascarilla-facial-hidratante-de-col-geno-mascarilla-de-naran,Mascarilla facial hidratante de colágeno / mascarilla de naranja,"Mascarilla facial hidratante de colágeno / mascarilla de naranja

📦 Características:
• hidrata
• Con colágeno
• 23ml

✨ Estado: Nuevo
🚚 Disponible para entrega o recogida

🛒 VivaBien — Tu tienda de confianza en República Dominicana",VivaBien,Belleza y Cuidado Personal,美容个护,TRUE,VBAFAA87D5,45.00,10,VBAFAA87D5.jpg,血橙面膜,,美容个护,Belleza y Cuidado Personal,"Shopify,Facebook Marketplace",价格由 AI 从图片识别：RD$ 45，请在审核台确认
mano-de-pr-ctica-u-as-1-unidad-pl-stico-rosado,Mano de práctica uñas 1 unidad plástico rosado,"Mano de práctica uñas 1 unidad plástico rosado

📦 Características:
• 1 unidad
• Rosado
• plástico

✨ Estado: Nuevo
🚚 Disponible para entrega o recogida

🛒 VivaBien — Tu tienda de confianza en República Dominicana",VivaBien,Belleza y Cuidado Personal,美容个护,TRUE,VBB01EF2FA,270.00,10,VBB01EF2FA.jpg,美甲练习手,,美容个护,Belleza y Cuidado Personal,"Shopify,Facebook Marketplace",价格由 AI 从图片识别：RD$ 270，请在审核台确认
funda-para-airpods-case-1-unidad-marr-n-con-gancho,Funda para AirPods / case 1 unidad marrón con gancho,"Funda para AirPods / case 1 unidad marrón con gancho

📦 Características:
• 1 unidad
• Color marrón
• Con gancho

✨ Estado: Nuevo
🚚 Disponible para entrega o recogida

🛒 VivaBien — Tu tienda de confianza en República Dominicana",VivaBien,Electrónicos y Tecnología,电子数码,TRUE,VBB069AFAA,295.00,10,VBB069AFAA.jpg,AirPods保护壳,,电子数码,Electrónicos y Tecnología,"Shopify,Facebook Marketplace",价格由 AI 从图片识别：RD$ 295，请在审核台确认
cargador-r-pido-35w-adaptador-2-puertos-universal,Cargador rápido 35W / adaptador 2 puertos universal,"Cargador rápido 35W / adaptador 2 puertos universal

📦 Características:
• 35W
• 2 salidas
• Carga rápida
• Compatibilidad universal

✨ Estado: Nuevo
🚚 Disponible para entrega o recogida

🛒 VivaBien — Tu tienda de confianza en República Dominicana",VivaBien,Electrónicos y Tecnología,电子数码,TRUE,VBB0EB54FA,595.00,10,VBB0EB54FA.jpg,35W快充头,,电子数码,Electrónicos y Tecnología,"Shopify,Facebook Marketplace",价格由 AI 从图片识别：RD$ 395，请在审核台确认 | 价格经二次OCR修正：395 → RD$ 595
removedor-de-callos-el-ctrico-usb-lima-de-pies-recargable,Removedor de callos eléctrico USB / Lima de pies recargable,"Removedor de callos eléctrico USB / Lima de pies recargable

📦 Características:
• carga USB
• Cabezal de pulido reemplazable
• Elimina callosidades

✨ Estado: Nuevo
🚚 Disponible para entrega o recogida

🛒 VivaBien — Tu tienda de confianza en República Dominicana",VivaBien,Belleza y Cuidado Personal,美容个护,TRUE,VBB111A44B,260.00,10,VBB111A44B.jpg,电动去茧器,,美容个护,Belleza y Cuidado Personal,"Shopify,Facebook Marketplace",价格由 AI 从图片识别：RD$ 260，请在审核台确认
mini-donera-el-ctrica-m-quina-de-donas-roja-3-piezas,Mini donera eléctrica / máquina de donas roja 3 piezas,"Mini donera eléctrica / máquina de donas roja 3 piezas

📦 Características:
• 3 unidades
• Rojo
• herramientas de cocina

✨ Estado: Nuevo
🚚 Disponible para entrega o recogida

🛒 VivaBien — Tu tienda de confianza en República Dominicana",VivaBien,Cocina y Hogar,厨房家居,TRUE,VBB199FD5B,575.00,10,VBB199FD5B.jpg,迷你甜甜圈机,,厨房家居,Cocina y Hogar,"Shopify,Facebook Marketplace",价格由 AI 从图片识别：RD$ 575，请在审核台确认
pegamento-para-u-as-gel-adhesivo-30ml-secado-r-pido,Pegamento para uñas / Gel adhesivo 30ml secado rápido,"Pegamento para uñas / Gel adhesivo 30ml secado rápido

📦 Características:
• 30ml
• Curado rápido
• Empaque negro

✨ Estado: Nuevo
🚚 Disponible para entrega o recogida

🛒 VivaBien — Tu tienda de confianza en República Dominicana",VivaBien,Belleza y Cuidado Personal,美容个护,TRUE,VBB1ED05D6,180.00,10,VBB1ED05D6.jpg,指甲胶,,美容个护,Belleza y Cuidado Personal,"Shopify,Facebook Marketplace",价格由 AI 从图片识别：RD$ 180，请在审核台确认
doble-enchufe-con-protecci-n-infantil-y-alta-potencia-seguro,"Doble enchufe con protección infantil y alta potencia, seguro y durade","Doble enchufe con protección infantil y alta potencia, seguro y durade

📦 Características:
• Bloqueo infantil
• Alta potencia
• Estructura sin costuras

✨ Estado: Nuevo
🚚 Disponible para entrega o recogida

🛒 VivaBien — Tu tienda de confianza en República Dominicana",VivaBien,Herramientas y Ferretería,工具五金,TRUE,VBB2BBC27D,100.00,10,VBB2BBC27D.jpg,双开插座,,工具五金,Herramientas y Ferretería,"Shopify,Facebook Marketplace",价格由 AI 从图片识别：RD$ 100，请在审核台确认
champ-jab-n-l-quido-de-beb-2-en-1-lavanda-120ml,Champú / jabón líquido de bebé 2 en 1 lavanda 120ml,"Champú / jabón líquido de bebé 2 en 1 lavanda 120ml

📦 Características:
• 120ml
• Perfume de lavanda
• Dos en uno

✨ Estado: Nuevo
🚚 Disponible para entrega o recogida

🛒 VivaBien — Tu tienda de confianza en República Dominicana",VivaBien,Bebés y Maternidad,母婴用品,TRUE,VBB2CC6BD9,85.00,10,VBB2CC6BD9.jpg,婴儿洗护,,母婴用品,Bebés y Maternidad,"Shopify,Facebook Marketplace",价格由 AI 从图片识别：RD$ 85，请在审核台确认
hisopos-aplicadores-cotonetes-de-madera-caja-200-unidades,Hisopos / aplicadores / cotonetes de madera caja 200 unidades,"Hisopos / aplicadores / cotonetes de madera caja 200 unidades

📦 Características:
• Barra de madera
• Con caja

✨ Estado: Nuevo
🚚 Disponible para entrega o recogida

🛒 VivaBien — Tu tienda de confianza en República Dominicana",VivaBien,Belleza y Cuidado Personal,美容个护,TRUE,VBB31427E9,80.00,10,VBB31427E9.jpg,棉签,,美容个护,Belleza y Cuidado Personal,"Shopify,Facebook Marketplace",价格由 AI 从图片识别：RD$ 80，请在审核台确认
lima-de-pies-herramienta-para-callos-mango-verde,Lima de pies / herramienta para callos mango verde,"Lima de pies / herramienta para callos mango verde

📦 Características:
• Mango verde
• Superficie mate
• Cuidado personal

✨ Estado: Nuevo
🚚 Disponible para entrega o recogida

🛒 VivaBien — Tu tienda de confianza en República Dominicana",VivaBien,Belleza y Cuidado Personal,美容个护,TRUE,VBB348F0BE,100.00,10,VBB348F0BE.jpg,磨脚工具,,美容个护,Belleza y Cuidado Personal,"Shopify,Facebook Marketplace",价格由 AI 从图片识别：RD$ 100，请在审核台确认
cable-de-carga-r-pida-type-c-a-type-c-66w,Cable de carga rápida Type-C a Type-C 66W,"Cable de carga rápida Type-C a Type-C 66W

📦 Características:
• Type-C to Type-C
• 66W
• Carga rápida
• Chip inteligente

✨ Estado: Nuevo
🚚 Disponible para entrega o recogida

🛒 VivaBien — Tu tienda de confianza en República Dominicana",VivaBien,Electrónicos y Tecnología,电子数码,TRUE,VBB3637FAB,145.00,10,VBB3637FAB.jpg,快充数据线,,电子数码,Electrónicos y Tecnología,"Shopify,Facebook Marketplace",价格由 AI 从图片识别：RD$ 145，请在审核台确认
manubrio-cerradura-de-puerta-inoxidable-f-cil-de-instalar,Manubrio / cerradura de puerta inoxidable fácil de instalar,"Manubrio / cerradura de puerta inoxidable fácil de instalar

📦 Características:
• material de acero inoxidable
• Fácil de instalar
• Compatible con 2 3/8'' o 2 3/4'' de distancia trasera

✨ Estado: Nuevo
🚚 Disponible para entrega o recogida

🛒 VivaBien — Tu tienda de confianza en República Dominicana",VivaBien,Herramientas y Ferretería,工具五金,TRUE,VBB3A2DEE0,250.00,10,VBB3A2DEE0.jpg,门锁把手,,工具五金,Herramientas y Ferretería,"Shopify,Facebook Marketplace",价格由 AI 从图片识别：RD$ 8，请在审核台确认
estufa-de-gas-fog-n-2-quemadores-azul-metal,Estufa de gas / fogón 2 quemadores azul metal,"Estufa de gas / fogón 2 quemadores azul metal

📦 Características:
• 2 hornillas
• Azul
• material metálico

✨ Estado: Nuevo
🚚 Disponible para entrega o recogida

🛒 VivaBien — Tu tienda de confianza en República Dominicana",VivaBien,Cocina y Hogar,厨房家居,TRUE,VBB3CA54C5,1870.00,10,VBB3CA54C5.jpg,双炉燃气灶,,厨房家居,Cocina y Hogar,"Shopify,Facebook Marketplace",价格由 AI 从图片识别：RD$ 80，请在审核台确认
tijera-cizalla-de-acero-250mm-para-cortar-metal,Tijera / cizalla de acero 250mm para cortar metal,"Tijera / cizalla de acero 250mm para cortar metal

📦 Características:
• 250mm
• material de acero
• Tijera recta

✨ Estado: Nuevo
🚚 Disponible para entrega o recogida

🛒 VivaBien — Tu tienda de confianza en República Dominicana",VivaBien,Herramientas y Ferretería,工具五金,TRUE,VBB40892B8,250.00,10,VBB40892B8.jpg,金属剪刀,,工具五金,Herramientas y Ferretería,"Shopify,Facebook Marketplace",价格由 AI 从图片识别：RD$ 250，请在审核台确认
pomo-dispensador-transparente-con-tapa-negra,Pomo / dispensador transparente con tapa negra,"Pomo / dispensador transparente con tapa negra

📦 Características:
• Material transparente
• Tapa negra a presión

✨ Estado: Nuevo
🚚 Disponible para entrega o recogida

🛒 VivaBien — Tu tienda de confianza en República Dominicana",VivaBien,Belleza y Cuidado Personal,美容个护,TRUE,VBB453DE91,110.00,10,VBB453DE91.jpg,按压瓶,,美容个护,Belleza y Cuidado Personal,"Shopify,Facebook Marketplace",价格由 AI 从图片识别：RD$ 110，请在审核台确认
abanico-port-til-mini-ventilador-rosado-con-mo-o,Abanico portátil / mini ventilador rosado con moño,"Abanico portátil / mini ventilador rosado con moño

📦 Características:
• Portátil
• Rosado
• mini
• Con lazo decorativo

✨ Estado: Nuevo
🚚 Disponible para entrega o recogida

🛒 VivaBien — Tu tienda de confianza en República Dominicana",VivaBien,Electrónicos y Tecnología,电子数码,TRUE,VBB4971224,240.00,10,VBB4971224.jpg,手持迷你风扇,,电子数码,Electrónicos y Tecnología,"Shopify,Facebook Marketplace",价格由 AI 从图片识别：RD$ 240，请在审核台确认
cinta-adhesiva-verde-con-etiqueta-de-seguridad,Cinta adhesiva verde con etiqueta de seguridad,"Cinta adhesiva verde / pegamento redondo con seguro

📦 Características:
• Verde
• redondo
• Con cierre antirrobo

✨ Estado: Nuevo
🚚 Disponible para entrega o recogida

🛒 VivaBien — Tu tienda de confianza en República Dominicana",VivaBien,Papelería y Oficina,文具办公,TRUE,VBB4E87084,60.00,10,VBB4E87084.jpg,绿色胶带,,文具办公,Papelería y Oficina,"Shopify,Facebook Marketplace",价格由 AI 从图片识别：RD$ 60，请在审核台确认
crema-depilatoria-removedor-de-vello-30ml-hipoalerg-nica,Crema depilatoria / removedor de vello 30ml hipoalergénica,"Crema depilatoria / removedor de vello 30ml hipoalergénica

📦 Características:
• 30ml
• No tóxico
• no corrosivo
• Hipoalergénico

✨ Estado: Nuevo
🚚 Disponible para entrega o recogida

🛒 VivaBien — Tu tienda de confianza en República Dominicana",VivaBien,Belleza y Cuidado Personal,美容个护,TRUE,VBB4F2EB4F,130.00,10,VBB4F2EB4F.jpg,脱毛液,,美容个护,Belleza y Cuidado Personal,"Shopify,Facebook Marketplace",价格由 AI 从图片识别：RD$ 280，请在审核台确认
spray-arom-tico-250ml-con-dise-o-elegante-botella-transparen,Spray aromático 250ml con diseño elegante botella transparente,"Spray aromático 250ml con diseño elegante botella transparente

📦 Características:
• 250ml
• Cuerpo de botella transparente
• Tapa negra

✨ Estado: Nuevo
🚚 Disponible para entrega o recogida

🛒 VivaBien — Tu tienda de confianza en República Dominicana",VivaBien,Belleza y Cuidado Personal,美容个护,TRUE,VBB5253CDC,280.00,10,VBB5253CDC.jpg,香氛喷雾,,美容个护,Belleza y Cuidado Personal,"Shopify,Facebook Marketplace",
kit-el-ctrico-multifuncional-u-as-pedicura-12-piezas,Kit eléctrico multifuncional uñas / pedicura 12 piezas,"Kit eléctrico multifuncional uñas / pedicura 12 piezas

📦 Características:
• un set
• Eléctrico
• multifuncional

✨ Estado: Nuevo
🚚 Disponible para entrega o recogida

🛒 VivaBien — Tu tienda de confianza en República Dominicana",VivaBien,Belleza y Cuidado Personal,美容个护,TRUE,VBB598F48D,1075.00,10,VBB598F48D.jpg,美甲修脚套装,,美容个护,Belleza y Cuidado Personal,"Shopify,Facebook Marketplace",价格由 AI 从图片识别：RD$ 1075，请在审核台确认
regulador-de-gas-lpg-gr-707-regulador-para-tanque,Regulador de gas LPG GR-707 / regulador para tanque,"Regulador de gas LPG GR-707 / regulador para tanque

📦 Características:
• Empaque verde
• modelo GR-707
• especial para gas LPG

✨ Estado: Nuevo
🚚 Disponible para entrega o recogida

🛒 VivaBien — Tu tienda de confianza en República Dominicana",VivaBien,Herramientas y Ferretería,工具五金,TRUE,VBB5A2E095,150.00,10,VBB5A2E095.jpg,燃气调节器,,工具五金,Herramientas y Ferretería,"Shopify,Facebook Marketplace",价格由 AI 从图片识别：RD$ 150，请在审核台确认
abanico-de-mano-ventilador-port-til-recargable-usb-3-velocid,Abanico de mano / ventilador portátil recargable USB 3 velocidades,"Abanico de mano / ventilador portátil recargable USB 3 velocidades

📦 Características:
• 3 niveles de velocidad
• Batería integrada
• carga USB
• Bajo ruido

✨ Estado: Nuevo
🚚 Disponible para entrega o recogida

🛒 VivaBien — Tu tienda de confianza en República Dominicana",VivaBien,Electrónicos y Tecnología,电子数码,TRUE,VBB6046ABD,165.00,10,VBB6046ABD.jpg,迷你手持风扇,,电子数码,Electrónicos y Tecnología,"Shopify,Facebook Marketplace",价格由 AI 从图片识别：RD$ 165，请在审核台确认
l-piz-de-belleza-sky-high-waterproof-naranja-45,💜 Lápiz de belleza Sky High waterproof naranja #45,"💜 Lápiz de belleza Sky High waterproof naranja #45

📦 Características:
• Impermeable
• Apariencia morada
• Etiqueta naranja (45)

✨ Estado: Nuevo
🚚 Disponible para entrega o recogida

🛒 VivaBien — Tu tienda de confianza en República Dominicana",VivaBien,Belleza y Cuidado Personal,美容个护,TRUE,VBB695334B,45.00,10,VBB695334B.jpg,SKY HIGH美妆笔,,美容个护,Belleza y Cuidado Personal,"Shopify,Facebook Marketplace","品名由豆包识图生成 conf=0.70，卖点:['防水', '紫色外观', '橙色标签（45）']"
portarretrato-marco-de-fotos-gris-4x6-10cmx15cm,Portarretrato / marco de fotos gris 4x6 / 10cmx15cm,"Portarretrato / marco de fotos gris 4x6 / 10cmx15cm

📦 Características:
• 4x6
• 10cmx15cm
• marco gris

✨ Estado: Nuevo
🚚 Disponible para entrega o recogida

🛒 VivaBien — Tu tienda de confianza en República Dominicana",VivaBien,Decoración del Hogar,家居装饰,TRUE,VBB6E0E07E,90.00,10,VBB6E0E07E.jpg,简约相框,,家居装饰,Decoración del Hogar,"Shopify,Facebook Marketplace",价格由 AI 从图片识别：RD$ 65，请在审核台确认
cable-de-carga-r-pida-usb-2a-100cm-azul,Cable de carga rápida USB 2A 100cm azul,"Cable de carga rápida USB 2A 100cm azul

📦 Características:
• 2A
• 100cm
• Azul
• Carga rápida

✨ Estado: Nuevo
🚚 Disponible para entrega o recogida

🛒 VivaBien — Tu tienda de confianza en República Dominicana",VivaBien,Electrónicos y Tecnología,电子数码,TRUE,VBB6FED5BD,100.00,10,VBB6FED5BD.jpg,快充数据线,,电子数码,Electrónicos y Tecnología,"Shopify,Facebook Marketplace",价格由 AI 从图片识别：RD$ 100，请在审核台确认
aud-fonos-inal-mbricos-cascos-bluetooth-plateados,Audífonos inalámbricos / cascos Bluetooth plateados,"Audífonos inalámbricos / cascos Bluetooth plateados

📦 Características:
• un set
• color plateado
• Tipo diadema

✨ Estado: Nuevo
🚚 Disponible para entrega o recogida

🛒 VivaBien — Tu tienda de confianza en República Dominicana",VivaBien,Electrónicos y Tecnología,电子数码,TRUE,VBB71485D2,320.00,10,VBB71485D2.jpg,无线耳机,,电子数码,Electrónicos y Tecnología,"Shopify,Facebook Marketplace",价格由 AI 从图片识别：RD$ 320，请在审核台确认
figura-decorativa-met-lica-adorno-de-metal-plateado,Figura decorativa metálica / adorno de metal plateado,"Figura decorativa metálica / adorno de metal plateado

📦 Características:
• material metálico
• color plateado

✨ Estado: Nuevo
🚚 Disponible para entrega o recogida

🛒 VivaBien — Tu tienda de confianza en República Dominicana",VivaBien,Decoración del Hogar,家居装饰,TRUE,VBB7160400,270.00,10,VBB7160400.jpg,金属人形摆件,,家居装饰,Decoración del Hogar,"Shopify,Facebook Marketplace",价格由 AI 从图片识别：RD$ 270，请在审核台确认
set-de-cuidado-facial-vitamina-c-cido-hialur-nico,Set de Cuidado Facial Vitamina C / Ácido Hialurónico,"Set de Cuidado Facial Vitamina C / Ácido Hialurónico

📦 Características:
• Vitamina C
• Ácido hialurónico transparente
• Blanqueador
• Hidratante
• cuidado de piel multifuncional

✨ Estado: Nuevo
🚚 Disponible para entrega o recogida

🛒 VivaBien — Tu tienda de confianza en República Dominicana",VivaBien,Belleza y Cuidado Personal,美容个护,TRUE,VBB725AC5C,865.00,10,VBB725AC5C.jpg,维C护肤套装,,美容个护,Belleza y Cuidado Personal,"Shopify,Facebook Marketplace",价格由 AI 从图片识别：RD$ 865，请在审核台确认
paleta-de-madera-doble-punta-utensilio-multiuso,Paleta de madera / Doble punta / Utensilio multiuso,"Paleta de madera / Doble punta / Utensilio multiuso

📦 Características:
• De madera
• Diseño de doble cabezal

✨ Estado: Nuevo
🚚 Disponible para entrega o recogida

🛒 VivaBien — Tu tienda de confianza en República Dominicana",VivaBien,Belleza y Cuidado Personal,美容个护,TRUE,VBB74748E2,150.00,10,VBB74748E2.jpg,木质双头棒,,美容个护,Belleza y Cuidado Personal,"Shopify,Facebook Marketplace",价格由 AI 从图片识别：RD$ 150，请在审核台确认
adaptador-de-corriente-cargador-5v-1a-5v-2a-12v-1a-12v-2a,Adaptador de corriente / cargador 5V/1A 5V/2A 12V/1A 12V/2A,"Adaptador de corriente / cargador 5V/1A 5V/2A 12V/1A 12V/2A

📦 Características:
• 5V/1A
• 5V/2A
• 12V/1A
• 12V/2A

✨ Estado: Nuevo
🚚 Disponible para entrega o recogida

🛒 VivaBien — Tu tienda de confianza en República Dominicana",VivaBien,Electrónicos y Tecnología,电子数码,TRUE,VBB7A7BFD7,240.00,10,VBB7A7BFD7.jpg,电源适配器,,电子数码,Electrónicos y Tecnología,"Shopify,Facebook Marketplace",价格由 AI 从图片识别：RD$ 240，请在审核台确认
exfoliante-corporal-gel-de-ba-o-coco-320ml-hidratante,Exfoliante corporal / gel de baño coco 320ml hidratante,"Exfoliante corporal / gel de baño coco 320ml hidratante

📦 Características:
• 320ml
• Aroma a coco
• Exfoliante
• limpieza profunda
• humectación

✨ Estado: Nuevo
🚚 Disponible para entrega o recogida

🛒 VivaBien — Tu tienda de confianza en República Dominicana",VivaBien,Belleza y Cuidado Personal,美容个护,TRUE,VBB7C8C78D,140.00,10,VBB7C8C78D.jpg,椰子磨砂沐浴露,,美容个护,Belleza y Cuidado Personal,"Shopify,Facebook Marketplace",价格由 AI 从图片识别：RD$ 140，请在审核台确认
espuma-facial-limpiador-rostro-de-rosas-200ml-hidratante,Espuma facial / limpiador rostro de rosas 200ml hidratante,"Espuma facial / limpiador rostro de rosas 200ml hidratante

📦 Características:
• fragancia de rosas
• limpieza profunda
• Hidratante
• Capacidad 200ml

✨ Estado: Nuevo
🚚 Disponible para entrega o recogida

🛒 VivaBien — Tu tienda de confianza en República Dominicana",VivaBien,Belleza y Cuidado Personal,美容个护,TRUE,VBB848A1D4,250.00,10,VBB848A1D4.jpg,玫瑰洁面泡泡,,美容个护,Belleza y Cuidado Personal,"Shopify,Facebook Marketplace",价格由 AI 从图片识别：RD$ 250，请在审核台确认
tape-transparente-cinta-adhesiva-12mmx21m-2-unidades,Tape transparente / cinta adhesiva 12mmx21m 2 unidades,"Tape transparente / cinta adhesiva 12mmx21m 2 unidades

📦 Características:
• Tamaño: 12mmx21m
• Paquete de 2 rollos

✨ Estado: Nuevo
🚚 Disponible para entrega o recogida

🛒 VivaBien — Tu tienda de confianza en República Dominicana",VivaBien,Papelería y Oficina,文具办公,TRUE,VBB863FE7B,55.00,10,VBB863FE7B.jpg,透明胶带,,文具办公,Papelería y Oficina,"Shopify,Facebook Marketplace",价格由 AI 从图片识别：RD$ 55，请在审核台确认
adaptador-vga-a-hdmi-con-audio-1080p-negro,Adaptador VGA a HDMI con audio / 1080p / negro,"Adaptador VGA a HDMI con audio / 1080p / negro

📦 Características:
• Entrada de audio
• Full HD 1080p
• Negro
• Con puerto de audio

✨ Estado: Nuevo
🚚 Disponible para entrega o recogida

🛒 VivaBien — Tu tienda de confianza en República Dominicana",VivaBien,Electrónicos y Tecnología,电子数码,TRUE,VBB88B5A03,365.00,10,VBB88B5A03.jpg,VGA转HDMI适配器,,电子数码,Electrónicos y Tecnología,"Shopify,Facebook Marketplace",价格由 AI 从图片识别：RD$ 355，请在审核台确认 | 价格经二次OCR修正：355 → RD$ 365
cinta-el-ctrica-aislante-amarilla-18mm-x-15m-resistente,Cinta eléctrica / aislante amarilla 18MM x 15M resistente,"Cinta eléctrica / aislante amarilla 18MM x 15M resistente

📦 Características:
• 18MM*15M
• Amarillo
• Resistente al fuego
• Pegado fuerte
• Antifugas

✨ Estado: Nuevo
🚚 Disponible para entrega o recogida

🛒 VivaBien — Tu tienda de confianza en República Dominicana",VivaBien,Herramientas y Ferretería,工具五金,TRUE,VBB8B0F7D1,80.00,10,VBB8B0F7D1.jpg,绝缘胶带,,工具五金,Herramientas y Ferretería,"Shopify,Facebook Marketplace",价格由 AI 从图片识别：RD$ 80，请在审核台确认
aud-fonos-inal-mbricos-bluetooth-6-0-30-horas-bater-a,Audífonos inalámbricos / bluetooth 6.0 30 horas batería,"Audífonos inalámbricos / bluetooth 6.0 30 horas batería

📦 Características:
• Batería de 30 horas
• Llamadas en alta definición
• Versión inalámbrica 6.0

✨ Estado: Nuevo
🚚 Disponible para entrega o recogida

🛒 VivaBien — Tu tienda de confianza en República Dominicana",VivaBien,Electrónicos y Tecnología,电子数码,TRUE,VBB8CE5812,835.00,10,VBB8CE5812.jpg,无线耳机,,电子数码,Electrónicos y Tecnología,"Shopify,Facebook Marketplace",价格由 AI 从图片识别：RD$ 835，请在审核台确认
cepillo-para-pesta-as-port-til-y-f-cil-de-usar,Cepillo para pestañas portátil y fácil de usar,"Juego de brochas para uñas y metal en polvo

📦 Características:
• Herramienta para uñas
• Función de cepillo para pestañas
• herramienta de polvo metálico
• Cepillo negro

✨ Estado: Nuevo
🚚 Disponible para entrega o recogida

🛒 VivaBien — Tu tienda de confianza en República Dominicana",VivaBien,Belleza y Cuidado Personal,美容个护,TRUE,VBB8EF11BC,80.00,10,VBB8EF11BC.jpg,这个是用于这个是睫毛刷,,美容个护,Belleza y Cuidado Personal,"Shopify,Facebook Marketplace","品名由豆包识图生成 conf=0.80，卖点:['美甲工具', '睫毛刷功能', '金属粉工具', '黑色毛刷']"
aromatizante-para-carro-perfumador-jazm-n-con-cuerda,Aromatizante para carro / perfumador jazmín con cuerda,"Aromatizante para carro / perfumador jazmín con cuerda

📦 Características:
• Fragancia de jazmín
• Líquido verde
• Diseño con cordón

✨ Estado: Nuevo
🚚 Disponible para entrega o recogida

🛒 VivaBien — Tu tienda de confianza en República Dominicana",VivaBien,Belleza y Cuidado Personal,美容个护,TRUE,VBB93B188E,55.00,10,VBB93B188E.jpg,车载香水,,美容个护,Belleza y Cuidado Personal,"Shopify,Facebook Marketplace",价格由 AI 从图片识别：RD$ 55，请在审核台确认
vibrador-succionador-ntimo-para-adultos,Vibrador / succionador íntimo para adultos,"Vibrador / succionador íntimo para adultos

📦 Características:
• función de succión
• Ropa de cama

✨ Estado: Nuevo
🚚 Disponible para entrega o recogida

🛒 VivaBien — Tu tienda de confianza en República Dominicana",VivaBien,Artículos para Adultos,情趣用品,TRUE,VBB93C070E,1530.00,10,VBB93C070E.jpg,震动棒,,情趣用品,Artículos para Adultos,"Shopify,Facebook Marketplace",价格由 AI 从图片识别：RD$ 1530，请在审核台确认
brocha-pincel-de-silic-n-para-maquillaje,Brocha / pincel de silicón para maquillaje,"Lápiz de silicona / herramienta para tallar con mango de madera

📦 Características:
• Manija de madera
• Cabezal de silicona
• apto para tallado o modelado

✨ Estado: Nuevo
🚚 Disponible para entrega o recogida

🛒 VivaBien — Tu tienda de confianza en República Dominicana",VivaBien,Belleza y Cuidado Personal,美容个护,TRUE,VBB9906135,170.00,10,VBB9906135.jpg,硅胶化妆笔,,美容个护,Belleza y Cuidado Personal,"Shopify,Facebook Marketplace",价格由 AI 从图片识别：RD$ 170，请在审核台确认
abanico-port-til-mini-ventilador-blanco-con-luz-y-3-velocida,Abanico portátil / mini ventilador blanco con luz y 3 velocidades,"Abanico portátil / mini ventilador blanco con luz y 3 velocidades

📦 Características:
• Blanco
• Rotación de 360 grados
• ajuste de tres niveles
• Función de luz nocturna

✨ Estado: Nuevo
🚚 Disponible para entrega o recogida

🛒 VivaBien — Tu tienda de confianza en República Dominicana",VivaBien,Electrónicos y Tecnología,电子数码,TRUE,VBB9AD44E5,475.00,10,VBB9AD44E5.jpg,便携小风扇,,电子数码,Electrónicos y Tecnología,"Shopify,Facebook Marketplace",价格由 AI 从图片识别：RD$ 175，请在审核台确认
cinta-doble-cara-pega-doble-faz-para-decoraci-n-y-peso,Cinta doble cara / pega doble faz para decoración y peso,"Cinta doble cara / pega doble faz para decoración y peso

📦 Características:
• Espuma adhesiva doble cara
• Soporta 2 libras
• apto para decoración de paredes

✨ Estado: Nuevo
🚚 Disponible para entrega o recogida

🛒 VivaBien — Tu tienda de confianza en República Dominicana",VivaBien,Herramientas y Ferretería,工具五金,TRUE,VBB9B55534,50.00,10,VBB9B55534.jpg,双面胶带,,工具五金,Herramientas y Ferretería,"Shopify,Facebook Marketplace",价格由 AI 从图片识别：RD$ 50，请在审核台确认
llave-de-agua-blanca-pared-grifo-cocina-pared-giratorio,Llave de agua blanca pared / grifo cocina pared giratorio,"Llave de agua blanca pared / grifo cocina pared giratorio

📦 Características:
• diseño para pared
• Blanco
• Rotación de 90°

✨ Estado: Nuevo
🚚 Disponible para entrega o recogida

🛒 VivaBien — Tu tienda de confianza en República Dominicana",VivaBien,Baño y Sanitarios,浴室卫浴,TRUE,VBB9BD136C,180.00,10,VBB9BD136C.jpg,墙装厨房水龙头,,浴室卫浴,Baño y Sanitarios,"Shopify,Facebook Marketplace",价格由 AI 从图片识别：RD$ 180，请在审核台确认
ganchos-decorativos-de-madera-3-unidades-con-cuerda,Ganchos decorativos de madera 3 unidades con cuerda,"Ganchos decorativos de madera 3 unidades con cuerda

📦 Características:
• 3 ganchos
• De madera
• Cuerda con colgante

✨ Estado: Nuevo
🚚 Disponible para entrega o recogida

🛒 VivaBien — Tu tienda de confianza en República Dominicana",VivaBien,Decoración del Hogar,家居装饰,TRUE,VBB9CACC5B,225.00,10,VBB9CACC5B.jpg,挂钩装饰牌,,家居装饰,Decoración del Hogar,"Shopify,Facebook Marketplace",价格由 AI 从图片识别：RD$ 225，请在审核台确认
mini-botellita-decorativa-frasco-vidrio-l-quido-azul,Mini botellita decorativa / frasco vidrio líquido azul,"Mini botellita decorativa / frasco vidrio líquido azul

📦 Características:
• material de vidrio
• Líquido azul
• Con corcho

✨ Estado: Nuevo
🚚 Disponible para entrega o recogida

🛒 VivaBien — Tu tienda de confianza en República Dominicana",VivaBien,Decoración del Hogar,家居装饰,TRUE,VBBAE12013,375.00,10,VBBAE12013.jpg,迷你装饰瓶,,家居装饰,Decoración del Hogar,"Shopify,Facebook Marketplace",价格由 AI 从图片识别：RD$ 375，请在审核台确认
gel-de-ba-o-body-wash-rosa-295ml-con-vitamina-e,Gel de baño / body wash rosa 295ml con vitamina E,"Gel de baño / body wash rosa 295ml con vitamina E

📦 Características:
• 295ml
• fragancia de rosas
• Con vitamina E

✨ Estado: Nuevo
🚚 Disponible para entrega o recogida

🛒 VivaBien — Tu tienda de confianza en República Dominicana",VivaBien,Belleza y Cuidado Personal,美容个护,TRUE,VBBBAD19EF,255.00,10,VBBBAD19EF.jpg,玫瑰沐浴露,,美容个护,Belleza y Cuidado Personal,"Shopify,Facebook Marketplace",价格由 AI 从图片识别：RD$ 255，请在审核台确认
talco-para-beb-polvo-para-beb-500g-17-6-fl-oz,Talco para bebé / polvo para bebé 500g / 17.6 FL.OZ,"Talco para bebé / polvo para bebé 500g / 17.6 FL.OZ

📦 Características:
• 500g
• 17.6 FL.OZ

✨ Estado: Nuevo
🚚 Disponible para entrega o recogida

🛒 VivaBien — Tu tienda de confianza en República Dominicana",VivaBien,Bebés y Maternidad,母婴用品,TRUE,VBBBB1F343,190.00,10,VBBBB1F343.jpg,婴儿爽身粉,,母婴用品,Bebés y Maternidad,"Shopify,Facebook Marketplace",价格由 AI 从图片识别：RD$ 190，请在审核台确认
soporte-de-pared-holder-blanco-para-celular,Soporte de pared / holder blanco para celular,"Soporte de pared / holder blanco para celular

📦 Características:
• tipo colgante de pared
• Blanco
• Soporte para celular

✨ Estado: Nuevo
🚚 Disponible para entrega o recogida

🛒 VivaBien — Tu tienda de confianza en República Dominicana",VivaBien,Decoración del Hogar,家居装饰,TRUE,VBBBD17DCE,55.00,10,VBBBD17DCE.jpg,墙面支架,,家居装饰,Decoración del Hogar,"Shopify,Facebook Marketplace",价格由 AI 从图片识别：RD$ 55，请在审核台确认
reloj-de-arena-cron-metro-en-vidrio-arco-ris,Reloj de arena / cronómetro en vidrio arcoíris,"Reloj de arena / cronómetro en vidrio arcoíris

📦 Características:
• material de vidrio
• Color arcoíris

✨ Estado: Nuevo
🚚 Disponible para entrega o recogida

🛒 VivaBien — Tu tienda de confianza en República Dominicana",VivaBien,Decoración del Hogar,家居装饰,TRUE,VBBC04BE08,340.00,10,VBBC04BE08.jpg,彩虹沙漏,,家居装饰,Decoración del Hogar,"Shopify,Facebook Marketplace",价格由 AI 从图片识别：RD$ 340，请在审核台确认
panel-interruptor-blanco-con-protecci-n-y-tornillos-incluido,Panel interruptor blanco con protección y tornillos incluidos,"Panel interruptor blanco con protección y tornillos incluidos

📦 Características:
• Blanco
• Con función de protección
• Incluye tornillos

✨ Estado: Nuevo
🚚 Disponible para entrega o recogida

🛒 VivaBien — Tu tienda de confianza en República Dominicana",VivaBien,Herramientas y Ferretería,工具五金,TRUE,VBBC291106,65.00,10,VBBC291106.jpg,墙壁开关面板,,工具五金,Herramientas y Ferretería,"Shopify,Facebook Marketplace",价格由 AI 从图片识别：RD$ 65，请在审核台确认
l-mpara-para-u-as-secador-de-u-as-268w-216mmx108mmx195mm,Lámpara para uñas / secador de uñas 268W 216mmx108mmx195mm,"Lámpara para uñas / secador de uñas 268W 216mmx108mmx195mm

📦 Características:
• 268W
• 216mmx108mmx195mm
• 100-240 Vac
• 50/60Hz 1A

✨ Estado: Nuevo
🚚 Disponible para entrega o recogida

🛒 VivaBien — Tu tienda de confianza en República Dominicana",VivaBien,Belleza y Cuidado Personal,美容个护,TRUE,VBBC3694C7,810.00,10,VBBC3694C7.jpg,美甲灯,,美容个护,Belleza y Cuidado Personal,"Shopify,Facebook Marketplace",价格由 AI 从图片识别：RD$ 810，请在审核台确认
parche-levantagl-teos-cinta-para-gl-teos-2-unidades,Parche levantaglúteos / cinta para glúteos (2 unidades),"Parche levantaglúteos / cinta para glúteos (2 unidades)

📦 Características:
• Función de levantamiento de glúteos
• Incluye 2 piezas

✨ Estado: Nuevo
🚚 Disponible para entrega o recogida

🛒 VivaBien — Tu tienda de confianza en República Dominicana",VivaBien,Belleza y Cuidado Personal,美容个护,TRUE,VBBC64E78E,100.00,10,VBBC64E78E.jpg,提臀贴,,美容个护,Belleza y Cuidado Personal,"Shopify,Facebook Marketplace",价格由 AI 从图片识别：RD$ 100，请在审核台确认
llave-de-fregadero-grifo-de-cocina-360-giratoria-ahorradora,Llave de fregadero / grifo de cocina 360° giratoria ahorradora,"Llave de fregadero / grifo de cocina 360° giratoria ahorradora

📦 Características:
• Rotación de 360°
• 1/2 pulgada conexión
• Diseño ahorrador de agua
• garantía de calidad

✨ Estado: Nuevo
🚚 Disponible para entrega o recogida

🛒 VivaBien — Tu tienda de confianza en República Dominicana",VivaBien,Herramientas y Ferretería,工具五金,TRUE,VBBCCAAC39,595.00,10,VBBCCAAC39.jpg,厨房水龙头,,工具五金,Herramientas y Ferretería,"Shopify,Facebook Marketplace",价格由 AI 从图片识别：RD$ 595，请在审核台确认
controlador-de-motor-el-ctrico-blanco-con-cables-giratorio,Controlador de motor eléctrico blanco con cables / giratorio,"Controlador de motor eléctrico blanco con cables / giratorio

📦 Características:
• Carcasa blanca
• Con cable eléctrico
• Partes giratorias

✨ Estado: Nuevo
🚚 Disponible para entrega o recogida

🛒 VivaBien — Tu tienda de confianza en República Dominicana",VivaBien,Herramientas y Ferretería,工具五金,TRUE,VBBD3BD356,375.00,10,VBBD3BD356.jpg,电机控制器,,工具五金,Herramientas y Ferretería,"Shopify,Facebook Marketplace",价格由 AI 从图片识别：RD$ 375，请在审核台确认
u-as-postizas-u-as-acr-licas-largas-rosadas-con-brillo-12-pi,Uñas postizas / uñas acrílicas largas rosadas con brillo 12 piezas,"Uñas postizas / uñas acrílicas largas rosadas con brillo 12 piezas

📦 Características:
• 12 hojas por paquete
• Brillo rosado
• diseño alargado

✨ Estado: Nuevo
🚚 Disponible para entrega o recogida

🛒 VivaBien — Tu tienda de confianza en República Dominicana",VivaBien,Belleza y Cuidado Personal,美容个护,TRUE,VBBDB5F2C0,70.00,10,VBBDB5F2C0.jpg,闪粉假指甲,,美容个护,Belleza y Cuidado Personal,"Shopify,Facebook Marketplace",价格由 AI 从图片识别：RD$ 70，请在审核台确认
exfoliante-corporal-para-pies-y-manos-680g-carb-n-vitamina-e,Exfoliante corporal / para pies y manos 680g carbón vitamina E,"Exfoliante corporal / para pies y manos 680g carbón vitamina E

📦 Características:
• 680g
• Componente de carbón negro
• Con vitamina E
• Para manos y cuerpo

✨ Estado: Nuevo
🚚 Disponible para entrega o recogida

🛒 VivaBien — Tu tienda de confianza en República Dominicana",VivaBien,Belleza y Cuidado Personal,美容个护,TRUE,VBBDC98213,290.00,10,VBBDC98213.jpg,足部身体磨砂,,美容个护,Belleza y Cuidado Personal,"Shopify,Facebook Marketplace",价格由 AI 从图片识别：RD$ 290，请在审核台确认
adorno-decorativo-dorado-con-cristales-para-sala-u-oficina,Adorno decorativo dorado con cristales para sala u oficina,"Brazalete / pulsera dorado diseño calado con cristal transparente

📦 Características:
• color dorado
• diseño calado
• Cristal transparente empotrado

✨ Estado: Nuevo
🚚 Disponible para entrega o recogida

🛒 VivaBien — Tu tienda de confianza en República Dominicana",VivaBien,Decoración del Hogar,家居装饰,TRUE,VBBEA4811F,215.00,10,VBBEA4811F.jpg,金色装饰摆件,,家居装饰,Decoración del Hogar,"Shopify,Facebook Marketplace",
tostadora-de-pan-650w-f-cil-de-usar,Tostadora de pan 650W fácil de usar,"Máquina para hacer pan / panificadora 650W fácil de usar

📦 Características:
• 650W
• Cocción rápida
• Fácil de usar
• Alta calidad

✨ Estado: Nuevo
🚚 Disponible para entrega o recogida

🛒 VivaBien — Tu tienda de confianza en República Dominicana",VivaBien,Cocina y Hogar,厨房家居,TRUE,VBBEADAEEE,1150.00,10,VBBEADAEEE.jpg,面包机,,厨房家居,Cocina y Hogar,"Shopify,Facebook Marketplace",价格由 AI 从图片识别：RD$ 175，请在审核台确认
papel-facial-toallitas-para-maquillaje-100-hojas,Papel facial / toallitas para maquillaje 100 hojas,"Bloques blancos rectangulares

📦 Características:
• Blanco
• forma rectangular

✨ Estado: Nuevo
🚚 Disponible para entrega o recogida

🛒 VivaBien — Tu tienda de confianza en República Dominicana",VivaBien,Belleza y Cuidado Personal,美容个护,TRUE,VBBF2C1663,110.00,10,VBBF2C1663.jpg,化妆纸,,美容个护,Belleza y Cuidado Personal,"Shopify,Facebook Marketplace",价格由 AI 从图片识别：RD$ 145，请在审核台确认
removedor-de-pegamento-para-peluca-lace-front-30ml,Removedor de pegamento para peluca / lace front 30ml,"Removedor de pegamento para peluca / lace front 30ml

📦 Características:
• 30ml
• Para cintas adhesivas de pelucas

✨ Estado: Nuevo
🚚 Disponible para entrega o recogida

🛒 VivaBien — Tu tienda de confianza en República Dominicana",VivaBien,Belleza y Cuidado Personal,美容个护,TRUE,VBBF3882DD,140.00,10,VBBF3882DD.jpg,假发胶去除剂,,美容个护,Belleza y Cuidado Personal,"Shopify,Facebook Marketplace",价格由 AI 从图片识别：RD$ 140，请在审核台确认
regleta-extensi-n-el-ctrica-15-pies-blanca-con-tapa,Regleta / extensión eléctrica 15 pies blanca con tapa,"Regleta / extensión eléctrica 15 pies blanca con tapa

📦 Características:
• 15 pies
• Blanco
• Diseño polarizado
• Tapa de seguridad incluida

✨ Estado: Nuevo
🚚 Disponible para entrega o recogida

🛒 VivaBien — Tu tienda de confianza en República Dominicana",VivaBien,Herramientas y Ferretería,工具五金,TRUE,VBBF5873CB,150.00,10,VBBF5873CB.jpg,家用延长线,,工具五金,Herramientas y Ferretería,"Shopify,Facebook Marketplace",价格由 AI 从图片识别：RD$ 150，请在审核台确认
parches-de-ojos-mascarilla-hidratante-de-algas-marinas,Parches de ojos / mascarilla hidratante de algas marinas,"Parches de ojos / mascarilla hidratante de algas marinas

📦 Características:
• ingredientes de algas
• nutrición para ojos
• Suave y amigable con la piel

✨ Estado: Nuevo
🚚 Disponible para entrega o recogida

🛒 VivaBien — Tu tienda de confianza en República Dominicana",VivaBien,Belleza y Cuidado Personal,美容个护,TRUE,VBBF5C3A6F,20.00,10,VBBF5C3A6F.jpg,海藻眼膜,,美容个护,Belleza y Cuidado Personal,"Shopify,Facebook Marketplace",价格由 AI 从图片识别：RD$ 20，请在审核台确认
corta-as-alicate-de-u-as-profesional-inoxidable-naranja,Cortaúñas / alicate de uñas profesional inoxidable naranja,"Cortaúñas / alicate de uñas profesional inoxidable naranja

📦 Características:
• material de acero inoxidable
• Color naranja
• herramienta profesional para uñas

✨ Estado: Nuevo
🚚 Disponible para entrega o recogida

🛒 VivaBien — Tu tienda de confianza en República Dominicana",VivaBien,Belleza y Cuidado Personal,美容个护,TRUE,VBC0050AAD,130.00,10,VBC0050AAD.jpg,指甲边剪,,美容个护,Belleza y Cuidado Personal,"Shopify,Facebook Marketplace",价格由 AI 从图片识别：RD$ 130，请在审核台确认
limas-el-ctricas-pulidoras-de-u-as-5-piezas,Limas eléctricas / pulidoras de uñas 5 piezas,"Kit de accesorios metálicos / piezas metálicas 1 set

📦 Características:
• un set
• material metálico

✨ Estado: Nuevo
🚚 Disponible para entrega o recogida

🛒 VivaBien — Tu tienda de confianza en República Dominicana",VivaBien,Belleza y Cuidado Personal,美容个护,TRUE,VBC040446A,295.00,10,VBC040446A.jpg,电动美甲修甲的那个替换的，应该叫什么来着？,,美容个护,Belleza y Cuidado Personal,"Shopify,Facebook Marketplace",价格由 AI 从图片识别：RD$ 295，请在审核台确认
guantes-de-trabajo-guantes-protectores-amarillos-y-grises,Guantes de trabajo / guantes protectores amarillos y grises,"Guantes de trabajo / guantes protectores amarillos y grises

📦 Características:
• Amarillo y gris
• Material resistente al desgaste
• Con etiqueta de seguridad

✨ Estado: Nuevo
🚚 Disponible para entrega o recogida

🛒 VivaBien — Tu tienda de confianza en República Dominicana",VivaBien,Herramientas y Ferretería,工具五金,TRUE,VBC0BA1E37,175.00,10,VBC0BA1E37.jpg,防护手套,,工具五金,Herramientas y Ferretería,"Shopify,Facebook Marketplace",价格由 AI 从图片识别：RD$ 175，请在审核台确认
traba-de-seguridad-ajustable-para-puertas-cerraduras-dorada,Traba de seguridad ajustable para puertas / cerraduras dorada,"Traba de seguridad ajustable para puertas / cerraduras dorada

📦 Características:
• Respaldo ajustable
• compatible con diferentes grosores de puertas
• material metálico dorado

✨ Estado: Nuevo
🚚 Disponible para entrega o recogida

🛒 VivaBien — Tu tienda de confianza en República Dominicana",VivaBien,Herramientas y Ferretería,工具五金,TRUE,VBC0FB9B7A,840.00,10,VBC0FB9B7A.jpg,辅助安全锁,,工具五金,Herramientas y Ferretería,"Shopify,Facebook Marketplace",价格由 AI 从图片识别：RD$ 840，请在审核台确认
estufa-de-gas-fog-n-de-gas-2-quemadores-negra-metal,Estufa de gas / fogón de gas 2 quemadores negra metal.,"Estufa de gas / fogón de gas 2 quemadores negra metal.

📦 Características:
• 2 quemadores de gas
• Material metálico negro
• Válvula ajustable manual

✨ Estado: Nuevo
🚚 Disponible para entrega o recogida

🛒 VivaBien — Tu tienda de confianza en República Dominicana",VivaBien,Cocina y Hogar,厨房家居,TRUE,VBC1B07AAF,895.00,10,VBC1B07AAF.jpg,双头燃气炉,,厨房家居,Cocina y Hogar,"Shopify,Facebook Marketplace",价格由 AI 从图片识别：RD$ 1295，请在审核台确认
decoraci-n-pared-madera-letrero-colgante-rojo-verde,Decoración pared madera / letrero colgante rojo-verde,"Decoración pared madera / letrero colgante rojo-verde

📦 Características:
• De madera
• Cordón
• Fondo rojo
• Decoración de plantas verdes

✨ Estado: Nuevo
🚚 Disponible para entrega o recogida

🛒 VivaBien — Tu tienda de confianza en República Dominicana",VivaBien,Decoración del Hogar,家居装饰,TRUE,VBC1B0ACBE,185.00,10,VBC1B0ACBE.jpg,木质装饰板,,家居装饰,Decoración del Hogar,"Shopify,Facebook Marketplace",价格由 AI 从图片识别：RD$ 185，请在审核台确认
manguera-de-jard-n-manguera-de-agua-15m-anti-torceduras,Manguera de jardín / manguera de agua 15m anti-torceduras,"Manguera de jardín / manguera de agua 15m anti-torceduras

📦 Características:
• 15 metros
• Diámetro 1/2 pulgada
• Protección contra rayos UV
• antienredos
• multiuso

✨ Estado: Nuevo
🚚 Disponible para entrega o recogida

🛒 VivaBien — Tu tienda de confianza en República Dominicana",VivaBien,Herramientas y Ferretería,工具五金,TRUE,VBC1D85A37,625.00,10,VBC1D85A37.jpg,园艺水管,,工具五金,Herramientas y Ferretería,"Shopify,Facebook Marketplace",价格由 AI 从图片识别：RD$ 625，请在审核台确认
tirador-aro-decorativo-dorado-para-puerta,Tirador / aro decorativo dorado para puerta,"Tirador / aro decorativo dorado para puerta

📦 Características:
• color dorado
• anillo redondo
• uso decorativo

✨ Estado: Nuevo
🚚 Disponible para entrega o recogida

🛒 VivaBien — Tu tienda de confianza en República Dominicana",VivaBien,Herramientas y Ferretería,工具五金,TRUE,VBC21A17AD,95.00,10,VBC21A17AD.jpg,金色门环,,工具五金,Herramientas y Ferretería,"Shopify,Facebook Marketplace",价格由 AI 从图片识别：RD$ 95，请在审核台确认
spray-pintura-en-lata-verde-r-pido-secado-alta-durabilidad,Spray / pintura en lata verde rápido secado alta durabilidad,"Spray / pintura en lata verde rápido secado alta durabilidad

📦 Características:
• Verde
• Secado rápido
• Alta durabilidad
• Alta intensidad de luz
• Producto de calidad

✨ Estado: Nuevo
🚚 Disponible para entrega o recogida

🛒 VivaBien — Tu tienda de confianza en República Dominicana",VivaBien,Herramientas y Ferretería,工具五金,TRUE,VBC2248D56,110.00,10,VBC2248D56.jpg,喷漆罐,,工具五金,Herramientas y Ferretería,"Shopify,Facebook Marketplace",价格由 AI 从图片识别：RD$ 110，请在审核台确认
calentador-de-cera-depiladora-con-ventana-y-envase-aluminio,Calentador de cera / depiladora con ventana y envase aluminio,"Calentador de cera / depiladora con ventana y envase aluminio

📦 Características:
• Ventana transparente
• Recipiente de aluminio adicional

✨ Estado: Nuevo
🚚 Disponible para entrega o recogida

🛒 VivaBien — Tu tienda de confianza en República Dominicana",VivaBien,Belleza y Cuidado Personal,美容个护,TRUE,VBC22D7ED1,375.00,10,VBC22D7ED1.jpg,脱毛加热器,,美容个护,Belleza y Cuidado Personal,"Shopify,Facebook Marketplace",价格由 AI 从图片识别：RD$ 375，请在审核台确认
aceite-corporal-hidratante-crema-de-jengibre-200ml,Aceite corporal hidratante / crema de jengibre 200ml,"Aceite corporal hidratante / crema de jengibre 200ml

📦 Características:
• 200ml
• Con extracto de cúrcuma
• hidratación y humectación

✨ Estado: Nuevo
🚚 Disponible para entrega o recogida

🛒 VivaBien — Tu tienda de confianza en República Dominicana",VivaBien,Belleza y Cuidado Personal,美容个护,TRUE,VBC2393DCD,260.00,10,VBC2393DCD.jpg,姜黄润肤油,,美容个护,Belleza y Cuidado Personal,"Shopify,Facebook Marketplace",价格由 AI 从图片识别：RD$ 260，请在审核台确认
lima-de-pies-removedor-de-durezas-doble-cara-mango-verde,Lima de pies / removedor de durezas doble cara mango verde,"Lima de pies / removedor de durezas doble cara mango verde

📦 Características:
• Mango verde
• Metal mate doble cara
• Herramienta para cuidado de pies

✨ Estado: Nuevo
🚚 Disponible para entrega o recogida

🛒 VivaBien — Tu tienda de confianza en República Dominicana",VivaBien,Belleza y Cuidado Personal,美容个护,TRUE,VBC245828F,200.00,10,VBC245828F.jpg,双面脚锉,,美容个护,Belleza y Cuidado Personal,"Shopify,Facebook Marketplace",价格由 AI 从图片识别：RD$ 200，请在审核台确认
libro-decorativo-falso-libro-para-viajar-a-santa-luc-a,Libro decorativo / falso libro para viajar a Santa Lucía,"Libro de viaje / guía turística rosa

📦 Características:
• Cubierta rosada
• Serie de viaje

✨ Estado: Nuevo
🚚 Disponible para entrega o recogida

🛒 VivaBien — Tu tienda de confianza en República Dominicana",VivaBien,Papelería y Oficina,文具办公,TRUE,VBC24906BB,130.00,10,VBC24906BB.jpg,圣卢西亚旅行书假书,,文具办公,Papelería y Oficina,"Shopify,Facebook Marketplace",价格由 AI 从图片识别：RD$ 130，请在审核台确认
spray-de-fragancia-88ml-en-botella-transparente-azul,Spray de fragancia 88ml en botella transparente azul,"Spray de fragancia 88ml en botella transparente azul

📦 Características:
• 88ml
• Spray aromático
• Cuerpo de botella transparente

✨ Estado: Nuevo
🚚 Disponible para entrega o recogida

🛒 VivaBien — Tu tienda de confianza en República Dominicana",VivaBien,Belleza y Cuidado Personal,美容个护,TRUE,VBC2550B77,180.00,10,VBC2550B77.jpg,蓝色魅力喷雾,,美容个护,Belleza y Cuidado Personal,"Shopify,Facebook Marketplace",
cable-usb-type-c-100cm-carga-r-pida-6a,Cable USB / Type-C 100cm carga rápida 6A,"Cable USB / Type-C 100cm carga rápida 6A

📦 Características:
• 100cm
• puerto Type-C
• Carga rápida
• Corriente 6A

✨ Estado: Nuevo
🚚 Disponible para entrega o recogida

🛒 VivaBien — Tu tienda de confianza en República Dominicana",VivaBien,Electrónicos y Tecnología,电子数码,TRUE,VBC25889F7,95.00,10,VBC25889F7.jpg,USB数据线,,电子数码,Electrónicos y Tecnología,"Shopify,Facebook Marketplace",价格由 AI 从图片识别：RD$ 95，请在审核台确认
calendario-de-mesa-calendario-diario-floral-con-base-1-set,Calendario de mesa / calendario diario floral con base 1 set,"Calendario de mesa / calendario diario floral con base 1 set

📦 Características:
• un set
• Decoración floral morada
• Con base

✨ Estado: Nuevo
🚚 Disponible para entrega o recogida

🛒 VivaBien — Tu tienda de confianza en República Dominicana",VivaBien,Decoración del Hogar,家居装饰,TRUE,VBC35190A6,230.00,10,VBC35190A6.jpg,翻页日历,,家居装饰,Decoración del Hogar,"Shopify,Facebook Marketplace",价格由 AI 从图片识别：RD$ 230，请在审核台确认
cargador-r-pido-usb-c-25w-adaptador-de-pared,Cargador rápido USB-C 25W / Adaptador de pared,"Cargador rápido USB-C 25W / Adaptador de pared

📦 Características:
• 25W

✨ Estado: Nuevo
🚚 Disponible para entrega o recogida

🛒 VivaBien — Tu tienda de confianza en República Dominicana",VivaBien,Electrónicos y Tecnología,电子数码,TRUE,VBC3551663,280.00,10,VBC3551663.jpg,USB-C充电器,,电子数码,Electrónicos y Tecnología,"Shopify,Facebook Marketplace",价格由 AI 从图片识别：RD$ 280，请在审核台确认
cinta-doble-cara-tape-doble-cara-18mm-x-3m-resistente,Cinta doble cara / tape doble cara 18mm x 3m resistente,"Cinta doble cara / tape doble cara 18mm x 3m resistente

📦 Características:
• 18mm ancho
• Longitud de 3 metros
• Cinta doble cara
• Soporta 2 libras

✨ Estado: Nuevo
🚚 Disponible para entrega o recogida

🛒 VivaBien — Tu tienda de confianza en República Dominicana",VivaBien,Herramientas y Ferretería,工具五金,TRUE,VBC3FF0C5E,40.00,10,VBC3FF0C5E.jpg,双面泡沫胶带,,工具五金,Herramientas y Ferretería,"Shopify,Facebook Marketplace",价格由 AI 从图片识别：RD$ 40，请在审核台确认
mouse-inal-mbrico-rat-n-inal-mbrico-1-unidad-modelo-m36-colo,Mouse inalámbrico / ratón inalámbrico 1 unidad modelo M36 colores arco,"Mouse inalámbrico / ratón inalámbrico 1 unidad modelo M36 colores arco

📦 Características:
• 1 unidad
• Color arcoíris
• modelo M36

✨ Estado: Nuevo
🚚 Disponible para entrega o recogida

🛒 VivaBien — Tu tienda de confianza en República Dominicana",VivaBien,Electrónicos y Tecnología,电子数码,TRUE,VBC47F1C5F,100.00,10,VBC47F1C5F.jpg,无线鼠标,,电子数码,Electrónicos y Tecnología,"Shopify,Facebook Marketplace",⚠ 价格疑似识别有误（1.0），已自动修正为 RD$ 10 | 价格由 AI 从图片识别：RD$ 10，请在审核台确认 | 价格经二次OCR修正：1 → RD$ 100
raspador-gua-sha-masajeador-facial-rosa-doble-punta,Raspador Gua Sha / Masajeador Facial Rosa Doble Punta,"Raspador Gua Sha / Masajeador Facial Rosa Doble Punta

📦 Características:
• Rosado
• Forma de doble horquilla
• Herramienta de cuidado personal

✨ Estado: Nuevo
🚚 Disponible para entrega o recogida

🛒 VivaBien — Tu tienda de confianza en República Dominicana",VivaBien,Belleza y Cuidado Personal,美容个护,TRUE,VBC4842D78,145.00,10,VBC4842D78.jpg,刮痧按摩器,,美容个护,Belleza y Cuidado Personal,"Shopify,Facebook Marketplace",价格由 AI 从图片识别：RD$ 145，请在审核台确认
espuma-limpiadora-desinfectante-multiuso-para-superficies,Espuma limpiadora / desinfectante multiuso para superficies,"Espuma limpiadora / desinfectante multiuso para superficies

📦 Características:
• limpieza
• desinfección
• Elimina olores
• compatible con superficies lavables

✨ Estado: Nuevo
🚚 Disponible para entrega o recogida

🛒 VivaBien — Tu tienda de confianza en República Dominicana",VivaBien,Herramientas y Ferretería,工具五金,TRUE,VBC4B191B0,180.00,10,VBC4B191B0.jpg,多功能泡沫清洁剂,,工具五金,Herramientas y Ferretería,"Shopify,Facebook Marketplace",价格由 AI 从图片识别：RD$ 180，请在审核台确认
crema-facial-limpiador-facial-blanqueador-100g,Crema facial / limpiador facial blanqueador 100g,"Crema facial / limpiador facial blanqueador 100g

📦 Características:
• 100g
• Blanqueador
• limpieza de poros
• regula secreción de grasa

✨ Estado: Nuevo
🚚 Disponible para entrega o recogida

🛒 VivaBien — Tu tienda de confianza en República Dominicana",VivaBien,Belleza y Cuidado Personal,美容个护,TRUE,VBC4D22089,130.00,10,VBC4D22089.jpg,美白洗面奶,,美容个护,Belleza y Cuidado Personal,"Shopify,Facebook Marketplace",价格由 AI 从图片识别：RD$ 130，请在审核台确认
reloj-despertador-retro-alarma-doble-campana-plateado,Reloj despertador retro / alarma doble campana plateado,"Reloj despertador retro / alarma doble campana plateado

📦 Características:
• color plateado
• material metálico
• Diseño de doble campana

✨ Estado: Nuevo
🚚 Disponible para entrega o recogida

🛒 VivaBien — Tu tienda de confianza en República Dominicana",VivaBien,Decoración del Hogar,家居装饰,TRUE,VBC4E213C5,410.00,10,VBC4E213C5.jpg,复古闹钟,,家居装饰,Decoración del Hogar,"Shopify,Facebook Marketplace",价格由 AI 从图片识别：RD$ 10，请在审核台确认
u-as-postizas-tips-u-as-acr-licas-blancas-10-tama-os,Uñas postizas / tips / uñas acrílicas blancas 10 tamaños,"Uñas postizas / tips / uñas acrílicas blancas 10 tamaños

📦 Características:
• 10 tamaños
• Blanco
• material plástico

✨ Estado: Nuevo
🚚 Disponible para entrega o recogida

🛒 VivaBien — Tu tienda de confianza en República Dominicana",VivaBien,Belleza y Cuidado Personal,美容个护,TRUE,VBC4E9BB07,270.00,10,VBC4E9BB07.jpg,假指甲片,,美容个护,Belleza y Cuidado Personal,"Shopify,Facebook Marketplace",价格由 AI 从图片识别：RD$ 270，请在审核台确认
u-as-postizas-tips-naturales-240-piezas-antirotura,Uñas postizas / tips naturales 240 piezas antirotura,"Uñas postizas / tips naturales 240 piezas antirotura

📦 Características:
• 240 piezas
• Color natural
• material de goma suave
• Resistente a roturas

✨ Estado: Nuevo
🚚 Disponible para entrega o recogida

🛒 VivaBien — Tu tienda de confianza en República Dominicana",VivaBien,Belleza y Cuidado Personal,美容个护,TRUE,VBC51F68B2,280.00,10,VBC51F68B2.jpg,指甲贴片,,美容个护,Belleza y Cuidado Personal,"Shopify,Facebook Marketplace",价格由 AI 从图片识别：RD$ 280，请在审核台确认
set-de-manicure-pedicure-en-acero-inoxidable-con-lima,Set de manicure / pedicure en acero inoxidable con lima,"Set de manicure / pedicure en acero inoxidable con lima

📦 Características:
• material de acero inoxidable
• Antibacterial
• Con lima de uñas
• Mango verde

✨ Estado: Nuevo
🚚 Disponible para entrega o recogida

🛒 VivaBien — Tu tienda de confianza en República Dominicana",VivaBien,Belleza y Cuidado Personal,美容个护,TRUE,VBC53EC253,90.00,10,VBC53EC253.jpg,指甲护理套装,,美容个护,Belleza y Cuidado Personal,"Shopify,Facebook Marketplace",价格由 AI 从图片识别：RD$ 90，请在审核台确认
set-de-fragancia-rosa-crema-spray-perfume-y-gel-elegante-dis,"Set de fragancia rosa: crema, spray, perfume y gel, elegante diseño","Set de fragancia rosa: crema, spray, perfume y gel, elegante diseño

📦 Características:
• Incluye crema corporal
• spray corporal
• Perfume
• gel de baño
• empaque dorado y blanco

✨ Estado: Nuevo
🚚 Disponible para entrega o recogida

🛒 VivaBien — Tu tienda de confianza en República Dominicana",VivaBien,Belleza y Cuidado Personal,美容个护,TRUE,VBC5977BD6,495.00,10,VBC5977BD6.jpg,玫瑰香氛套装,,美容个护,Belleza y Cuidado Personal,"Shopify,Facebook Marketplace",
pulidora-dremel-el-ctrica-roja-ajustable-para-tallar,Pulidora / Dremel eléctrica roja ajustable para tallar,"Pulidora / Dremel eléctrica roja ajustable para tallar

📦 Características:
• Velocidad ajustable
• Rojo
• Eléctrico
• Para lijar, tallar y pulir

✨ Estado: Nuevo
🚚 Disponible para entrega o recogida

🛒 VivaBien — Tu tienda de confianza en República Dominicana",VivaBien,Herramientas y Ferretería,工具五金,TRUE,VBC5A63E07,375.00,10,VBC5A63E07.jpg,旋转刻磨机,,工具五金,Herramientas y Ferretería,"Shopify,Facebook Marketplace",价格由 AI 从图片识别：RD$ 375，请在审核台确认
cepillito-brocha-peque-a-blanca-de-pl-stico,Cepillito / brocha pequeña blanca de plástico,"Cepillito / brocha pequeña blanca de plástico

📦 Características:
• Blanco
• material plástico
• Brocha fina

✨ Estado: Nuevo
🚚 Disponible para entrega o recogida

🛒 VivaBien — Tu tienda de confianza en República Dominicana",VivaBien,Herramientas y Ferretería,工具五金,TRUE,VBC5F8588B,40.00,10,VBC5F8588B.jpg,小刷子,,工具五金,Herramientas y Ferretería,"Shopify,Facebook Marketplace",价格由 AI 从图片识别：RD$ 40，请在审核台确认
espejo-decorativo-espejo-con-cuerda-para-colgar-40cm,Espejo decorativo / espejo con cuerda para colgar 40cm,"Espejo decorativo / espejo con cuerda para colgar 40cm

📦 Características:
• Borde decorado con cuerda
• Marco blanco
• Diseño con cordón

✨ Estado: Nuevo
🚚 Disponible para entrega o recogida

🛒 VivaBien — Tu tienda de confianza en República Dominicana",VivaBien,Baño y Sanitarios,浴室卫浴,TRUE,VBC690E309,195.00,10,VBC690E309.jpg,绳边镜子,,浴室卫浴,Baño y Sanitarios,"Shopify,Facebook Marketplace",价格由 AI 从图片识别：RD$ 195，请在审核台确认
pinzas-pa-u-as-rosas-herramientas-de-manicura,"Pinzas pa uñas rosas, herramientas de manicura","Pinzas pa uñas rosas, herramientas de manicura

📦 Características:
• Color rosado
• Herramienta para uñas

✨ Estado: Nuevo
🚚 Disponible para entrega o recogida

🛒 VivaBien — Tu tienda de confianza en República Dominicana",VivaBien,Belleza y Cuidado Personal,美容个护,TRUE,VBC6A5771B,90.00,10,VBC6A5771B.jpg,美甲镊子,,美容个护,Belleza y Cuidado Personal,"Shopify,Facebook Marketplace","品名由豆包识图生成 conf=0.80，卖点:['颜色粉色', '美甲工具']"
u-as-postizas-u-as-acr-licas-moradas-con-brillo-24-piezas,Uñas postizas / uñas acrílicas moradas con brillo 24 piezas,"Uñas postizas / uñas acrílicas moradas con brillo 24 piezas

📦 Características:
• Morado
• Con lentejuelas
• Paquete de 24 piezas
• Incluye pegamento

✨ Estado: Nuevo
🚚 Disponible para entrega o recogida

🛒 VivaBien — Tu tienda de confianza en República Dominicana",VivaBien,Belleza y Cuidado Personal,美容个护,TRUE,VBC6F92959,85.00,10,VBC6F92959.jpg,紫色美甲贴,,美容个护,Belleza y Cuidado Personal,"Shopify,Facebook Marketplace",价格由 AI 从图片识别：RD$ 85，请在审核台确认
d-o-de-sombras-maquillaje-ojos-con-brocha-y-brillo,Dúo de sombras / maquillaje ojos con brocha y brillo,"Dúo de sombras / maquillaje ojos con brocha y brillo

📦 Características:
• Sombra de ojos bicolor
• Con cepillo
• Empaque brillante

✨ Estado: Nuevo
🚚 Disponible para entrega o recogida

🛒 VivaBien — Tu tienda de confianza en República Dominicana",VivaBien,Belleza y Cuidado Personal,美容个护,TRUE,VBC713DA0B,60.00,10,VBC713DA0B.jpg,眼影套装,,美容个护,Belleza y Cuidado Personal,"Shopify,Facebook Marketplace",⚠ 图片可能拍反，价格从旋转图中识别 | 价格由 AI 从图片识别：RD$ 100，请在审核台确认
silic-n-negro-pega-pu-sellador-impermeable-310ml,Silicón negro / pega PU / sellador impermeable 310ml,"Silicón negro / pega PU / sellador impermeable 310ml

📦 Características:
• Negro
• Curado rápido
• Impermeable
• 310ml

✨ Estado: Nuevo
🚚 Disponible para entrega o recogida

🛒 VivaBien — Tu tienda de confianza en República Dominicana",VivaBien,Herramientas y Ferretería,工具五金,TRUE,VBC7AC31C9,325.00,10,VBC7AC31C9.jpg,聚氨酯密封胶,,工具五金,Herramientas y Ferretería,"Shopify,Facebook Marketplace",价格由 AI 从图片识别：RD$ 325，请在审核台确认
libros-decorativos-libros-falsos-para-casa-y-oficina,Libros decorativos / libros falsos para casa y oficina,"Set de adornos blancos de madera con soga

📦 Características:
• un set
• Blanco
• De madera
• Con decoración de cuerda de yute

✨ Estado: Nuevo
🚚 Disponible para entrega o recogida

🛒 VivaBien — Tu tienda de confianza en República Dominicana",VivaBien,Decoración del Hogar,家居装饰,TRUE,VBC7DA3792,615.00,10,VBC7DA3792.jpg,家居假书装饰摆件,,家居装饰,Decoración del Hogar,"Shopify,Facebook Marketplace",价格由 AI 从图片识别：RD$ 515，请在审核台确认
aud-fonos-auriculares-usb-c-blancos,Audífonos / auriculares USB-C blancos,"Audífonos / auriculares USB-C blancos

📦 Características:
• puerto USB-C
• Blanco

✨ Estado: Nuevo
🚚 Disponible para entrega o recogida

🛒 VivaBien — Tu tienda de confianza en República Dominicana",VivaBien,Electrónicos y Tecnología,电子数码,TRUE,VBC8228C20,200.00,10,VBC8228C20.jpg,USB-C耳机,,电子数码,Electrónicos y Tecnología,"Shopify,Facebook Marketplace",价格由 AI 从图片识别：RD$ 200，请在审核台确认
m-quina-de-desayuno-sandwichera-horno-1200w,Máquina de desayuno / sandwichera / horno 1200W,"Máquina de desayuno / sandwichera / horno 1200W

📦 Características:
• 1200W

✨ Estado: Nuevo
🚚 Disponible para entrega o recogida

🛒 VivaBien — Tu tienda de confianza en República Dominicana",VivaBien,Cocina y Hogar,厨房家居,TRUE,VBC8404A23,1150.00,10,VBC8404A23.jpg,早餐机,,厨房家居,Cocina y Hogar,"Shopify,Facebook Marketplace",价格由 AI 从图片识别：RD$ 175，请在审核台确认
pesta-as-postizas-negras-de-maple-lindas-y-naturales,"Pestañas postizas negras de maple, lindas y naturales","Pestañas postizas negras de maple, lindas y naturales

📦 Características:
• Segmentado
• Negro

✨ Estado: Nuevo
🚚 Disponible para entrega o recogida

🛒 VivaBien — Tu tienda de confianza en República Dominicana",VivaBien,Belleza y Cuidado Personal,美容个护,TRUE,VBC8747BC0,90.00,10,VBC8747BC0.jpg,秋枫叶假睫毛,,美容个护,Belleza y Cuidado Personal,"Shopify,Facebook Marketplace","品名由豆包识图生成 conf=0.80，卖点:['分段式', '黑色']"
tel-fono-fijo-residencial-blanco-con-m-sica-y-redial,Teléfono fijo / residencial blanco con música y redial,"Teléfono fijo / residencial blanco con música y redial

📦 Características:
• Blanco
• Garantía de 6 meses
• Con función de retención de música
• Función de rellamada

✨ Estado: Nuevo
🚚 Disponible para entrega o recogida

🛒 VivaBien — Tu tienda de confianza en República Dominicana",VivaBien,Electrónicos y Tecnología,电子数码,TRUE,VBC8755BF7,480.00,10,VBC8755BF7.jpg,有线电话机,,电子数码,Electrónicos y Tecnología,"Shopify,Facebook Marketplace",价格由 AI 从图片识别：RD$ 180，请在审核台确认 | 价格经二次OCR修正：180 → RD$ 480
bocina-inal-mbrica-parlante-port-til-roja-con-micr-fono-usb,Bocina inalámbrica / parlante portátil roja con micrófono USB,"Bocina inalámbrica / parlante portátil roja con micrófono USB

📦 Características:
• Portátil
• Rojo
• Inalámbrico
• puerto USB
• Función de micrófono

✨ Estado: Nuevo
🚚 Disponible para entrega o recogida

🛒 VivaBien — Tu tienda de confianza en República Dominicana",VivaBien,Electrónicos y Tecnología,电子数码,TRUE,VBC8F03F58,460.00,10,VBC8F03F58.jpg,迷你无线音箱,,电子数码,Electrónicos y Tecnología,"Shopify,Facebook Marketplace",价格由 AI 从图片识别：RD$ 60，请在审核台确认
picadora-de-ajo-el-ctrica-250ml-rosada,Picadora de ajo eléctrica 250ml rosada,"Picadora de ajo eléctrica 250ml rosada

📦 Características:
• 250ml
• Eléctrico
• Rosado

✨ Estado: Nuevo
🚚 Disponible para entrega o recogida

🛒 VivaBien — Tu tienda de confianza en República Dominicana",VivaBien,Cocina y Hogar,厨房家居,TRUE,VBC90D3B6B,285.00,10,VBC90D3B6B.jpg,电动蒜泥机,,厨房家居,Cocina y Hogar,"Shopify,Facebook Marketplace",价格由 AI 从图片识别：RD$ 285，请在审核台确认
bloqueador-solar-protector-solar-spf50-resistente-al-agua-80,Bloqueador solar / protector solar SPF50+ resistente al agua 80ml,"Bloqueador solar / protector solar SPF50+ resistente al agua 80ml

📦 Características:
• SPF50+
• Impermeable
• Resistente al envejecimiento por luz
• 80ml

✨ Estado: Nuevo
🚚 Disponible para entrega o recogida

🛒 VivaBien — Tu tienda de confianza en República Dominicana",VivaBien,Belleza y Cuidado Personal,美容个护,TRUE,VBC9928746,75.00,10,VBC9928746.jpg,防晒乳液,,美容个护,Belleza y Cuidado Personal,"Shopify,Facebook Marketplace",价格由 AI 从图片识别：RD$ 75，请在审核台确认
kit-el-ctrico-para-u-as-pedicure-25000-rpm-dorado,Kit eléctrico para uñas / pedicure 25000 RPM dorado,"Kit eléctrico para uñas / pedicure 25000 RPM dorado

📦 Características:
• un set
• Velocidad de 25000 RPM
• color dorado
• Eléctrico

✨ Estado: Nuevo
🚚 Disponible para entrega o recogida

🛒 VivaBien — Tu tienda de confianza en República Dominicana",VivaBien,Belleza y Cuidado Personal,美容个护,TRUE,VBC9DBD489,1800.00,10,VBC9DBD489.jpg,美甲修足套装,,美容个护,Belleza y Cuidado Personal,"Shopify,Facebook Marketplace",价格由 AI 从图片识别：RD$ 1800，请在审核台确认
letrero-decorativo-madera-blanco-con-plantas,Letrero decorativo madera blanco con plantas,"Letrero decorativo madera blanco con plantas

📦 Características:
• De madera
• Blanco
• Con decoración de plantas

✨ Estado: Nuevo
🚚 Disponible para entrega o recogida

🛒 VivaBien — Tu tienda de confianza en República Dominicana",VivaBien,Decoración del Hogar,家居装饰,TRUE,VBCB5B959D,155.00,10,VBCB5B959D.jpg,欢迎装饰牌,,家居装饰,Decoración del Hogar,"Shopify,Facebook Marketplace",价格由 AI 从图片识别：RD$ 155，请在审核台确认
abanico-port-til-mini-ventilador-usb-recargable-silencioso,Abanico portátil / mini ventilador USB recargable silencioso,"Abanico portátil / mini ventilador USB recargable silencioso

📦 Características:
• Batería integrada
• Bajo ruido
• carga USB
• Verde y amarillo

✨ Estado: Nuevo
🚚 Disponible para entrega o recogida

🛒 VivaBien — Tu tienda de confianza en República Dominicana",VivaBien,Electrónicos y Tecnología,电子数码,TRUE,VBCB9A2D04,165.00,10,VBCB9A2D04.jpg,迷你手持风扇,,电子数码,Electrónicos y Tecnología,"Shopify,Facebook Marketplace",价格由 AI 从图片识别：RD$ 145，请在审核台确认 | 价格经二次OCR修正：145 → RD$ 165
ambientador-aromatizante-naranja-con-tapa,Ambientador / aromatizante naranja con tapa,"Ambientador / aromatizante naranja con tapa

📦 Características:
• Color naranja
• Con tapa

✨ Estado: Nuevo
🚚 Disponible para entrega o recogida

🛒 VivaBien — Tu tienda de confianza en República Dominicana",VivaBien,Decoración del Hogar,家居装饰,TRUE,VBCBD74233,35.00,10,VBCBD74233.jpg,空气清新剂,,家居装饰,Decoración del Hogar,"Shopify,Facebook Marketplace",价格由 AI 从图片识别：RD$ 35，请在审核台确认
l-mpara-led-uv-para-secado-de-u-as-48w,Lámpara LED/UV para Secado de Uñas 48W,"Lámpara LED/UV para uñas 48W

📦 Características:
• 48W
• lámpara LED/UV

✨ Estado: Nuevo
🚚 Disponible para entrega o recogida

🛒 VivaBien — Tu tienda de confianza en República Dominicana",VivaBien,Belleza y Cuidado Personal,美容个护,TRUE,VBCC1EC562,480.00,10,VBCC1EC562.jpg,LED美甲灯,,美容个护,Belleza y Cuidado Personal,"Shopify,Facebook Marketplace",价格由 AI 从图片识别：RD$ 895，请在审核台确认
estufa-de-gas-fog-n-de-gas-5-quemadores-acero-inoxidable,Estufa de gas / fogón de gas 5 quemadores acero inoxidable,"Estufa de gas / fogón de gas 5 quemadores acero inoxidable

📦 Características:
• 5 quemadores
• material de acero inoxidable

✨ Estado: Nuevo
🚚 Disponible para entrega o recogida

🛒 VivaBien — Tu tienda de confianza en República Dominicana",VivaBien,Cocina y Hogar,厨房家居,TRUE,VBCC234DFE,7640.00,10,VBCC234DFE.jpg,燃气灶,,厨房家居,Cocina y Hogar,"Shopify,Facebook Marketplace",
estufa-de-gas-hornilla-3-quemadores-negra-para-exteriores,Estufa de gas / hornilla 3 quemadores negra para exteriores,"Estufa de gas / hornilla 3 quemadores negra para exteriores

📦 Características:
• 3 quemadores de gas
• Material metálico negro
• Para uso exterior o comercial

✨ Estado: Nuevo
🚚 Disponible para entrega o recogida

🛒 VivaBien — Tu tienda de confianza en República Dominicana",VivaBien,Cocina y Hogar,厨房家居,TRUE,VBCC2AF2C9,1195.00,10,VBCC2AF2C9.jpg,三头燃气灶,,厨房家居,Cocina y Hogar,"Shopify,Facebook Marketplace",价格由 AI 从图片识别：RD$ 175，请在审核台确认
portarretrato-marco-dorado-8x10-pulgadas-20x25-cm,Portarretrato / marco dorado 8x10 pulgadas 20x25 cm,"Portarretrato / marco dorado 8x10 pulgadas 20x25 cm

📦 Características:
• 8x10 pulgadas
• 20cmx25cm
• color dorado
• Borde con textura de hoja

✨ Estado: Nuevo
🚚 Disponible para entrega o recogida

🛒 VivaBien — Tu tienda de confianza en República Dominicana",VivaBien,Decoración del Hogar,家居装饰,TRUE,VBCC32E120,140.00,10,VBCC32E120.jpg,金色相框,,家居装饰,Decoración del Hogar,"Shopify,Facebook Marketplace",价格由 AI 从图片识别：RD$ 140，请在审核台确认
bandeja-charola-de-pintura-pl-stica-azul-para-rodillo,Bandeja / charola de pintura plástica azul para rodillo,"Bandeja / charola de pintura plástica azul para rodillo

📦 Características:
• Azul
• material plástico
• Para rodillos de pintura

✨ Estado: Nuevo
🚚 Disponible para entrega o recogida

🛒 VivaBien — Tu tienda de confianza en República Dominicana",VivaBien,Herramientas y Ferretería,工具五金,TRUE,VBCC8EC250,165.00,10,VBCC8EC250.jpg,油漆托盘,,工具五金,Herramientas y Ferretería,"Shopify,Facebook Marketplace",价格由 AI 从图片识别：RD$ 165，请在审核台确认
ganchos-de-techo-con-base-pl-stica-blanca-ideales-para-colga,"Ganchos de techo con base plástica blanca, ideales para colgar objetos","Ganchos de techo con base plástica blanca, ideales para colgar objetos

📦 Características:
• cable metálico
• Base de plástico blanco
• compatible con colgar

✨ Estado: Nuevo
🚚 Disponible para entrega o recogida

🛒 VivaBien — Tu tienda de confianza en República Dominicana",VivaBien,Decoración del Hogar,家居装饰,TRUE,VBCC9BA788,35.00,10,VBCC9BA788.jpg,吊顶挂钩,,家居装饰,Decoración del Hogar,"Shopify,Facebook Marketplace",价格由 AI 从图片识别：RD$ 35，请在审核台确认
toma-corriente-blanco-con-switch-y-25-a-os-de-garant-a,Toma corriente blanco con switch y 25 años de garantía,"Toma corriente blanco con switch y 25 años de garantía

📦 Características:
• Blanco
• Con interruptor
• Garantía de 25 años

✨ Estado: Nuevo
🚚 Disponible para entrega o recogida

🛒 VivaBien — Tu tienda de confianza en República Dominicana",VivaBien,Herramientas y Ferretería,工具五金,TRUE,VBCCD8BA47,70.00,10,VBCCD8BA47.jpg,墙壁插座,,工具五金,Herramientas y Ferretería,"Shopify,Facebook Marketplace",价格由 AI 从图片识别：RD$ 70，请在审核台确认
15cm-palitos-de-madera-50-unids-pa-manualidades,15cm palitos de madera 50 unids pa manualidades,,VivaBien,Papelería y Oficina,文具办公,TRUE,VBCE023BDB,,10,VBCE023BDB.jpg,巨型木棒（50根）,,文具办公,Papelería y Oficina,"Shopify,Facebook Marketplace",
perfume-en-frasco-transparente-con-tapa-dorada-elegante,Perfume en frasco transparente con tapa dorada elegante,"Perfume en frasco transparente con tapa dorada elegante

📦 Características:
• Cuerpo de botella transparente
• tapa dorada
• Perfume

✨ Estado: Nuevo
🚚 Disponible para entrega o recogida

🛒 VivaBien — Tu tienda de confianza en República Dominicana",VivaBien,Belleza y Cuidado Personal,美容个护,TRUE,VBCE09BC7E,315.00,10,VBCE09BC7E.jpg,香水瓶,,美容个护,Belleza y Cuidado Personal,"Shopify,Facebook Marketplace",
panel-de-enchufe-con-bloqueo-infantil-alta-calidad-y-s-per-d,"Panel de enchufe con bloqueo infantil, alta calidad y súper duradero","Panel de enchufe con bloqueo infantil, alta calidad y súper duradero

📦 Características:
• Bloqueo infantil
• Alta calidad
• Estructura duradera

✨ Estado: Nuevo
🚚 Disponible para entrega o recogida

🛒 VivaBien — Tu tienda de confianza en República Dominicana",VivaBien,Herramientas y Ferretería,工具五金,TRUE,VBCE873268,90.00,10,VBCE873268.jpg,插座面板,,工具五金,Herramientas y Ferretería,"Shopify,Facebook Marketplace",价格由 AI 从图片识别：RD$ 90，请在审核台确认
mouse-gaming-rat-n-gamer-dpi-1200-usb-blanco-con-luces,Mouse gaming / ratón gamer DPI 1200 USB blanco con luces,"Mouse gaming / ratón gamer DPI 1200 USB blanco con luces

📦 Características:
• DPI 1200
• puerto USB
• Blanco
• Con iluminación

✨ Estado: Nuevo
🚚 Disponible para entrega o recogida

🛒 VivaBien — Tu tienda de confianza en República Dominicana",VivaBien,Electrónicos y Tecnología,电子数码,TRUE,VBCECAFF4D,215.00,10,VBCECAFF4D.jpg,游戏鼠标,,电子数码,Electrónicos y Tecnología,"Shopify,Facebook Marketplace",价格由 AI 从图片识别：RD$ 215，请在审核台确认
portaretrato-marco-de-fotos-blanco-5-piezas-para-pared,Portaretrato / marco de fotos blanco 5 piezas para pared,"Portaretrato / marco de fotos blanco 5 piezas para pared

📦 Características:
• Blanco
• combinación de varios marcos
• Diseño para colgar en pared

✨ Estado: Nuevo
🚚 Disponible para entrega o recogida

🛒 VivaBien — Tu tienda de confianza en República Dominicana",VivaBien,Decoración del Hogar,家居装饰,TRUE,VBCEF232E4,450.00,10,VBCEF232E4.jpg,爱心相框,,家居装饰,Decoración del Hogar,"Shopify,Facebook Marketplace",价格由 AI 从图片识别：RD$ 180，请在审核台确认
candado-candao-de-seguridad-50mm-acero-inoxidable,Candado / candao de seguridad 50mm acero inoxidable,"Candado / candao de seguridad 50mm acero inoxidable

📦 Características:
• 50mm
• material de acero inoxidable
• Alta seguridad

✨ Estado: Nuevo
🚚 Disponible para entrega o recogida

🛒 VivaBien — Tu tienda de confianza en República Dominicana",VivaBien,Herramientas y Ferretería,工具五金,TRUE,VBCF7BC894,170.00,10,VBCF7BC894.jpg,防盗挂锁,,工具五金,Herramientas y Ferretería,"Shopify,Facebook Marketplace",价格由 AI 从图片识别：RD$ 170，请在审核台确认
frasco-gotero-envase-de-vidrio-mbar-con-tapa,Frasco gotero / envase de vidrio ámbar con tapa,"Frasco gotero / envase de vidrio ámbar con tapa con gotero

📦 Características:
• Capacidad desconocida
• Vidrio marrón
• Con gotero

✨ Estado: Nuevo
🚚 Disponible para entrega o recogida

🛒 VivaBien — Tu tienda de confianza en República Dominicana",VivaBien,Belleza y Cuidado Personal,美容个护,TRUE,VBCFF0F6D2,80.00,10,VBCFF0F6D2.jpg,棕色滴管瓶,,美容个护,Belleza y Cuidado Personal,"Shopify,Facebook Marketplace",价格由 AI 从图片识别：RD$ 80，请在审核台确认
gel-fijador-spray-para-pelo-fuerte-no-pegajoso-6-oz,Gel / fijador / spray para pelo fuerte no pegajoso 6 oz,"Gel / fijador / spray para pelo fuerte no pegajoso 6 oz

📦 Características:
• 6 oz (170 g)
• Fijación fuerte
• apto para estilo vertical
• No pegajoso

✨ Estado: Nuevo
🚚 Disponible para entrega o recogida

🛒 VivaBien — Tu tienda de confianza en República Dominicana",VivaBien,Belleza y Cuidado Personal,美容个护,TRUE,VBD0010451,650.00,10,VBD0010451.jpg,发胶造型,,美容个护,Belleza y Cuidado Personal,"Shopify,Facebook Marketplace",价格由 AI 从图片识别：RD$ 650，请在审核台确认
curler-de-pesta-as-metalero-mango-negro-rizo-natural,"Curler de pestañas metalero, mango negro, rizo natural","Curler de pestañas metalero, mango negro, rizo natural

📦 Características:
• cuerpo metálico
• Mango negro
• Rizador de pestañas

✨ Estado: Nuevo
🚚 Disponible para entrega o recogida

🛒 VivaBien — Tu tienda de confianza en República Dominicana",VivaBien,Belleza y Cuidado Personal,美容个护,TRUE,VBD0181F0A,130.00,10,VBD0181F0A.jpg,睫毛夹,,美容个护,Belleza y Cuidado Personal,"Shopify,Facebook Marketplace","品名由豆包识图生成 conf=0.90，卖点:['金属夹身', '黑色手柄', '卷翘睫毛']"
figura-decorativa-met-lica-adorno-de-metal-dorado,Figura decorativa metálica / adorno de metal dorado,"Figura decorativa metálica / adorno de metal dorado

📦 Características:
• color dorado
• material metálico

✨ Estado: Nuevo
🚚 Disponible para entrega o recogida

🛒 VivaBien — Tu tienda de confianza en República Dominicana",VivaBien,Decoración del Hogar,家居装饰,TRUE,VBD06134FB,320.00,10,VBD06134FB.jpg,金属人形摆件,,家居装饰,Decoración del Hogar,"Shopify,Facebook Marketplace",价格由 AI 从图片识别：RD$ 320，请在审核台确认
tape-el-ctrico-cinta-aislante-pvc-20m-0-15mm-de-grosor,Tape eléctrico / cinta aislante PVC 20m 0.15mm de grosor,"Tape eléctrico / cinta aislante PVC 20m 0.15mm de grosor

📦 Características:
• material PVC
• 0.15mm grosor
• Longitud de 20 metros

✨ Estado: Nuevo
🚚 Disponible para entrega o recogida

🛒 VivaBien — Tu tienda de confianza en República Dominicana",VivaBien,Herramientas y Ferretería,工具五金,TRUE,VBD0DB3074,50.00,10,VBD0DB3074.jpg,电工胶带,,工具五金,Herramientas y Ferretería,"Shopify,Facebook Marketplace",价格由 AI 从图片识别：RD$ 50，请在审核台确认
estufa-de-gas-fog-n-doble-autom-tico-resistente,Estufa de gas / fogón doble automático resistente,"Estufa de gas / fogón doble automático resistente

📦 Características:
• Doble cabezal
• Encendido automático
• Soporte de olla duradero
• Cuerpo grueso

✨ Estado: Nuevo
🚚 Disponible para entrega o recogida

🛒 VivaBien — Tu tienda de confianza en República Dominicana",VivaBien,Cocina y Hogar,厨房家居,TRUE,VBD0E564F6,1980.00,10,VBD0E564F6.jpg,双头燃气灶,,厨房家居,Cocina y Hogar,"Shopify,Facebook Marketplace",⚠ 图片可能拍反，价格从旋转图中识别 | 价格由 AI 从图片识别：RD$ 350，请在审核台确认
set-de-fragancia-con-spray-y-gel-de-ba-o-75ml-elegante-empaq,"Set de fragancia con spray y gel de baño 75ml, elegante empaque platea","Set de fragancia con spray y gel de baño 75ml, elegante empaque platea

📦 Características:
• 75ml
• Spray aromático
• gel de baño
• empaque plateado

✨ Estado: Nuevo
🚚 Disponible para entrega o recogida

🛒 VivaBien — Tu tienda de confianza en República Dominicana",VivaBien,Belleza y Cuidado Personal,美容个护,TRUE,VBD0FE2318,295.00,10,VBD0FE2318.jpg,未来机器人香氛套装,,美容个护,Belleza y Cuidado Personal,"Shopify,Facebook Marketplace",
perfume-spray-50ml-con-tapa-dorada-ideal-para-regalo,Perfume spray 50ml con tapa dorada ideal para regalo,"Perfume spray 50ml con tapa dorada ideal para regalo

📦 Características:
• 50ml
• tapa dorada
• Spray aromático

✨ Estado: Nuevo
🚚 Disponible para entrega o recogida

🛒 VivaBien — Tu tienda de confianza en República Dominicana",VivaBien,Belleza y Cuidado Personal,美容个护,TRUE,VBD13C9AD8,145.00,10,VBD13C9AD8.jpg,香水喷雾,,美容个护,Belleza y Cuidado Personal,"Shopify,Facebook Marketplace",
adorno-oso-dorado-figura-cer-mica-decorativa,Adorno oso dorado / figura cerámica decorativa,"Adorno oso dorado / figura cerámica decorativa

📦 Características:
• color dorado
• Material cerámico
• Individual

✨ Estado: Nuevo
🚚 Disponible para entrega o recogida

🛒 VivaBien — Tu tienda de confianza en República Dominicana",VivaBien,Decoración del Hogar,家居装饰,TRUE,VBD1AE3985,175.00,10,VBD1AE3985.jpg,金色熊摆件,,家居装饰,Decoración del Hogar,"Shopify,Facebook Marketplace",价格由 AI 从图片识别：RD$ 175，请在审核台确认
manguera-para-lavadora-tubo-de-agua-pvc-anti-ruptura,Manguera para lavadora / tubo de agua PVC anti-ruptura,"Manguera para lavadora / tubo de agua PVC anti-ruptura

📦 Características:
• protección contra explosiones
• Antifugas
• Blanco
• material PVC

✨ Estado: Nuevo
🚚 Disponible para entrega o recogida

🛒 VivaBien — Tu tienda de confianza en República Dominicana",VivaBien,Herramientas y Ferretería,工具五金,TRUE,VBD1C75F6F,160.00,10,VBD1C75F6F.jpg,洗衣机水管,,工具五金,Herramientas y Ferretería,"Shopify,Facebook Marketplace",价格由 AI 从图片识别：RD$ 160，请在审核台确认
protector-tira-negra-para-puerta-de-carro-veh-culo,Protector / tira negra para puerta de carro / vehículo,"Protector / tira negra para puerta de carro / vehículo

📦 Características:
• Negro
• protección contra impactos
• Para puertas de autos

✨ Estado: Nuevo
🚚 Disponible para entrega o recogida

🛒 VivaBien — Tu tienda de confianza en República Dominicana",VivaBien,Herramientas y Ferretería,工具五金,TRUE,VBD2097EA0,260.00,10,VBD2097EA0.jpg,车门防撞条,,工具五金,Herramientas y Ferretería,"Shopify,Facebook Marketplace",价格由 AI 从图片识别：RD$ 250，请在审核台确认
crema-depilatoria-150ml-crema-para-remover-vello,Crema depilatoria 150ml / crema para remover vello,"Crema depilatoria 150ml / crema para remover vello

📦 Características:
• 150ml
• fórmula suave
• Retrasa el crecimiento del vello

✨ Estado: Nuevo
🚚 Disponible para entrega o recogida

🛒 VivaBien — Tu tienda de confianza en República Dominicana",VivaBien,Belleza y Cuidado Personal,美容个护,TRUE,VBD2403160,300.00,10,VBD2403160.jpg,脱毛膏,,美容个护,Belleza y Cuidado Personal,"Shopify,Facebook Marketplace",价格由 AI 从图片识别：RD$ 300，请在审核台确认
raspador-port-til-cuchilla-manual-con-hoja-intercambiable,Raspador portátil / cuchilla manual con hoja intercambiable,"Raspador portátil / cuchilla manual con hoja intercambiable

📦 Características:
• Cuchilla reemplazable
• Color naranja
• Diseño práctico

✨ Estado: Nuevo
🚚 Disponible para entrega o recogida

🛒 VivaBien — Tu tienda de confianza en República Dominicana",VivaBien,Herramientas y Ferretería,工具五金,TRUE,VBD24D7D6D,60.00,10,VBD24D7D6D.jpg,便携刮刀,,工具五金,Herramientas y Ferretería,"Shopify,Facebook Marketplace",价格由 AI 从图片识别：RD$ 60，请在审核台确认
hornilla-el-ctrica-estufa-el-ctrica-1000w-155mm,Hornilla eléctrica / estufa eléctrica 1000W 155mm,"Hornilla eléctrica / estufa eléctrica 1000W 155mm

📦 Características:
• 1 unidad
• 155mm
• 1000W
• Protección contra sobrecalentamiento
• Revestimiento antiadherente

✨ Estado: Nuevo
🚚 Disponible para entrega o recogida

🛒 VivaBien — Tu tienda de confianza en República Dominicana",VivaBien,Cocina y Hogar,厨房家居,TRUE,VBD2C06714,415.00,10,VBD2C06714.jpg,电热单头炉,,厨房家居,Cocina y Hogar,"Shopify,Facebook Marketplace",价格由 AI 从图片识别：RD$ 415，请在审核台确认
rastrillo-afeitadora-de-hombre-3-hojas-con-aloe-vera,Rastrillo / afeitadora de hombre 3 hojas con aloe vera,"Rastrillo / afeitadora de hombre 3 hojas con aloe vera

📦 Características:
• Cuchillas fabricadas en Corea
• hoja de tres capas
• barra de aloe lubricante

✨ Estado: Nuevo
🚚 Disponible para entrega o recogida

🛒 VivaBien — Tu tienda de confianza en República Dominicana",VivaBien,Belleza y Cuidado Personal,美容个护,TRUE,VBD2FF2A12,100.00,10,VBD2FF2A12.jpg,男士剃须刀,,美容个护,Belleza y Cuidado Personal,"Shopify,Facebook Marketplace",价格由 AI 从图片识别：RD$ 100，请在审核台确认
l-mpara-mata-mosquitos-luz-anti-zancudos-360-blanca,Lámpara mata mosquitos / luz anti zancudos 360° blanca,"Lámpara mata mosquitos / luz anti zancudos 360° blanca

📦 Características:
• Fuente de luz de 360 grados
• Blanco
• Función de atrapa mosquitos electrónico

✨ Estado: Nuevo
🚚 Disponible para entrega o recogida

🛒 VivaBien — Tu tienda de confianza en República Dominicana",VivaBien,Herramientas y Ferretería,工具五金,TRUE,VBD34629FB,325.00,10,VBD34629FB.jpg,灭蚊灯,,工具五金,Herramientas y Ferretería,"Shopify,Facebook Marketplace",
regleta-extensi-n-el-ctrica-blanca-3-entradas-cable-largo,Regleta / extensión eléctrica blanca 3 entradas cable largo,"Regleta / extensión eléctrica blanca 3 entradas cable largo

📦 Características:
• Blanco
• tres clavijas
• diseño de cable largo

✨ Estado: Nuevo
🚚 Disponible para entrega o recogida

🛒 VivaBien — Tu tienda de confianza en República Dominicana",VivaBien,Herramientas y Ferretería,工具五金,TRUE,VBD35562D8,160.00,10,VBD35562D8.jpg,电源延长线,,工具五金,Herramientas y Ferretería,"Shopify,Facebook Marketplace",价格由 AI 从图片识别：RD$ 160，请在审核台确认
sandwichera-el-ctrica-750w-m-quina-de-s-ndwich-110v,Sandwichera eléctrica 750W / máquina de sándwich 110V,"Sandwichera eléctrica 750W / máquina de sándwich 110V

📦 Características:
• 750W
• AC 110V

✨ Estado: Nuevo
🚚 Disponible para entrega o recogida

🛒 VivaBien — Tu tienda de confianza en República Dominicana",VivaBien,Cocina y Hogar,厨房家居,TRUE,VBD3724C01,1285.00,10,VBD3724C01.jpg,三明治机,,厨房家居,Cocina y Hogar,"Shopify,Facebook Marketplace",价格由 AI 从图片识别：RD$ 1285，请在审核台确认
bater-as-recargables-aa-1-2v-ni-mh-4800mah-4-unidades,Baterías recargables AA 1.2V / Ni-MH 4800mAh 4 unidades,"Baterías recargables AA 1.2V / Ni-MH 4800mAh 4 unidades

📦 Características:
• 4 unidades
• 4800mAh
• Ni-MH
• AA 1.2V

✨ Estado: Nuevo
🚚 Disponible para entrega o recogida

🛒 VivaBien — Tu tienda de confianza en República Dominicana",VivaBien,Electrónicos y Tecnología,电子数码,TRUE,VBD3B768CC,210.00,10,VBD3B768CC.jpg,充电电池,,电子数码,Electrónicos y Tecnología,"Shopify,Facebook Marketplace",价格由 AI 从图片识别：RD$ 210，请在审核台确认
aro-de-luz-rgb-l-mpara-led-multicolor,Aro de luz RGB / lámpara LED multicolor,"Aro de luz RGB / lámpara LED multicolor

📦 Características:
• RGB
• varias temperaturas de color
• Modo nocturno
• Hecho en China

✨ Estado: Nuevo
🚚 Disponible para entrega o recogida

🛒 VivaBien — Tu tienda de confianza en República Dominicana",VivaBien,Electrónicos y Tecnología,电子数码,TRUE,VBD41E6D24,1075.00,10,VBD41E6D24.jpg,RGB环形灯,,电子数码,Electrónicos y Tecnología,"Shopify,Facebook Marketplace",⚠ 价格疑似识别有误（58.0），已自动修正为 RD$ 580 | 价格由 AI 从图片识别：RD$ 580，请在审核台确认 | 价格经二次OCR修正：58 → RD$ 565
soldador-el-ctrico-caut-n-con-mango-de-madera,Soldador eléctrico / cautín con mango de madera,"Soldador eléctrico / cautín con mango de madera

📦 Características:
• Manija de madera
• Cable de alimentación
• cabezal de calentamiento metálico

✨ Estado: Nuevo
🚚 Disponible para entrega o recogida

🛒 VivaBien — Tu tienda de confianza en República Dominicana",VivaBien,Herramientas y Ferretería,工具五金,TRUE,VBD4345EA8,350.00,10,VBD4345EA8.jpg,电烙铁,,工具五金,Herramientas y Ferretería,"Shopify,Facebook Marketplace",价格由 AI 从图片识别：RD$ 350，请在审核台确认
crema-hidratante-beb-loci-n-250ml-lavanda-ayuda-dormir,Crema hidratante bebé / loción 250ml lavanda ayuda dormir,"Crema hidratante bebé / loción 250ml lavanda ayuda dormir

📦 Características:
• 250ml
• Aroma de lavanda
• Hidratante
• Ayuda para dormir

✨ Estado: Nuevo
🚚 Disponible para entrega o recogida

🛒 VivaBien — Tu tienda de confianza en República Dominicana",VivaBien,Bebés y Maternidad,母婴用品,TRUE,VBD4473A09,225.00,10,,婴儿润肤乳,,母婴用品,Bebés y Maternidad,"Shopify,Facebook Marketplace","价格由 AI 从图片识别：RD$ 220，请在审核台确认 | 价格经二次OCR修正：220 → RD$ 225 | ⚠️ AI 生图失败，可点「重新生图」重试: HTTPSConnectionPool(host='api.quickrouter.ai', port=443): Read timed out. (read timeout=120)"
estufa-de-gas-quemador-de-mesa-met-lico-1-hornilla,Estufa de gas / quemador de mesa metálico 1 hornilla,"Estufa de gas / quemador de mesa metálico 1 hornilla

📦 Características:
• Estufa de un quemador
• material metálico
• Diseño de mesa

✨ Estado: Nuevo
🚚 Disponible para entrega o recogida

🛒 VivaBien — Tu tienda de confianza en República Dominicana",VivaBien,Cocina y Hogar,厨房家居,TRUE,VBD4569499,905.00,10,VBD4569499.jpg,单灶燃气炉,,厨房家居,Cocina y Hogar,"Shopify,Facebook Marketplace",价格由 AI 从图片识别：RD$ 905，请在审核台确认
florero-jarr-n-cer-mico-dorado-con-tapa-40cm,Florero / jarrón cerámico dorado con tapa 40cm,"Florero / jarrón cerámico dorado con tapa 40cm

📦 Características:
• color dorado
• Cerámica
• Con tapa

✨ Estado: Nuevo
🚚 Disponible para entrega o recogida

🛒 VivaBien — Tu tienda de confianza en República Dominicana",VivaBien,Decoración del Hogar,家居装饰,TRUE,VBD46D28A4,1530.00,10,VBD46D28A4.jpg,40cm 1530,,家居装饰,Decoración del Hogar,"Shopify,Facebook Marketplace",
pestillo-cerrojo-tranca-puerta-50mm-con-tornillos,Pestillo / cerrojo / tranca puerta 50mm con tornillos,"Pestillo / cerrojo / tranca puerta 50mm con tornillos

📦 Características:
• 50mm
• Incluye tornillos
• material metálico

✨ Estado: Nuevo
🚚 Disponible para entrega o recogida

🛒 VivaBien — Tu tienda de confianza en República Dominicana",VivaBien,Herramientas y Ferretería,工具五金,TRUE,VBD47A5DB5,60.00,10,VBD47A5DB5.jpg,门栓锁,,工具五金,Herramientas y Ferretería,"Shopify,Facebook Marketplace",价格由 AI 从图片识别：RD$ 60，请在审核台确认
portarretrato-marco-de-fotos-madera-marr-n-10x15cm,Portarretrato / marco de fotos madera marrón 10x15cm,"Portarretrato / marco de fotos madera marrón 10x15cm

📦 Características:
• 10x15cm
• Color marrón
• De madera

✨ Estado: Nuevo
🚚 Disponible para entrega o recogida

🛒 VivaBien — Tu tienda de confianza en República Dominicana",VivaBien,Decoración del Hogar,家居装饰,TRUE,VBD4870B86,120.00,10,VBD4870B86.jpg,木质相框,,家居装饰,Decoración del Hogar,"Shopify,Facebook Marketplace",价格由 AI 从图片识别：RD$ 120，请在审核台确认 | 价格经二次OCR修正：120 → RD$ 1420
portarretrato-marco-para-certificado-a4-dorado,Portarretrato / marco para certificado A4 dorado,"Portarretrato / marco para certificado A4 dorado

📦 Características:
• Tamaño A4
• Colocación vertical u horizontal
• marco dorado

✨ Estado: Nuevo
🚚 Disponible para entrega o recogida

🛒 VivaBien — Tu tienda de confianza en República Dominicana",VivaBien,Decoración del Hogar,家居装饰,TRUE,VBD49B1539,140.00,10,VBD49B1539.jpg,证书框,,家居装饰,Decoración del Hogar,"Shopify,Facebook Marketplace",价格由 AI 从图片识别：RD$ 140，请在审核台确认
switch-el-ctrico-con-enchufe-y-protecci-n-infantil-alta-pote,"Switch eléctrico con enchufe y protección infantil, alta potencia","Switch eléctrico con enchufe y protección infantil, alta potencia

📦 Características:
• Bloqueo infantil
• Alta potencia

✨ Estado: Nuevo
🚚 Disponible para entrega o recogida

🛒 VivaBien — Tu tienda de confianza en República Dominicana",VivaBien,Herramientas y Ferretería,工具五金,TRUE,VBD4AE47DF,105.00,10,VBD4AE47DF.jpg,开关插座,,工具五金,Herramientas y Ferretería,"Shopify,Facebook Marketplace",价格由 AI 从图片识别：RD$ 105，请在审核台确认
crema-de-c-rcuma-blanqueadora-antiarrugas-360ml,Crema de cúrcuma / blanqueadora / antiarrugas 360ml,"Crema de cúrcuma / blanqueadora / antiarrugas 360ml

📦 Características:
• 360ml
• Blanqueador
• Antiarrugas
• Poros refinados

✨ Estado: Nuevo
🚚 Disponible para entrega o recogida

🛒 VivaBien — Tu tienda de confianza en República Dominicana",VivaBien,Belleza y Cuidado Personal,美容个护,TRUE,VBD4CD53A6,245.00,10,VBD4CD53A6.jpg,姜黄美白霜,,美容个护,Belleza y Cuidado Personal,"Shopify,Facebook Marketplace",价格由 AI 从图片识别：RD$ 245，请在审核台确认
masajeador-inal-mbrico-port-til-multifuncional,Masajeador inalámbrico / portátil / multifuncional,"Masajeador inalámbrico / portátil / multifuncional

📦 Características:
• Inalámbrico
• multifuncional

✨ Estado: Nuevo
🚚 Disponible para entrega o recogida

🛒 VivaBien — Tu tienda de confianza en República Dominicana",VivaBien,Artículos para Adultos,情趣用品,TRUE,VBD4D46BEF,1190.00,10,VBD4D46BEF.jpg,无线按摩器,,情趣用品,Artículos para Adultos,"Shopify,Facebook Marketplace",价格由 AI 从图片识别：RD$ 1190，请在审核台确认
letrero-cartel-aviso-no-fumar-pvc-20x30cm-adhesivo,"Letrero / cartel / aviso ""No fumar"" PVC 20x30cm adhesivo","Letrero / cartel / aviso ""No fumar"" PVC 20x30cm adhesivo

📦 Características:
• 20x30cm
• material PVC
• Parte trasera con pega

✨ Estado: Nuevo
🚚 Disponible para entrega o recogida

🛒 VivaBien — Tu tienda de confianza en República Dominicana",VivaBien,Decoración del Hogar,家居装饰,TRUE,VBD56120C9,20.00,10,VBD56120C9.jpg,禁止吸烟标志,,家居装饰,Decoración del Hogar,"Shopify,Facebook Marketplace",价格由 AI 从图片识别：RD$ 20，请在审核台确认
espejo-redondo-con-base-espejo-para-maquillar,Espejo redondo con base / espejo para maquillar,"Espejo redondo con base / espejo para maquillar

📦 Características:
• redondo
• Con soporte

✨ Estado: Nuevo
🚚 Disponible para entrega o recogida

🛒 VivaBien — Tu tienda de confianza en República Dominicana",VivaBien,Baño y Sanitarios,浴室卫浴,TRUE,VBD5A20F4E,340.00,10,VBD5A20F4E.jpg,化妆镜,,浴室卫浴,Baño y Sanitarios,"Shopify,Facebook Marketplace",价格由 AI 从图片识别：RD$ 95，请在审核台确认
aud-fonos-auriculares-type-c-blanco-in-ear-est-reo,Audífonos / auriculares Type-C blanco in-ear estéreo,"Audífonos / auriculares Type-C blanco in-ear estéreo

📦 Características:
• puerto Type-C
• Blanco
• Intrauditivo
• Estéreo

✨ Estado: Nuevo
🚚 Disponible para entrega o recogida

🛒 VivaBien — Tu tienda de confianza en República Dominicana",VivaBien,Electrónicos y Tecnología,电子数码,TRUE,VBD5A4E4A9,225.00,10,VBD5A4E4A9.jpg,Type-C耳机,,电子数码,Electrónicos y Tecnología,"Shopify,Facebook Marketplace",价格由 AI 从图片识别：RD$ 225，请在审核台确认
decoraci-n-u-as-nail-art-mariposa-transparente-brillante,Decoración uñas / nail art mariposa transparente brillante,"Decoración uñas / nail art mariposa transparente brillante

📦 Características:
• Forma de mariposa transparente
• efecto de destello

✨ Estado: Nuevo
🚚 Disponible para entrega o recogida

🛒 VivaBien — Tu tienda de confianza en República Dominicana",VivaBien,Belleza y Cuidado Personal,美容个护,TRUE,VBD5A61531,45.00,10,VBD5A61531.jpg,指甲装饰,,美容个护,Belleza y Cuidado Personal,"Shopify,Facebook Marketplace",价格由 AI 从图片识别：RD$ 45，请在审核台确认
algodones-desmaquillantes-discos-100-naturales-80-unidades,Algodones desmaquillantes / discos 100% naturales 80 unidades,"Algodones desmaquillantes / discos 100% naturales 80 unidades

📦 Características:
• 100% natural
• 80 piezas
• apto para desmaquillar y aplicar maquillaje

✨ Estado: Nuevo
🚚 Disponible para entrega o recogida

🛒 VivaBien — Tu tienda de confianza en República Dominicana",VivaBien,Belleza y Cuidado Personal,美容个护,TRUE,VBD6AA06A9,180.00,10,VBD6AA06A9.jpg,化妆棉,,美容个护,Belleza y Cuidado Personal,"Shopify,Facebook Marketplace",价格由 AI 从图片识别：RD$ 180，请在审核台确认
exfoliante-corporal-crema-para-pies-680g-con-vitamina-e-y-ar,Exfoliante corporal / crema para pies 680g con vitamina E y argán,"Exfoliante corporal / crema para pies 680g con vitamina E y argán

📦 Características:
• 680g
• Con vitamina E
• Aceite de argán
• Antienvejecimiento

✨ Estado: Nuevo
🚚 Disponible para entrega o recogida

🛒 VivaBien — Tu tienda de confianza en República Dominicana",VivaBien,Belleza y Cuidado Personal,美容个护,TRUE,VBD6AFCA09,220.00,10,VBD6AFCA09.jpg,足部身体磨砂膏,,美容个护,Belleza y Cuidado Personal,"Shopify,Facebook Marketplace",
ganchos-de-pared-colgadores-madera-decorativos-3-unidades,Ganchos de pared / colgadores madera decorativos 3 unidades,"Ganchos de pared / colgadores madera decorativos 3 unidades

📦 Características:
• 3 ganchos
• De madera
• función decorativa

✨ Estado: Nuevo
🚚 Disponible para entrega o recogida

🛒 VivaBien — Tu tienda de confianza en República Dominicana",VivaBien,Decoración del Hogar,家居装饰,TRUE,VBD6E896E0,190.00,10,VBD6E896E0.jpg,爱心挂钩,,家居装饰,Decoración del Hogar,"Shopify,Facebook Marketplace",价格由 AI 从图片识别：RD$ 150，请在审核台确认
botellita-spray-atomizador-mini-transparente,Botellita spray / atomizador mini transparente,"Botellita spray / atomizador mini transparente

📦 Características:
• Material transparente
• Cabezal de presión

✨ Estado: Nuevo
🚚 Disponible para entrega o recogida

🛒 VivaBien — Tu tienda de confianza en República Dominicana",VivaBien,Belleza y Cuidado Personal,美容个护,TRUE,VBD76C72E5,60.00,10,VBD76C72E5.jpg,迷你喷瓶,,美容个护,Belleza y Cuidado Personal,"Shopify,Facebook Marketplace",价格由 AI 从图片识别：RD$ 60，请在审核台确认
pegamento-para-pelucas-lace-extensiones-118ml-super-fuerte,Pegamento para pelucas / lace / extensiones 118ml super fuerte,"Pegamento para pelucas / lace / extensiones 118ml super fuerte

📦 Características:
• 118ml
• super adhesivo
• Para pegar cabello

✨ Estado: Nuevo
🚚 Disponible para entrega o recogida

🛒 VivaBien — Tu tienda de confianza en República Dominicana",VivaBien,Belleza y Cuidado Personal,美容个护,TRUE,VBD78C3031,190.00,10,VBD78C3031.jpg,头发粘合胶,,美容个护,Belleza y Cuidado Personal,"Shopify,Facebook Marketplace",价格由 AI 从图片识别：RD$ 190，请在审核台确认
bocinas-bluetooth-parlantes-2-1-con-usb-y-soporte-tf-card,Bocinas Bluetooth / Parlantes 2.1 con USB y soporte TF Card,"Bocinas Bluetooth / Parlantes 2.1 con USB y soporte TF Card

📦 Características:
• 2.1 canales de sonido
• Compatible con Bluetooth
• puerto USB
• soporte para tarjeta TF

✨ Estado: Nuevo
🚚 Disponible para entrega o recogida

🛒 VivaBien — Tu tienda de confianza en República Dominicana",VivaBien,Electrónicos y Tecnología,电子数码,TRUE,VBD78CAAC7,4500.00,10,VBD78CAAC7.jpg,无线音箱套装,,电子数码,Electrónicos y Tecnología,"Shopify,Facebook Marketplace",价格由 AI 从图片识别：RD$ 550，请在审核台确认
pesta-as-postizas-14mm-0-10-c-curly-12-filas,Pestañas postizas 14mm 0.10 C curly 12 filas,"Pestañas postizas 14mm 0.10 C curly 12 filas

📦 Características:
• 14mm longitud
• 0.10C rizo
• 12 filas

✨ Estado: Nuevo
🚚 Disponible para entrega o recogida

🛒 VivaBien — Tu tienda de confianza en República Dominicana",VivaBien,Belleza y Cuidado Personal,美容个护,TRUE,VBD83F7D8E,145.00,10,VBD83F7D8E.jpg,蚕丝嫁接睫毛,,美容个护,Belleza y Cuidado Personal,"Shopify,Facebook Marketplace","品名由豆包识图生成 conf=0.80，卖点:['14mm长度', '0.10C卷度', '12行']"
crema-para-beb-loci-n-infantil-con-aceite-de-aguacate,Crema para bebé / loción infantil con aceite de aguacate,"Crema para bebé / loción infantil con aceite de aguacate

📦 Características:
• Capacidad desconocida
• Con aceite de aguacate
• Hipoalergénico
• Sin conservantes

✨ Estado: Nuevo
🚚 Disponible para entrega o recogida

🛒 VivaBien — Tu tienda de confianza en República Dominicana",VivaBien,Bebés y Maternidad,母婴用品,TRUE,VBD8415A42,220.00,10,VBD8415A42.jpg,婴儿润肤乳,,母婴用品,Bebés y Maternidad,"Shopify,Facebook Marketplace",价格由 AI 从图片识别：RD$ 20，请在审核台确认
decoraci-n-letras-madera-con-cuerda-para-colgar,Decoración letras madera con cuerda para colgar,"Decoración letras madera con cuerda para colgar

📦 Características:
• De madera
• Cordón
• letras decorativas

✨ Estado: Nuevo
🚚 Disponible para entrega o recogida

🛒 VivaBien — Tu tienda de confianza en República Dominicana",VivaBien,Decoración del Hogar,家居装饰,TRUE,VBD88C626E,220.00,10,VBD88C626E.jpg,木质家居挂件,,家居装饰,Decoración del Hogar,"Shopify,Facebook Marketplace",价格由 AI 从图片识别：RD$ 20，请在审核台确认
exfoliante-facial-crema-limpiadora-con-extracto-de-arroz,Exfoliante facial / crema limpiadora con extracto de arroz,"Exfoliante facial / crema limpiadora con extracto de arroz

📦 Características:
• Con extracto de arroz
• Exfoliante
• limpieza y blanqueamiento

✨ Estado: Nuevo
🚚 Disponible para entrega o recogida

🛒 VivaBien — Tu tienda de confianza en República Dominicana",VivaBien,Belleza y Cuidado Personal,美容个护,TRUE,VBD8A6D3CA,130.00,10,VBD8A6D3CA.jpg,米粒面部磨砂膏,,美容个护,Belleza y Cuidado Personal,"Shopify,Facebook Marketplace",价格由 AI 从图片识别：RD$ 350，请在审核台确认
abanico-port-til-ventilador-plegable-verde-kc-5811,Abanico portátil / ventilador plegable verde KC-5811,"Abanico portátil / ventilador plegable verde KC-5811

📦 Características:
• Verde
• multifuncional
• KC-5811

✨ Estado: Nuevo
🚚 Disponible para entrega o recogida

🛒 VivaBien — Tu tienda de confianza en República Dominicana",VivaBien,Electrónicos y Tecnología,电子数码,TRUE,VBD9568E8F,595.00,10,VBD9568E8F.jpg,折叠风扇,,电子数码,Electrónicos y Tecnología,"Shopify,Facebook Marketplace",价格由 AI 从图片识别：RD$ 595，请在审核台确认
labial-pinta-labios-rojo-vibrador-port-til,Labial / pinta labios rojo vibrador portátil,"Labial / pinta labios rojo vibrador portátil

📦 Características:
• Rojo
• Portátil
• Función de vibración

✨ Estado: Nuevo
🚚 Disponible para entrega o recogida

🛒 VivaBien — Tu tienda de confianza en República Dominicana",VivaBien,Artículos para Adultos,情趣用品,TRUE,VBD963DA3A,225.00,10,VBD963DA3A.jpg,口红震动器,,情趣用品,Artículos para Adultos,"Shopify,Facebook Marketplace",价格由 AI 从图片识别：RD$ 225，请在审核台确认
crema-blanqueadora-con-vitaminas-c-y-e-para-rostro-y-cuerpo,Crema blanqueadora con vitaminas C y E para rostro y cuerpo,"Crema blanqueadora / hidratante con vitamina C y E

📦 Características:
• Blanqueador
• Hidratante
• tono uniforme
• Absorción rápida
• apto para uso en todo el cuerpo
• Con vitaminas C y E

✨ Estado: Nuevo
🚚 Disponible para entrega o recogida

🛒 VivaBien — Tu tienda de confianza en República Dominicana",VivaBien,Belleza y Cuidado Personal,美容个护,TRUE,VBD9711868,280.00,10,VBD9711868.jpg,美白润肤霜,,美容个护,Belleza y Cuidado Personal,"Shopify,Facebook Marketplace",价格由 AI 从图片识别：RD$ 280，请在审核台确认
decoraci-n-de-madera-colgante-con-cord-n-y-ganchos,Decoración de madera / colgante con cordón y ganchos,"Decoración de madera / colgante con cordón y ganchos

📦 Características:
• De madera
• Gancho
• Cuerda colgante
• perlas decorativas

✨ Estado: Nuevo
🚚 Disponible para entrega o recogida

🛒 VivaBien — Tu tienda de confianza en República Dominicana",VivaBien,Decoración del Hogar,家居装饰,TRUE,VBDA0C65EF,210.00,10,VBDA0C65EF.jpg,木质挂饰,,家居装饰,Decoración del Hogar,"Shopify,Facebook Marketplace",价格由 AI 从图片识别：RD$ 210，请在审核台确认
brazalete-pulsera-met-lica-con-brillantes-coloridos,Brazalete / pulsera metálica con brillantes coloridos,"Brazalete / pulsera metálica con brillantes coloridos

📦 Características:
• redondo
• Decorado con diamantes de colores
• material metálico

✨ Estado: Nuevo
🚚 Disponible para entrega o recogida

🛒 VivaBien — Tu tienda de confianza en República Dominicana",VivaBien,Belleza y Cuidado Personal,美容个护,TRUE,VBDA27172B,120.00,10,VBDA27172B.jpg,镶钻手镯,,美容个护,Belleza y Cuidado Personal,"Shopify,Facebook Marketplace",价格由 AI 从图片识别：RD$ 120，请在审核台确认
crema-blanqueadora-aclarante-facial-prima-57g,Crema blanqueadora / aclarante facial Prima 57g,"Crema blanqueadora / aclarante facial Prima 57g

📦 Características:
• 57g
• Cuidado de la piel
• Blanqueador

✨ Estado: Nuevo
🚚 Disponible para entrega o recogida

🛒 VivaBien — Tu tienda de confianza en República Dominicana",VivaBien,Belleza y Cuidado Personal,美容个护,TRUE,VBDA4D94E9,105.00,10,VBDA4D94E9.jpg,Prima美白霜,,美容个护,Belleza y Cuidado Personal,"Shopify,Facebook Marketplace",价格由 AI 从图片识别：RD$ 105，请在审核台确认
letrero-wifi-se-al-wifi-aluminio-6x18cm-adhesivo,Letrero WiFi / señal WiFi aluminio 6x18cm adhesivo,"Letrero WiFi / señal WiFi aluminio 6x18cm adhesivo

📦 Características:
• hecho de aluminio
• 6x18cm
• Parte trasera con pega

✨ Estado: Nuevo
🚚 Disponible para entrega o recogida

🛒 VivaBien — Tu tienda de confianza en República Dominicana",VivaBien,Decoración del Hogar,家居装饰,TRUE,VBDA715951,50.00,10,VBDA715951.jpg,WiFi标牌,,家居装饰,Decoración del Hogar,"Shopify,Facebook Marketplace",价格由 AI 从图片识别：RD$ 50，请在审核台确认
perfume-de-pi-a-y-cola-88ml-con-tapa-dorada-tipo-spray,Perfume de piña y cola 88ml con tapa dorada tipo spray,"Perfume de piña y cola 88ml con tapa dorada tipo spray

📦 Características:
• 88ml
• tapa de botella esférica dorada
• Spray aromático

✨ Estado: Nuevo
🚚 Disponible para entrega o recogida

🛒 VivaBien — Tu tienda de confianza en República Dominicana",VivaBien,Belleza y Cuidado Personal,美容个护,TRUE,VBDACAC411,190.00,10,VBDACAC411.jpg,菠萝可乐香氛,,美容个护,Belleza y Cuidado Personal,"Shopify,Facebook Marketplace","⚠️ AI 生图失败，可点「重新生图」重试: HTTPSConnectionPool(host='api.quickrouter.ai', port=443): Read timed out. (read timeout=120)"
batidora-de-mano-mezcladora-el-ctrica-260w-7-velocidades,Batidora de mano / mezcladora eléctrica 260W 7 velocidades,"Batidora de mano / mezcladora eléctrica 260W 7 velocidades

📦 Características:
• 7 niveles de velocidad
• Potencia de 260W
• liviano y fácil de agarrar

✨ Estado: Nuevo
🚚 Disponible para entrega o recogida

🛒 VivaBien — Tu tienda de confianza en República Dominicana",VivaBien,Cocina y Hogar,厨房家居,TRUE,VBDAE9495E,415.00,10,VBDAE9495E.jpg,手持搅拌器,,厨房家居,Cocina y Hogar,"Shopify,Facebook Marketplace",价格由 AI 从图片识别：RD$ 415，请在审核台确认
adaptador-de-enchufe-port-til-blanco-para-uso-pr-ctico-en-vi,Adaptador de enchufe portátil blanco para uso práctico en viajes,"Adaptador de enchufe portátil blanco para uso práctico en viajes

📦 Características:
• Blanco
• Portátil
• Adaptador de enchufe

✨ Estado: Nuevo
🚚 Disponible para entrega o recogida

🛒 VivaBien — Tu tienda de confianza en República Dominicana",VivaBien,Herramientas y Ferretería,工具五金,TRUE,VBDAFEF56C,40.00,10,VBDAFEF56C.jpg,插头转换器,,工具五金,Herramientas y Ferretería,"Shopify,Facebook Marketplace",
brocha-pincel-para-pintar-4-101-6mm-mango-blanco,"Brocha / pincel para pintar 4"" / 101.6mm mango blanco","Brocha / pincel para pintar 4"" / 101.6mm mango blanco

📦 Características:
• 4 pulgadas
• 101.6mm
• Mango blanco

✨ Estado: Nuevo
🚚 Disponible para entrega o recogida

🛒 VivaBien — Tu tienda de confianza en República Dominicana",VivaBien,Herramientas y Ferretería,工具五金,TRUE,VBDB0E60C4,110.00,10,VBDB0E60C4.jpg,油漆刷,,工具五金,Herramientas y Ferretería,"Shopify,Facebook Marketplace",⚠ 价格 0.1 尾数异常（多米尼加价格结尾应为0或5），请人工核对 | 价格由 AI 从图片识别：RD$ 0，请在审核台确认
jab-n-de-mano-espumoso-l-quido-rosado-259ml,Jabón de mano espumoso / líquido rosado 259ml,"Jabón de mano espumoso / líquido rosado 259ml

📦 Características:
• 259ml
• Líquido rosado
• tipo espuma

✨ Estado: Nuevo
🚚 Disponible para entrega o recogida

🛒 VivaBien — Tu tienda de confianza en República Dominicana",VivaBien,Belleza y Cuidado Personal,美容个护,TRUE,VBDB1321A4,255.00,10,VBDB1321A4.jpg,玫瑰泡沫洗手液,,美容个护,Belleza y Cuidado Personal,"Shopify,Facebook Marketplace",价格由 AI 从图片识别：RD$ 255，请在审核台确认
clips-abrazaderas-de-cable-con-clavo-pl-sticas-blancas,Clips / abrazaderas de cable con clavo plásticas blancas,"Clips / abrazaderas de cable con clavo plásticas blancas

📦 Características:
• Blanco
• material plástico
• Con clavos
• Para fijación de cables

✨ Estado: Nuevo
🚚 Disponible para entrega o recogida

🛒 VivaBien — Tu tienda de confianza en República Dominicana",VivaBien,Herramientas y Ferretería,工具五金,TRUE,VBDB60179E,95.00,10,VBDB60179E.jpg,电缆固定夹,,工具五金,Herramientas y Ferretería,"Shopify,Facebook Marketplace",价格由 AI 从图片识别：RD$ 35，请在审核台确认
limpiavidrios-escobillas-paletas-24-flexibles,"Limpiavidrios / escobillas / paletas 24"" flexibles","Limpiavidrios / escobillas / paletas 24"" flexibles

📦 Características:
• 24 pulgadas
• diseño flexible

✨ Estado: Nuevo
🚚 Disponible para entrega o recogida

🛒 VivaBien — Tu tienda de confianza en República Dominicana",VivaBien,Herramientas y Ferretería,工具五金,TRUE,VBDB66655A,140.00,10,VBDB66655A.jpg,雨刷片,,工具五金,Herramientas y Ferretería,"Shopify,Facebook Marketplace",价格由 AI 从图片识别：RD$ 595，请在审核台确认
lubricante-ntimo-gel-de-fresas-30ml-iso-9001,Lubricante íntimo / gel de fresas 30ml ISO 9001,"Lubricante íntimo / gel de fresas 30ml ISO 9001

📦 Características:
• 30ml
• Sabor a fresa
• certificación ISO 9001

✨ Estado: Nuevo
🚚 Disponible para entrega o recogida

🛒 VivaBien — Tu tienda de confianza en República Dominicana",VivaBien,Artículos para Adultos,情趣用品,TRUE,VBDB68D9B6,140.00,10,VBDB68D9B6.jpg,HOT KISS润滑剂,,情趣用品,Artículos para Adultos,"Shopify,Facebook Marketplace",价格由 AI 从图片识别：RD$ 140，请在审核台确认
bandeja-decorativa-coraz-n-charola-met-lica-dorada,Bandeja decorativa corazón / charola metálica dorada,"Bandeja decorativa corazón / charola metálica dorada

📦 Características:
• color dorado
• material metálico
• Forma de corazón
• bandeja decorativa

✨ Estado: Nuevo
🚚 Disponible para entrega o recogida

🛒 VivaBien — Tu tienda de confianza en República Dominicana",VivaBien,Decoración del Hogar,家居装饰,TRUE,VBDBAFA23C,275.00,10,VBDBAFA23C.jpg,心形金属盘,,家居装饰,Decoración del Hogar,"Shopify,Facebook Marketplace",价格由 AI 从图片识别：RD$ 275，请在审核台确认
adaptador-lightning-3-5mm-digital-audio-sin-p-rdida,Adaptador Lightning / 3.5mm digital audio sin pérdida,"Adaptador Lightning / 3.5mm digital audio sin pérdida

📦 Características:
• Lightning a 3.5mm
• Audio digital
• Calidad de sonido sin pérdida

✨ Estado: Nuevo
🚚 Disponible para entrega o recogida

🛒 VivaBien — Tu tienda de confianza en República Dominicana",VivaBien,Electrónicos y Tecnología,电子数码,TRUE,VBDBCEE30A,250.00,10,VBDBCEE30A.jpg,音频转换线,,电子数码,Electrónicos y Tecnología,"Shopify,Facebook Marketplace",价格由 AI 从图片识别：RD$ 250，请在审核台确认
mascarilla-negra-mascarilla-facial-de-frutas-blanqueadora,Mascarilla negra / mascarilla facial de frutas blanqueadora,"Mascarilla negra / mascarilla facial de frutas blanqueadora

📦 Características:
• Blanqueador
• renovación de piel
• Sabor a frutas

✨ Estado: Nuevo
🚚 Disponible para entrega o recogida

🛒 VivaBien — Tu tienda de confianza en República Dominicana",VivaBien,Belleza y Cuidado Personal,美容个护,TRUE,VBDBDF4B18,230.00,10,VBDBDF4B18.jpg,黑面膜,,美容个护,Belleza y Cuidado Personal,"Shopify,Facebook Marketplace",价格由 AI 从图片识别：RD$ 230，请在审核台确认
florero-jarr-n-blanco-cer-mico-dise-o-calado-38cm,Florero / jarrón blanco cerámico diseño calado 38cm,"Florero / jarrón blanco cerámico diseño calado 38cm

📦 Características:
• Blanco
• Cerámica
• diseño calado

✨ Estado: Nuevo
🚚 Disponible para entrega o recogida

🛒 VivaBien — Tu tienda de confianza en República Dominicana",VivaBien,Decoración del Hogar,家居装饰,TRUE,VBDBF1E46E,1995.00,10,VBDBF1E46E.jpg,38cm 1995,,家居装饰,Decoración del Hogar,"Shopify,Facebook Marketplace",
regulador-de-gas-azul-v-lvula-para-estufa-tanque-propano,Regulador de gas azul / válvula para estufa / tanque propano,"Regulador de gas azul / válvula para estufa / tanque propano

📦 Características:
• Azul
• Para equipos de gas

✨ Estado: Nuevo
🚚 Disponible para entrega o recogida

🛒 VivaBien — Tu tienda de confianza en República Dominicana",VivaBien,Herramientas y Ferretería,工具五金,TRUE,VBDBFED068,195.00,10,VBDBFED068.jpg,燃气调节器,,工具五金,Herramientas y Ferretería,"Shopify,Facebook Marketplace",价格由 AI 从图片识别：RD$ 195，请在审核台确认
adorno-de-oso-met-lico-figura-decorativa-color-rosado,Adorno de oso metálico / figura decorativa color rosado,"Adorno de oso metálico / figura decorativa color rosado

📦 Características:
• material metálico
• color oro rosado

✨ Estado: Nuevo
🚚 Disponible para entrega o recogida

🛒 VivaBien — Tu tienda de confianza en República Dominicana",VivaBien,Decoración del Hogar,家居装饰,TRUE,VBDC2371C7,215.00,10,VBDC2371C7.jpg,金属熊摆件,,家居装饰,Decoración del Hogar,"Shopify,Facebook Marketplace",价格由 AI 从图片识别：RD$ 215，请在审核台确认
control-remoto-de-aire-acondicionado-universal-1-unidad,Control remoto de aire acondicionado universal 1 unidad,"Control remoto de aire acondicionado universal 1 unidad

📦 Características:
• 1 unidad
• Blanco
• Modelo universal
• Con pantalla
• multifuncional

✨ Estado: Nuevo
🚚 Disponible para entrega o recogida

🛒 VivaBien — Tu tienda de confianza en República Dominicana",VivaBien,Electrónicos y Tecnología,电子数码,TRUE,VBDC86CC53,295.00,10,VBDC86CC53.jpg,空调遥控器,,电子数码,Electrónicos y Tecnología,"Shopify,Facebook Marketplace",价格由 AI 从图片识别：RD$ 295，请在审核台确认
portarretrato-marco-de-fotos-madera-4x6-10x15cm,Portarretrato / marco de fotos madera 4x6'' / 10x15cm,"Portarretrato / marco de fotos madera 4x6'' / 10x15cm

📦 Características:
• 4x6 pulgadas
• 10x15cm
• Borde de madera

✨ Estado: Nuevo
🚚 Disponible para entrega o recogida

🛒 VivaBien — Tu tienda de confianza en República Dominicana",VivaBien,Decoración del Hogar,家居装饰,TRUE,VBDD3C2910,95.00,10,VBDD3C2910.jpg,相框装饰,,家居装饰,Decoración del Hogar,"Shopify,Facebook Marketplace",价格由 AI 从图片识别：RD$ 95，请在审核台确认
mosquitero-pabell-n-rosa-con-soporte-para-casa,Mosquitero / pabellón rosa con soporte para casa,"Mosquitero / pabellón rosa con soporte para casa

📦 Características:
• Rosado
• Con soporte
• Uso doméstico

✨ Estado: Nuevo
🚚 Disponible para entrega o recogida

🛒 VivaBien — Tu tienda de confianza en República Dominicana",VivaBien,Decoración del Hogar,家居装饰,TRUE,VBDE17809B,595.00,10,VBDE17809B.jpg,蚊帐,,家居装饰,Decoración del Hogar,"Shopify,Facebook Marketplace",价格由 AI 从图片识别：RD$ 595，请在审核台确认
cafetera-el-ctrica-r-pida-650w-900ml-garant-a-12-meses,Cafetera eléctrica rápida 650W / 900ml / garantía 12 meses,"Cafetera eléctrica rápida 650W / 900ml / garantía 12 meses

📦 Características:
• 650W
• 900ml
• 12 meses de garantía
• multifuncional
• Preparación rápida

✨ Estado: Nuevo
🚚 Disponible para entrega o recogida

🛒 VivaBien — Tu tienda de confianza en República Dominicana",VivaBien,Cocina y Hogar,厨房家居,TRUE,VBDE4DBD1A,1520.00,10,VBDE4DBD1A.jpg,咖啡机,,厨房家居,Cocina y Hogar,"Shopify,Facebook Marketplace",价格由 AI 从图片识别：RD$ 1520，请在审核台确认
lima-el-ctrica-pedicura-removedor-callos-pies,Lima eléctrica / pedicura / removedor callos pies,"Lima eléctrica / pedicura / removedor callos pies

📦 Características:
• Acabado mate negro
• Mango rosado
• Para cuidado de los pies

✨ Estado: Nuevo
🚚 Disponible para entrega o recogida

🛒 VivaBien — Tu tienda de confianza en República Dominicana",VivaBien,Belleza y Cuidado Personal,美容个护,TRUE,VBDE50E9C9,130.00,10,VBDE50E9C9.jpg,脚部磨砂器,,美容个护,Belleza y Cuidado Personal,"Shopify,Facebook Marketplace",价格由 AI 从图片识别：RD$ 130，请在审核台确认
set-destornilladores-desarmadores-port-til-con-llavero,Set destornilladores / desarmadores portátil con llavero,"Set destornilladores / desarmadores portátil con llavero

📦 Características:
• varios cabezales de destornillador
• Diseño práctico
• Incluye llavero

✨ Estado: Nuevo
🚚 Disponible para entrega o recogida

🛒 VivaBien — Tu tienda de confianza en República Dominicana",VivaBien,Herramientas y Ferretería,工具五金,TRUE,VBDE581E12,270.00,10,VBDE581E12.jpg,多功能螺丝刀套装,,工具五金,Herramientas y Ferretería,"Shopify,Facebook Marketplace",价格由 AI 从图片识别：RD$ 270，请在审核台确认
aud-fonos-inal-mbricos-bluetooth-negros-16h-oreja,Audífonos inalámbricos / Bluetooth negros 16h oreja,"Audífonos inalámbricos / Bluetooth negros 16h oreja

📦 Características:
• 16 horas de duración
• Llamadas en alta definición
• Versión inalámbrica 6.0
• Negro
• Diseño de gancho para orejas

✨ Estado: Nuevo
🚚 Disponible para entrega o recogida

🛒 VivaBien — Tu tienda de confianza en República Dominicana",VivaBien,Electrónicos y Tecnología,电子数码,TRUE,VBDE90C57A,670.00,10,VBDE90C57A.jpg,无线耳机,,电子数码,Electrónicos y Tecnología,"Shopify,Facebook Marketplace",价格由 AI 从图片识别：RD$ 670，请在审核台确认
candado-candao-antirrobo-40mm-resistente-y-anticorrosi-n,Candado / candao antirrobo 40MM resistente y anticorrosión,"Candado / candao antirrobo 40MM resistente y anticorrosión

📦 Características:
• 40MM
• Antióxido
• Antirrobo
• Para uso pesado

✨ Estado: Nuevo
🚚 Disponible para entrega o recogida

🛒 VivaBien — Tu tienda de confianza en República Dominicana",VivaBien,Herramientas y Ferretería,工具五金,TRUE,VBDF644D6D,110.00,10,VBDF644D6D.jpg,防盗挂锁,,工具五金,Herramientas y Ferretería,"Shopify,Facebook Marketplace",价格由 AI 从图片识别：RD$ 110，请在审核台确认
portarretrato-marco-de-fotos-madera-10x15cm,Portarretrato / marco de fotos madera 10x15cm,"Portarretrato / marco de fotos madera 10x15cm

📦 Características:
• Tamaño 10x15cm
• Material de madera

✨ Estado: Nuevo
🚚 Disponible para entrega o recogida

🛒 VivaBien — Tu tienda de confianza en República Dominicana",VivaBien,Decoración del Hogar,家居装饰,TRUE,VBDF6C7570,120.00,10,VBDF6C7570.jpg,木质相框,,家居装饰,Decoración del Hogar,"Shopify,Facebook Marketplace",价格由 AI 从图片识别：RD$ 120，请在审核台确认
talco-para-pies-polvo-antimic-tico-85g-antibacterial,Talco para pies / polvo antimicótico 85g antibacterial,"Talco para pies / polvo antimicótico 85g antibacterial

📦 Características:
• 85g
• Antibacterial
• Antifúngico
• uso externo

✨ Estado: Nuevo
🚚 Disponible para entrega o recogida

🛒 VivaBien — Tu tienda de confianza en República Dominicana",VivaBien,Belleza y Cuidado Personal,美容个护,TRUE,VBDF8304A1,255.00,10,VBDF8304A1.jpg,抗菌足部粉,,美容个护,Belleza y Cuidado Personal,"Shopify,Facebook Marketplace",价格由 AI 从图片识别：RD$ 255，请在审核台确认
aro-de-luz-rgb-con-soporte-anillo-led-multicolor,Aro de luz RGB con soporte / anillo LED multicolor,"Aro de luz RGB con soporte / anillo LED multicolor

📦 Características:
• iluminación RGB
• varias temperaturas de color
• Límite extremo nocturno
• luz de relleno
• Con soporte

✨ Estado: Nuevo
🚚 Disponible para entrega o recogida

🛒 VivaBien — Tu tienda de confianza en República Dominicana",VivaBien,Electrónicos y Tecnología,电子数码,TRUE,VBDF9ABF96,1645.00,10,VBDF9ABF96.jpg,RGB环形灯,,电子数码,Electrónicos y Tecnología,"Shopify,Facebook Marketplace",⚠ 价格疑似识别有误（568.0），已自动修正为 RD$ 5680 | 价格由 AI 从图片识别：RD$ 5680，请在审核台确认 | 价格经二次OCR修正：568 → RD$ 565
bocina-bluetooth-parlante-port-til-con-fm-usb-y-tf,"Bocina Bluetooth / parlante portátil con FM, USB y TF","Bocina Bluetooth / parlante portátil con FM, USB y TF

📦 Características:
• puerto USB
• soporte para tarjeta TF
• Función Bluetooth
• Radio FM
• Diseño práctico

✨ Estado: Nuevo
🚚 Disponible para entrega o recogida

🛒 VivaBien — Tu tienda de confianza en República Dominicana",VivaBien,Electrónicos y Tecnología,电子数码,TRUE,VBE008192B,715.00,10,VBE008192B.jpg,蓝牙音箱,,电子数码,Electrónicos y Tecnología,"Shopify,Facebook Marketplace",价格由 AI 从图片识别：RD$ 715，请在审核台确认
florero-l-mpara-de-cristal-decorativo,Florero / lámpara de cristal decorativo,"Florero / jarrón de vidrio 193mm x 86mm

📦 Características:
• 193mm
• 86mm
• material de vidrio

✨ Estado: Nuevo
🚚 Disponible para entrega o recogida

🛒 VivaBien — Tu tienda de confianza en República Dominicana",VivaBien,Decoración del Hogar,家居装饰,TRUE,VBE00D6C06,475.00,10,VBE00D6C06.jpg,玻璃花瓶灯,,家居装饰,Decoración del Hogar,"Shopify,Facebook Marketplace",价格由 AI 从图片识别：RD$ 475，请在审核台确认 | 价格经二次OCR修正：475 → RD$ 175
mascarilla-facial-col-geno-23ml-para-todo-tipo-de-piel,Mascarilla facial colágeno 23ml para todo tipo de piel,"Mascarilla facial colágeno 23ml para todo tipo de piel

📦 Características:
• 23ml
• apto para todo tipo de piel

✨ Estado: Nuevo
🚚 Disponible para entrega o recogida

🛒 VivaBien — Tu tienda de confianza en República Dominicana",VivaBien,Belleza y Cuidado Personal,美容个护,TRUE,VBE0750AE0,45.00,10,VBE0750AE0.jpg,胶原蛋白面膜,,美容个护,Belleza y Cuidado Personal,"Shopify,Facebook Marketplace",价格由 AI 从图片识别：RD$ 45，请在审核台确认
letrero-amarillo-se-al-de-piso-mojado-aviso-pl-stico,Letrero amarillo / señal de piso mojado / aviso plástico,"Letrero amarillo / señal de piso mojado / aviso plástico

📦 Características:
• Amarillo
• material plástico
• Advertencia bilingüe
• Plegable

✨ Estado: Nuevo
🚚 Disponible para entrega o recogida

🛒 VivaBien — Tu tienda de confianza en República Dominicana",VivaBien,Herramientas y Ferretería,工具五金,TRUE,VBE0D3CF30,370.00,10,VBE0D3CF30.jpg,防滑警示牌,,工具五金,Herramientas y Ferretería,"Shopify,Facebook Marketplace",
b-scula-de-cocina-pesa-alimentos-1kg-con-funci-n-tara,Báscula de cocina / pesa alimentos 1kg con función tara,"Báscula de cocina / pesa alimentos 1kg con función tara

📦 Características:
• Máximo 1KG
• 11.7x11.7x15.3cm
• Estructura de resorte
• Función de pelado

✨ Estado: Nuevo
🚚 Disponible para entrega o recogida

🛒 VivaBien — Tu tienda de confianza en República Dominicana",VivaBien,Cocina y Hogar,厨房家居,TRUE,VBE0FC267F,190.00,10,VBE0FC267F.jpg,厨房秤,,厨房家居,Cocina y Hogar,"Shopify,Facebook Marketplace",价格由 AI 从图片识别：RD$ 190，请在审核台确认 | 价格经二次OCR修正：190 → RD$ 1200
gel-de-s-bila-aloe-vera-hidratante-99-natural,Gel de sábila / aloe vera hidratante 99% natural,"Gel de sábila / aloe vera hidratante 99% natural

📦 Características:
• 99% aloe vera
• Hidratante
• Cuerpo de botella verde transparente

✨ Estado: Nuevo
🚚 Disponible para entrega o recogida

🛒 VivaBien — Tu tienda de confianza en República Dominicana",VivaBien,Belleza y Cuidado Personal,美容个护,TRUE,VBE1A34786,95.00,10,VBE1A34786.jpg,芦荟凝胶,,美容个护,Belleza y Cuidado Personal,"Shopify,Facebook Marketplace",价格由 AI 从图片识别：RD$ 95，请在审核台确认
calabaza-decorativa-dorada-adorno-cer-mico,Calabaza decorativa dorada / adorno cerámico,"Calabaza decorativa dorada / adorno cerámico

📦 Características:
• color dorado
• Material cerámico
• Adorno

✨ Estado: Nuevo
🚚 Disponible para entrega o recogida

🛒 VivaBien — Tu tienda de confianza en República Dominicana",VivaBien,Decoración del Hogar,家居装饰,TRUE,VBE1A7D0B7,160.00,10,VBE1A7D0B7.jpg,金色南瓜摆件,,家居装饰,Decoración del Hogar,"Shopify,Facebook Marketplace",价格由 AI 从图片识别：RD$ 480，请在审核台确认
bridas-de-nailon-blancas-de-40-cm-100-unidades,"Bridas de nailon blancas de 40 cm, 100 unidades
","Tirrap / abrazadera nylon blanca multi tamaños

📦 Características:
• Blanco
• varios tamaños disponibles
• Material de nylon

✨ Estado: Nuevo
🚚 Disponible para entrega o recogida

🛒 VivaBien — Tu tienda de confianza en República Dominicana",VivaBien,Herramientas y Ferretería,工具五金,TRUE,VBE1AB6C35,130.00,10,VBE1AB6C35.jpg,尼龙扎带,,工具五金,Herramientas y Ferretería,"Shopify,Facebook Marketplace",价格由 AI 从图片识别：RD$ 130，请在审核台确认
aceite-esencial-arom-tico-de-rosa-10ml,Aceite esencial / aromático de rosa 10ml,"Aceite esencial / aromático de rosa 10ml

📦 Características:
• 10ml
• fragancia de rosas

✨ Estado: Nuevo
🚚 Disponible para entrega o recogida

🛒 VivaBien — Tu tienda de confianza en República Dominicana",VivaBien,Belleza y Cuidado Personal,美容个护,TRUE,VBE1DA3F73,95.00,10,VBE1DA3F73.jpg,玫瑰香薰油,,美容个护,Belleza y Cuidado Personal,"Shopify,Facebook Marketplace",价格由 AI 从图片识别：RD$ 95，请在审核台确认
pulidor-de-u-as-el-ctrico-torno-para-u-as-recargable,Pulidor de uñas eléctrico / torno para uñas recargable,"Pulidora eléctrica azul / esmeriladora 1 unidad

📦 Características:
• un set
• Azul
• Eléctrico

✨ Estado: Nuevo
🚚 Disponible para entrega o recogida

🛒 VivaBien — Tu tienda de confianza en República Dominicana",VivaBien,Belleza y Cuidado Personal,美容个护,TRUE,VBE202B6F2,2590.00,10,VBE202B6F2.jpg,美甲打磨机,,美容个护,Belleza y Cuidado Personal,"Shopify,Facebook Marketplace",价格由 AI 从图片识别：RD$ 250，请在审核台确认 | 价格经二次OCR修正：250 → RD$ 2500
cable-de-carga-r-pida-type-c-a-lightning-100cm-27w-met-lico,Cable de carga rápida Type-C a Lightning 100cm 27W metálico,"Cable de carga rápida Type-C a Lightning 100cm 27W metálico

📦 Características:
• 100cm
• 27W
• tejido metálico
• Carga rápida

✨ Estado: Nuevo
🚚 Disponible para entrega o recogida

🛒 VivaBien — Tu tienda de confianza en República Dominicana",VivaBien,Electrónicos y Tecnología,电子数码,TRUE,VBE2295717,235.00,10,VBE2295717.jpg,Type-C转Lightning数据线,,电子数码,Electrónicos y Tecnología,"Shopify,Facebook Marketplace",价格由 AI 从图片识别：RD$ 235，请在审核台确认
espejo-adhesivo-pegatina-hexagonal-1-pieza,Espejo adhesivo / pegatina hexagonal 1 pieza,"Espejo adhesivo / pegatina hexagonal 1 pieza

📦 Características:
• 1 hoja
• Hexagonal
• pegatina de espejo

✨ Estado: Nuevo
🚚 Disponible para entrega o recogida

🛒 VivaBien — Tu tienda de confianza en República Dominicana",VivaBien,Decoración del Hogar,家居装饰,TRUE,VBE248DF78,55.00,10,VBE248DF78.jpg,六边形镜贴,,家居装饰,Decoración del Hogar,"Shopify,Facebook Marketplace",价格由 AI 从图片识别：RD$ 55，请在审核台确认
candado-tranca-con-llave-32mm-resistente,Candado / tranca con llave 32mm resistente,"Candado / tranca con llave 32mm resistente

📦 Características:
• Tamaño: 32mm
• Con llave

✨ Estado: Nuevo
🚚 Disponible para entrega o recogida

🛒 VivaBien — Tu tienda de confianza en República Dominicana",VivaBien,Herramientas y Ferretería,工具五金,TRUE,VBE2A1CD04,80.00,10,VBE2A1CD04.jpg,高质量挂锁,,工具五金,Herramientas y Ferretería,"Shopify,Facebook Marketplace",价格由 AI 从图片识别：RD$ 80，请在审核台确认
regleta-extensi-n-redonda-multiusos-verde-4-salidas,Regleta / extensión redonda multiusos verde 4 salidas,"Regleta / extensión redonda multiusos verde 4 salidas

📦 Características:
• Empaque verde
• diseño redondo
• múltiples puertos

✨ Estado: Nuevo
🚚 Disponible para entrega o recogida

🛒 VivaBien — Tu tienda de confianza en República Dominicana",VivaBien,Electrónicos y Tecnología,电子数码,TRUE,VBE33AC765,395.00,10,VBE33AC765.jpg,多功能插座,,电子数码,Electrónicos y Tecnología,"Shopify,Facebook Marketplace",
control-remoto-universal-lg-sony-samsung-sin-configuraci-n,Control remoto universal LG/Sony/Samsung sin configuración,"Control remoto universal LG/Sony/Samsung sin configuración

📦 Características:
• compatible con LG/Sony/Samsung
• Sin necesidad de configuración
• modelo RM-014S++

✨ Estado: Nuevo
🚚 Disponible para entrega o recogida

🛒 VivaBien — Tu tienda de confianza en República Dominicana",VivaBien,Electrónicos y Tecnología,电子数码,TRUE,VBE3CC42C4,180.00,10,VBE3CC42C4.jpg,通用电视遥控器,,电子数码,Electrónicos y Tecnología,"Shopify,Facebook Marketplace",价格由 AI 从图片识别：RD$ 180，请在审核台确认
filtro-de-agua-para-llave-grifo-360-antisalpicaduras,Filtro de agua para llave / grifo 360° antisalpicaduras,"Filtro de agua para llave / grifo 360° antisalpicaduras

📦 Características:
• Rotación de 360 grados
• Diseño resistente a salpicaduras
• Blanco y metálico

✨ Estado: Nuevo
🚚 Disponible para entrega o recogida

🛒 VivaBien — Tu tienda de confianza en República Dominicana",VivaBien,Herramientas y Ferretería,工具五金,TRUE,VBE3E31301,205.00,10,VBE3E31301.jpg,水龙头过滤器,,工具五金,Herramientas y Ferretería,"Shopify,Facebook Marketplace",价格由 AI 从图片识别：RD$ 205，请在审核台确认
cortador-de-cejas-el-ctrico-blanco,Cortador de cejas eléctrico blanco,"Cortador de cejas eléctrico blanco

📦 Características:
• Eléctrico
• Blanco
• Función para cejas

✨ Estado: Nuevo
🚚 Disponible para entrega o recogida

🛒 VivaBien — Tu tienda de confianza en República Dominicana",VivaBien,Belleza y Cuidado Personal,美容个护,TRUE,VBE3FAC5E7,350.00,10,VBE3FAC5E7.jpg,电动修眉器,,美容个护,Belleza y Cuidado Personal,"Shopify,Facebook Marketplace",价格由 AI 从图片识别：RD$ 350，请在审核台确认
set-de-polvo-de-cejas-multicolor-con-herramientas,Set de polvo de cejas multicolor con herramientas,"Set de polvo de cejas multicolor con herramientas

📦 Características:
• polvo para cejas multicolor
• Incluye herramientas de maquillaje

✨ Estado: Nuevo
🚚 Disponible para entrega o recogida

🛒 VivaBien — Tu tienda de confianza en República Dominicana",VivaBien,Belleza y Cuidado Personal,美容个护,TRUE,VBE3FF17FA,220.00,10,VBE3FF17FA.jpg,眉妆调色盘套装,,美容个护,Belleza y Cuidado Personal,"Shopify,Facebook Marketplace","品名由豆包识图生成 conf=0.80，卖点:['多色眉粉', '含化妆工具']"
u-as-postizas-moradas-u-as-acr-licas-con-brillo,Uñas postizas moradas / uñas acrílicas con brillo,"Uñas postizas moradas / uñas acrílicas con brillo

📦 Características:
• Morado
• Brillantina
• Uñas postizas

✨ Estado: Nuevo
🚚 Disponible para entrega o recogida

🛒 VivaBien — Tu tienda de confianza en República Dominicana",VivaBien,Belleza y Cuidado Personal,美容个护,TRUE,VBE46EA241,75.00,10,VBE46EA241.jpg,紫色亮片美甲,,美容个护,Belleza y Cuidado Personal,"Shopify,Facebook Marketplace",价格由 AI 从图片识别：RD$ 75，请在审核台确认
cargador-de-bater-as-aa-aaa-9v-nicd-y-nimh,Cargador de baterías AA / AAA / 9V NiCd y NiMH,"Cargador de baterías AA / AAA / 9V NiCd y NiMH

📦 Características:
• compatible con baterías AA/AAA/9V
• Compatible con baterías NiCd y NiMH

✨ Estado: Nuevo
🚚 Disponible para entrega o recogida

🛒 VivaBien — Tu tienda de confianza en República Dominicana",VivaBien,Electrónicos y Tecnología,电子数码,TRUE,VBE4922967,280.00,10,VBE4922967.jpg,电池充电器,,电子数码,Electrónicos y Tecnología,"Shopify,Facebook Marketplace",价格由 AI 从图片识别：RD$ 280，请在审核台确认
base-de-bombillo-blanca-de-cer-mica-con-dise-o-de-rosca,Base de bombillo blanca de cerámica con diseño de rosca,"Base de bombillo blanca de cerámica con diseño de rosca

📦 Características:
• Blanco
• diseño de rosca
• Material cerámico

✨ Estado: Nuevo
🚚 Disponible para entrega o recogida

🛒 VivaBien — Tu tienda de confianza en República Dominicana",VivaBien,Herramientas y Ferretería,工具五金,TRUE,VBE4A19D1C,35.00,10,VBE4A19D1C.jpg,灯座底座,,工具五金,Herramientas y Ferretería,"Shopify,Facebook Marketplace",
masajeador-vibrador-12-frecuencias-color-rosado,Masajeador vibrador 12 frecuencias color rosado,"Masajeador vibrador 12 frecuencias color rosado

📦 Características:
• 12 frecuencias
• Rosado

✨ Estado: Nuevo
🚚 Disponible para entrega o recogida

🛒 VivaBien — Tu tienda de confianza en República Dominicana",VivaBien,Belleza y Cuidado Personal,美容个护,TRUE,VBE4AF8526,190.00,10,VBE4AF8526.jpg,震动按摩器,,美容个护,Belleza y Cuidado Personal,"Shopify,Facebook Marketplace",价格由 AI 从图片识别：RD$ 190，请在审核台确认
calentador-de-cera-derretidor-con-tapa-y-envase-aluminio,Calentador de cera / derretidor con tapa y envase aluminio,"Calentador de cera / derretidor con tapa y envase aluminio

📦 Características:
• Con tapa transparente
• Recipiente de aluminio adicional
• Para todo tipo de ceras

✨ Estado: Nuevo
🚚 Disponible para entrega o recogida

🛒 VivaBien — Tu tienda de confianza en República Dominicana",VivaBien,Belleza y Cuidado Personal,美容个护,TRUE,VBE4B18470,340.00,10,VBE4B18470.jpg,蜡加热器,,美容个护,Belleza y Cuidado Personal,"Shopify,Facebook Marketplace",价格由 AI 从图片识别：RD$ 375，请在审核台确认
toallitas-h-medas-pa-itos-faciales-aloe-vera-25-unidades,Toallitas húmedas / pañitos faciales aloe vera 25 unidades,"Toallitas húmedas / pañitos faciales aloe vera 25 unidades

📦 Características:
• Paquete de 25 piezas
• Con aloe vera
• limpieza y desmaquillado

✨ Estado: Nuevo
🚚 Disponible para entrega o recogida

🛒 VivaBien — Tu tienda de confianza en República Dominicana",VivaBien,Belleza y Cuidado Personal,美容个护,TRUE,VBE4DAF599,50.00,10,VBE4DAF599.jpg,洁面湿巾,,美容个护,Belleza y Cuidado Personal,"Shopify,Facebook Marketplace",价格由 AI 从图片识别：RD$ 50，请在审核台确认
base-mineral-mate-4-tonos-pa-acabado-natural,Base mineral mate 4 tonos pa acabado natural,"Base mineral mate 4 tonos pa acabado natural

📦 Características:
• 4 colores
• mate

✨ Estado: Nuevo
🚚 Disponible para entrega o recogida

🛒 VivaBien — Tu tienda de confianza en República Dominicana",VivaBien,Belleza y Cuidado Personal,美容个护,TRUE,VBE5057992,145.00,10,VBE5057992.jpg,哑光矿物粉底,,美容个护,Belleza y Cuidado Personal,"Shopify,Facebook Marketplace","品名由豆包识图生成 conf=0.80，卖点:['4色', '哑光']"
l-mpara-recargable-usb-linterna-con-luz-led-cob,Lámpara recargable USB / linterna con luz LED COB,"Lámpara recargable USB / linterna con luz LED COB

📦 Características:
• carga USB
• Indicador de batería
• 10° luz COB

✨ Estado: Nuevo
🚚 Disponible para entrega o recogida

🛒 VivaBien — Tu tienda de confianza en República Dominicana",VivaBien,Herramientas y Ferretería,工具五金,TRUE,VBE50F8938,255.00,10,VBE50F8938.jpg,多功能手电,,工具五金,Herramientas y Ferretería,"Shopify,Facebook Marketplace",价格由 AI 从图片识别：RD$ 3，请在审核台确认
candado-cable-de-acero-candado-de-seguridad-azul-llave,Candado cable de acero / candado de seguridad azul llave,"Candado cable de acero / candado de seguridad azul llave

📦 Características:
• Azul
• Con llave
• Alta calidad

✨ Estado: Nuevo
🚚 Disponible para entrega o recogida

🛒 VivaBien — Tu tienda de confianza en República Dominicana",VivaBien,Herramientas y Ferretería,工具五金,TRUE,VBE53D7E8B,210.00,10,VBE53D7E8B.jpg,钢缆锁,,工具五金,Herramientas y Ferretería,"Shopify,Facebook Marketplace",价格由 AI 从图片识别：RD$ 210，请在审核台确认
humidificador-l-mpara-nocturna-mini-1-unidad,Humidificador / lámpara nocturna mini 1 unidad,"Humidificador / lámpara nocturna mini 1 unidad

📦 Características:
• 1 unidad
• mini lámpara nocturna
• Forma de bombilla transparente
• Función de humidificación

✨ Estado: Nuevo
🚚 Disponible para entrega o recogida

🛒 VivaBien — Tu tienda de confianza en República Dominicana",VivaBien,Decoración del Hogar,家居装饰,TRUE,VBE57E6B33,265.00,10,VBE57E6B33.jpg,灯泡加湿器,,家居装饰,Decoración del Hogar,"Shopify,Facebook Marketplace",价格由 AI 从图片识别：RD$ 265，请在审核台确认
mascarilla-facial-hidratante-de-s-bila-aloe-vera,Mascarilla facial hidratante de sábila / aloe vera,"Mascarilla facial hidratante de sábila / aloe vera

📦 Características:
• Hidratación con aloe vera
• Mascarilla

✨ Estado: Nuevo
🚚 Disponible para entrega o recogida

🛒 VivaBien — Tu tienda de confianza en República Dominicana",VivaBien,Belleza y Cuidado Personal,美容个护,TRUE,VBE58DCAE0,45.00,10,VBE58DCAE0.jpg,芦荟面膜,,美容个护,Belleza y Cuidado Personal,"Shopify,Facebook Marketplace",价格由 AI 从图片识别：RD$ 45，请在审核台确认
greca-cafetera-de-acero-inoxidable-12-tazas,Greca / cafetera de acero inoxidable 12 tazas,"Greca / cafetera de acero inoxidable 12 tazas

📦 Características:
• 12 tazas
• acero inoxidable

✨ Estado: Nuevo
🚚 Disponible para entrega o recogida

🛒 VivaBien — Tu tienda de confianza en República Dominicana",VivaBien,Cocina y Hogar,厨房家居,TRUE,VBE5F865BD,940.00,10,VBE5F865BD.jpg,不锈钢咖啡壶,,厨房家居,Cocina y Hogar,"Shopify,Facebook Marketplace",价格由 AI 从图片识别：RD$ 940，请在审核台确认
kit-reparaci-n-inodoro-tanque-retrete-pl-stico-blanco,Kit reparación inodoro / tanque / retrete plástico blanco,"Kit reparación inodoro / tanque / retrete plástico blanco

📦 Características:
• Blanco
• Azul
• material plástico
• Para reparación de inodoros

✨ Estado: Nuevo
🚚 Disponible para entrega o recogida

🛒 VivaBien — Tu tienda de confianza en República Dominicana",VivaBien,Baño y Sanitarios,浴室卫浴,TRUE,VBE6F3A6E8,270.00,10,VBE6F3A6E8.jpg,马桶配件套装,,浴室卫浴,Baño y Sanitarios,"Shopify,Facebook Marketplace",价格由 AI 从图片识别：RD$ 270，请在审核台确认
cargador-adaptador-usb-5w-cable-lightning,Cargador / adaptador USB 5W + cable Lightning,"Cargador / adaptador USB 5W + cable Lightning

📦 Características:
• 5W
• puerto USB
• cable Lightning

✨ Estado: Nuevo
🚚 Disponible para entrega o recogida

🛒 VivaBien — Tu tienda de confianza en República Dominicana",VivaBien,Electrónicos y Tecnología,电子数码,TRUE,VBE72DB1F7,170.00,10,VBE72DB1F7.jpg,充电器套装,,电子数码,Electrónicos y Tecnología,"Shopify,Facebook Marketplace",价格由 AI 从图片识别：RD$ 170，请在审核台确认
difusor-de-aromas-aromatizador-el-ctrico,Difusor de aromas / aromatizador eléctrico,"Difusor de aroma / frasco aromático 50ml con palitos y flores

📦 Características:
• 50ml
• Decoración en forma de flor
• Varilla de aromaterapia

✨ Estado: Nuevo
🚚 Disponible para entrega o recogida

🛒 VivaBien — Tu tienda de confianza en República Dominicana",VivaBien,Decoración del Hogar,家居装饰,TRUE,VBE756C856,225.00,10,VBE756C856.jpg,香薰,,家居装饰,Decoración del Hogar,"Shopify,Facebook Marketplace",价格由 AI 从图片识别：RD$ 225，请在审核台确认 | 价格经二次OCR修正：225 → RD$ 220
juego-de-llaves-allen-hexagonales-cr-v-9-piezas,Juego de llaves Allen / hexagonales CR-V 9 piezas,"Juego de llaves Allen / hexagonales CR-V 9 piezas

📦 Características:
• Juego de 9 piezas
• Material CR-V
• Hexágono interno en forma de estrella

✨ Estado: Nuevo
🚚 Disponible para entrega o recogida

🛒 VivaBien — Tu tienda de confianza en República Dominicana",VivaBien,Herramientas y Ferretería,工具五金,TRUE,VBE788FC17,170.00,10,VBE788FC17.jpg,内六角扳手套装,,工具五金,Herramientas y Ferretería,"Shopify,Facebook Marketplace",价格由 AI 从图片识别：RD$ 170，请在审核台确认
cinta-antideslizante-pega-antirresbalante-15x60cm-negra,Cinta antideslizante / pega antirresbalante 15x60cm negra,"Cinta antideslizante / pega antirresbalante 15x60cm negra

📦 Características:
• 15CM x 60CM
• Antideslizante
• Negro

✨ Estado: Nuevo
🚚 Disponible para entrega o recogida

🛒 VivaBien — Tu tienda de confianza en República Dominicana",VivaBien,Herramientas y Ferretería,工具五金,TRUE,VBE7913DB5,125.00,10,VBE7913DB5.jpg,防滑胶带,,工具五金,Herramientas y Ferretería,"Shopify,Facebook Marketplace",价格由 AI 从图片识别：RD$ 125，请在审核台确认
adorno-coraz-n-plateado-decoraci-n-met-lica,Adorno corazón plateado / decoración metálica,"Adorno corazón plateado / decoración metálica

📦 Características:
• color plateado
• material metálico

✨ Estado: Nuevo
🚚 Disponible para entrega o recogida

🛒 VivaBien — Tu tienda de confianza en República Dominicana",VivaBien,Decoración del Hogar,家居装饰,TRUE,VBE7A4DF37,160.00,10,VBE7A4DF37.jpg,银色心形摆件,,家居装饰,Decoración del Hogar,"Shopify,Facebook Marketplace",价格由 AI 从图片识别：RD$ 160，请在审核台确认
perfume-en-spray-80ml-con-tapa-met-lica-y-botella-azul-elega,Perfume en spray 80ml con tapa metálica y botella azul elegante,"Perfume en spray 80ml con tapa metálica y botella azul elegante

📦 Características:
• 80ml
• Spray aromático
• Cuerpo de botella azul
• tapa de botella con textura metálica

✨ Estado: Nuevo
🚚 Disponible para entrega o recogida

🛒 VivaBien — Tu tienda de confianza en República Dominicana",VivaBien,Belleza y Cuidado Personal,美容个护,TRUE,VBE8142818,160.00,10,VBE8142818.jpg,蓝色香氛喷雾,,美容个护,Belleza y Cuidado Personal,"Shopify,Facebook Marketplace",
crema-para-talones-secos-agrietados-natural-r-pida,Crema para talones secos / agrietados natural rápida,"Crema para talones secos / agrietados natural rápida

📦 Características:
• Repara talones agrietados
• Ingredientes naturales
• Resultados en dos semanas

✨ Estado: Nuevo
🚚 Disponible para entrega o recogida

🛒 VivaBien — Tu tienda de confianza en República Dominicana",VivaBien,Belleza y Cuidado Personal,美容个护,TRUE,VBE847F44A,95.00,10,VBE847F44A.jpg,足跟修复膏,,美容个护,Belleza y Cuidado Personal,"Shopify,Facebook Marketplace",价格由 AI 从图片识别：RD$ 95，请在审核台确认
soldador-el-ctrico-caut-n-100w-con-mango-de-madera,Soldador eléctrico / cautín 100W con mango de madera.,"Soldador eléctrico / cautín 100W con mango de madera.

📦 Características:
• Manija de madera
• 100W potencia
• Enchufe eléctrico

✨ Estado: Nuevo
🚚 Disponible para entrega o recogida

🛒 VivaBien — Tu tienda de confianza en República Dominicana",VivaBien,Herramientas y Ferretería,工具五金,TRUE,VBE86A072D,230.00,10,VBE86A072D.jpg,电烙铁,,工具五金,Herramientas y Ferretería,"Shopify,Facebook Marketplace",价格由 AI 从图片识别：RD$ 230，请在审核台确认
bomba-manual-para-agua-de-botell-n-gal-n,Bomba manual para agua de botellón / galón,"Bomba manual para agua de botellón / galón

📦 Características:
• Para agua embotellada
• Diseño de bomba de vacío
• Fácil de usar

✨ Estado: Nuevo
🚚 Disponible para entrega o recogida

🛒 VivaBien — Tu tienda de confianza en República Dominicana",VivaBien,Cocina y Hogar,厨房家居,TRUE,VBE89A8EC7,125.00,10,VBE89A8EC7.jpg,手动饮水泵,,厨房家居,Cocina y Hogar,"Shopify,Facebook Marketplace",价格由 AI 从图片识别：RD$ 125，请在审核台确认
aud-fonos-inal-mbricos-bluetooth-negros-con-caja-y-led,Audífonos inalámbricos / Bluetooth negros con caja y LED,"Audífonos inalámbricos / Bluetooth negros con caja y LED

📦 Características:
• un set
• Negro
• Verdaderamente inalámbrico
• Con caja de carga
• pantalla LED

✨ Estado: Nuevo
🚚 Disponible para entrega o recogida

🛒 VivaBien — Tu tienda de confianza en República Dominicana",VivaBien,Electrónicos y Tecnología,电子数码,TRUE,VBE8DA1EEA,630.00,10,VBE8DA1EEA.jpg,无线耳机,,电子数码,Electrónicos y Tecnología,"Shopify,Facebook Marketplace",价格由 AI 从图片识别：RD$ 630，请在审核台确认 | 价格经二次OCR修正：630 → RD$ 30
crema-blanqueadora-500ml-con-aceite-de-zanahoria,Crema blanqueadora 500ml con aceite de zanahoria,"Crema blanqueadora 500ml con aceite de zanahoria

📦 Características:
• 500ml
• Con aceite de zanahoria
• Blanqueador

✨ Estado: Nuevo
🚚 Disponible para entrega o recogida

🛒 VivaBien — Tu tienda de confianza en República Dominicana",VivaBien,Belleza y Cuidado Personal,美容个护,TRUE,VBE8E00AB6,350.00,10,VBE8E00AB6.jpg,美白面霜,,美容个护,Belleza y Cuidado Personal,"Shopify,Facebook Marketplace",价格由 AI 从图片识别：RD$ 350，请在审核台确认
kit-de-cuidado-para-beb-talco-champ-aceite,Kit de cuidado para bebé / talco / champú / aceite,"Kit de cuidado para bebé / talco / champú / aceite

📦 Características:
• un set
• Incluye talco
• champú
• Aceite para bebé

✨ Estado: Nuevo
🚚 Disponible para entrega o recogida

🛒 VivaBien — Tu tienda de confianza en República Dominicana",VivaBien,Bebés y Maternidad,母婴用品,TRUE,VBE8E607A7,520.00,10,VBE8E607A7.jpg,婴儿护理套装,,母婴用品,Bebés y Maternidad,"Shopify,Facebook Marketplace",价格由 AI 从图片识别：RD$ 50，请在审核台确认
cerradura-seguro-de-puerta-en-acero-inoxidable-ansi-35-50mm,Cerradura / seguro de puerta en acero inoxidable ANSI 35-50mm,"Cerradura / seguro de puerta en acero inoxidable ANSI 35-50mm

📦 Características:
• material de acero inoxidable
• compatible con puertas de 35mm-50mm de grosor
• Especificación ANSI

✨ Estado: Nuevo
🚚 Disponible para entrega o recogida

🛒 VivaBien — Tu tienda de confianza en República Dominicana",VivaBien,Herramientas y Ferretería,工具五金,TRUE,VBE8F3735F,470.00,10,VBE8F3735F.jpg,门锁组件,,工具五金,Herramientas y Ferretería,"Shopify,Facebook Marketplace",价格由 AI 从图片识别：RD$ 470，请在审核台确认
spray-desinfectante-70-alcohol-botella-transparente,Spray desinfectante 70% alcohol botella transparente,"Spray desinfectante 70% alcohol botella transparente

📦 Características:
• 70%
• spray
• Botella transparente
• Capacidad desconocida

✨ Estado: Nuevo
🚚 Disponible para entrega o recogida

🛒 VivaBien — Tu tienda de confianza en República Dominicana",VivaBien,Belleza y Cuidado Personal,美容个护,TRUE,VBE94E4F85,120.00,10,VBE94E4F85.jpg,70%酒精喷雾,,美容个护,Belleza y Cuidado Personal,"Shopify,Facebook Marketplace",价格由 AI 从图片识别：RD$ 120，请在审核台确认
humidificador-difusor-arom-tico-mini-madera,Humidificador / difusor aromático mini madera,"Humidificador / difusor aromático mini madera

📦 Características:
• Apariencia de vetas de madera
• Función de aromaterapia

✨ Estado: Nuevo
🚚 Disponible para entrega o recogida

🛒 VivaBien — Tu tienda de confianza en República Dominicana",VivaBien,Decoración del Hogar,家居装饰,TRUE,VBE97A9E04,375.00,10,VBE97A9E04.jpg,迷你加湿器,,家居装饰,Decoración del Hogar,"Shopify,Facebook Marketplace",价格由 AI 从图片识别：RD$ 375，请在审核台确认
gel-retardante-masculino-50g-lubricante-ntimo,Gel retardante masculino 50g / lubricante íntimo,"Gel retardante masculino 50g / lubricante íntimo

📦 Características:
• 50g
• Función de retraso
• Doble capa dorada

✨ Estado: Nuevo
🚚 Disponible para entrega o recogida

🛒 VivaBien — Tu tienda de confianza en República Dominicana",VivaBien,Belleza y Cuidado Personal,美容个护,TRUE,VBE9B1B022,160.00,10,VBE9B1B022.jpg,男士延时凝胶,,美容个护,Belleza y Cuidado Personal,"Shopify,Facebook Marketplace",价格由 AI 从图片识别：RD$ 160，请在审核台确认
regleta-extensi-n-protector-de-voltaje-6-enchufes,Regleta / extensión / protector de voltaje 6 enchufes,"Regleta / extensión / protector de voltaje 6 enchufes

📦 Características:
• 6 enchufes
• Con interruptor
• Blanco
• Protección de energía

✨ Estado: Nuevo
🚚 Disponible para entrega o recogida

🛒 VivaBien — Tu tienda de confianza en República Dominicana",VivaBien,Herramientas y Ferretería,工具五金,TRUE,VBE9E56A37,125.00,10,VBE9E56A37.jpg,六孔插线板,,工具五金,Herramientas y Ferretería,"Shopify,Facebook Marketplace",价格由 AI 从图片识别：RD$ 12，请在审核台确认
t-nico-facial-hidratante-400ml-agua-refrescante-piel-seca,Tónico facial hidratante 400ml / agua refrescante piel seca,"Tónico facial hidratante 400ml / agua refrescante piel seca

📦 Características:
• 400ml
• hidratación profunda
• Calma la piel

✨ Estado: Nuevo
🚚 Disponible para entrega o recogida

🛒 VivaBien — Tu tienda de confianza en República Dominicana",VivaBien,Belleza y Cuidado Personal,美容个护,TRUE,VBE9E9129B,300.00,10,VBE9E9129B.jpg,保湿爽肤水,,美容个护,Belleza y Cuidado Personal,"Shopify,Facebook Marketplace",⚠ 价格疑似识别有误（3.0），已自动修正为 RD$ 30 | 价格由 AI 从图片识别：RD$ 30，请在审核台确认
set-de-aromaterapia-velas-bandeja-decoraci-n-florero,Set de aromaterapia / velas / bandeja / decoración / florero,"Set de aromaterapia / velas / bandeja / decoración / florero

📦 Características:
• un set
• Aromaterapia
• vela
• Bandeja
• bolas decorativas
• Florero

✨ Estado: Nuevo
🚚 Disponible para entrega o recogida

🛒 VivaBien — Tu tienda de confianza en República Dominicana",VivaBien,Decoración del Hogar,家居装饰,TRUE,VBEA82ADAC,1235.00,10,VBEA82ADAC.jpg,香薰摆件套装,,家居装饰,Decoración del Hogar,"Shopify,Facebook Marketplace",价格由 AI 从图片识别：RD$ 1235，请在审核台确认
spray-mata-insectos-zancudos-olor-lim-n-500ml,Spray mata insectos / zancudos olor limón 500ml,"Spray mata insectos / zancudos olor limón 500ml

📦 Características:
• spray
• Aroma a limón
• Elimina mosquitos e insectos

✨ Estado: Nuevo
🚚 Disponible para entrega o recogida

🛒 VivaBien — Tu tienda de confianza en República Dominicana",VivaBien,Otros,其他,TRUE,VBEB324479,215.00,10,VBEB324479.jpg,杀虫喷雾,,其他,Otros,"Shopify,Facebook Marketplace",价格由 AI 从图片识别：RD$ 215，请在审核台确认
reloj-de-arena-timer-pl-stico-rosado,Reloj de arena / timer plástico rosado,"Reloj de arena / timer plástico rosado

📦 Características:
• Rosado
• material plástico

✨ Estado: Nuevo
🚚 Disponible para entrega o recogida

🛒 VivaBien — Tu tienda de confianza en República Dominicana",VivaBien,Decoración del Hogar,家居装饰,TRUE,VBEB78B7D6,340.00,10,VBEB78B7D6.jpg,计时沙漏,,家居装饰,Decoración del Hogar,"Shopify,Facebook Marketplace",价格由 AI 从图片识别：RD$ 340，请在审核台确认
disco-de-corte-amoladora-115mm-profesional-diamantado,Disco de corte / amoladora 115mm profesional diamantado,"Disco de corte / amoladora 115mm profesional diamantado

📦 Características:
• 115mm
• Profesional
• material de diamante

✨ Estado: Nuevo
🚚 Disponible para entrega o recogida

🛒 VivaBien — Tu tienda de confianza en República Dominicana",VivaBien,Herramientas y Ferretería,工具五金,TRUE,VBEBB61CA4,50.00,10,VBEBB61CA4.jpg,金刚石切割片,,工具五金,Herramientas y Ferretería,"Shopify,Facebook Marketplace",价格由 AI 从图片识别：RD$ 50，请在审核台确认
piedras-brillantes-para-u-as-cristales-decorativos-u-as,Piedras brillantes para uñas / Cristales decorativos uñas,"Piedras brillantes para uñas / Cristales decorativos uñas

📦 Características:
• Cristal transparente
• Corte multifacético
• efecto brillante

✨ Estado: Nuevo
🚚 Disponible para entrega o recogida

🛒 VivaBien — Tu tienda de confianza en República Dominicana",VivaBien,Belleza y Cuidado Personal,美容个护,TRUE,VBEBC558C1,110.00,10,VBEBC558C1.jpg,美甲装饰,,美容个护,Belleza y Cuidado Personal,"Shopify,Facebook Marketplace",价格由 AI 从图片识别：RD$ 110，请在审核台确认
bloqueador-solar-protector-solar-spf65-pa-hidratante-80g,Bloqueador solar / protector solar SPF65 PA+++ hidratante 80g,"Bloqueador solar / protector solar SPF65 PA+++ hidratante 80g

📦 Características:
• SPF65
• PA+++
• Hidratante
• 80g

✨ Estado: Nuevo
🚚 Disponible para entrega o recogida

🛒 VivaBien — Tu tienda de confianza en República Dominicana",VivaBien,Belleza y Cuidado Personal,美容个护,TRUE,VBEC0C2BC5,85.00,10,VBEC0C2BC5.jpg,防晒霜,,美容个护,Belleza y Cuidado Personal,"Shopify,Facebook Marketplace",价格由 AI 从图片识别：RD$ 85，请在审核台确认
crema-blanqueadora-aclaradora-300ml-con-aceite-de-zanahoria,Crema blanqueadora / aclaradora 300ml con aceite de zanahoria,"Crema blanqueadora / aclaradora 300ml con aceite de zanahoria

📦 Características:
• 300ml
• Con aceite de zanahoria
• Función blanqueadora

✨ Estado: Nuevo
🚚 Disponible para entrega o recogida

🛒 VivaBien — Tu tienda de confianza en República Dominicana",VivaBien,Belleza y Cuidado Personal,美容个护,TRUE,VBEC3B875C,220.00,10,VBEC3B875C.jpg,美白面霜,,美容个护,Belleza y Cuidado Personal,"Shopify,Facebook Marketplace",价格由 AI 从图片识别：RD$ 220，请在审核台确认
adorno-manzana-verde-vidrio-con-hoja-met-lica,Adorno manzana verde vidrio con hoja metálica,"Adorno manzana verde vidrio con hoja metálica

📦 Características:
• Verde
• hoja metálica
• material de vidrio

✨ Estado: Nuevo
🚚 Disponible para entrega o recogida

🛒 VivaBien — Tu tienda de confianza en República Dominicana",VivaBien,Decoración del Hogar,家居装饰,TRUE,VBEC4B0B7B,195.00,10,VBEC4B0B7B.jpg,绿苹果摆件,,家居装饰,Decoración del Hogar,"Shopify,Facebook Marketplace",价格由 AI 从图片识别：RD$ 195，请在审核台确认
vaselina-crema-hidratante-226g,Vaselina / crema hidratante 226g,"Vaselina / crema hidratante 226g

📦 Características:
• 226g
• Hidratante

✨ Estado: Nuevo
🚚 Disponible para entrega o recogida

🛒 VivaBien — Tu tienda de confianza en República Dominicana",VivaBien,Belleza y Cuidado Personal,美容个护,TRUE,VBEC53251F,135.00,10,VBEC53251F.jpg,凡士林,,美容个护,Belleza y Cuidado Personal,"Shopify,Facebook Marketplace",价格由 AI 从图片识别：RD$ 135，请在审核台确认
extensi-n-alargador-cable-el-ctrico-9-pies-naranja-3-l-neas,Extensión / alargador / cable eléctrico 9 pies naranja 3 líneas,"Extensión / alargador / cable eléctrico 9 pies naranja 3 líneas

📦 Características:
• 9 pies
• Color naranja
• Uso pesado
• 3 cables de tierra

✨ Estado: Nuevo
🚚 Disponible para entrega o recogida

🛒 VivaBien — Tu tienda de confianza en República Dominicana",VivaBien,Herramientas y Ferretería,工具五金,TRUE,VBEC5D3A33,110.00,10,VBEC5D3A33.jpg,室内外延长线,,工具五金,Herramientas y Ferretería,"Shopify,Facebook Marketplace",价格由 AI 从图片识别：RD$ 110，请在审核台确认
l-quido-mon-mero-para-u-as-118ml,Líquido monómero para uñas 118ml,"Líquido monómero para uñas 118ml

📦 Características:
• 118ml

✨ Estado: Nuevo
🚚 Disponible para entrega o recogida

🛒 VivaBien — Tu tienda de confianza en República Dominicana",VivaBien,Belleza y Cuidado Personal,美容个护,TRUE,VBEC5F8C17,405.00,10,VBEC5F8C17.jpg,美甲液体单体,,美容个护,Belleza y Cuidado Personal,"Shopify,Facebook Marketplace",价格由 AI 从图片识别：RD$ 405，请在审核台确认
spray-arom-tico-250ml-con-dise-o-en-dorado-y-rojo,Spray aromático 250ml con diseño en dorado y rojo,"Spray aromático 250ml con diseño en dorado y rojo

📦 Características:
• 250ml
• decoración dorada y roja
• Spray aromático

✨ Estado: Nuevo
🚚 Disponible para entrega o recogida

🛒 VivaBien — Tu tienda de confianza en República Dominicana",VivaBien,Belleza y Cuidado Personal,美容个护,TRUE,VBEC8C217D,240.00,10,VBEC8C217D.jpg,香氛喷雾,,美容个护,Belleza y Cuidado Personal,"Shopify,Facebook Marketplace",
switch-el-ctrico-doble-azul-con-luz-indicadora,Switch eléctrico doble azul con luz indicadora,"Switch eléctrico doble azul con luz indicadora

📦 Características:
• Carcasa azul
• Diseño de doble apertura
• Con luz indicadora

✨ Estado: Nuevo
🚚 Disponible para entrega o recogida

🛒 VivaBien — Tu tienda de confianza en República Dominicana",VivaBien,Herramientas y Ferretería,工具五金,TRUE,VBECA0A8AD,125.00,10,VBECA0A8AD.jpg,双开电源开关,,工具五金,Herramientas y Ferretería,"Shopify,Facebook Marketplace",价格由 AI 从图片识别：RD$ 125，请在审核台确认
portarretrato-marco-certificado-a4-madera-21x29-7cm,Portarretrato / marco certificado A4 madera 21x29.7cm,"Portarretrato / marco certificado A4 madera 21x29.7cm

📦 Características:
• A4
• 21x29.7cm
• Borde de madera

✨ Estado: Nuevo
🚚 Disponible para entrega o recogida

🛒 VivaBien — Tu tienda de confianza en República Dominicana",VivaBien,Decoración del Hogar,家居装饰,TRUE,VBECDE14F5,130.00,10,VBECDE14F5.jpg,证书框,,家居装饰,Decoración del Hogar,"Shopify,Facebook Marketplace",价格由 AI 从图片识别：RD$ 130，请在审核台确认
pinza-de-corte-diagonal-8-azul-negro-ergon-mica,"Pinza de corte diagonal 8"" azul-negro ergonómica","Pinza de corte diagonal 8"" azul-negro ergonómica

📦 Características:
• 8 pulgadas
• Azul oscuro
• Mango ergonómico

✨ Estado: Nuevo
🚚 Disponible para entrega o recogida

🛒 VivaBien — Tu tienda de confianza en República Dominicana",VivaBien,Herramientas y Ferretería,工具五金,TRUE,VBECEBDA06,280.00,10,VBECEBDA06.jpg,斜口钳,,工具五金,Herramientas y Ferretería,"Shopify,Facebook Marketplace",价格由 AI 从图片识别：RD$ 280，请在审核台确认
esponjas-aplicadores-de-maquillaje-colores-pastel-suaves,Esponjas / aplicadores de maquillaje colores pastel suaves,"Esponjas / aplicadores de maquillaje colores pastel suaves

📦 Características:
• forma de bloques coloridos
• Material suave
• apto para maquillaje

✨ Estado: Nuevo
🚚 Disponible para entrega o recogida

🛒 VivaBien — Tu tienda de confianza en República Dominicana",VivaBien,Belleza y Cuidado Personal,美容个护,TRUE,VBEDBC0426,130.00,10,VBEDBC0426.jpg,彩色化妆粉扑,,美容个护,Belleza y Cuidado Personal,"Shopify,Facebook Marketplace",价格由 AI 从图片识别：RD$ 130，请在审核台确认
pinza-de-cejas-acero-inoxidable-set-de-belleza,"Pinza de cejas acero inoxidable, set de belleza","Pinza de cejas acero inoxidable, set de belleza

📦 Características:
• material de acero inoxidable
• Herramienta de cuidado personal

✨ Estado: Nuevo
🚚 Disponible para entrega o recogida

🛒 VivaBien — Tu tienda de confianza en República Dominicana",VivaBien,Belleza y Cuidado Personal,美容个护,TRUE,VBEDC173E2,75.00,10,VBEDC173E2.jpg,不锈钢眉夹套装,,美容个护,Belleza y Cuidado Personal,"Shopify,Facebook Marketplace","品名由豆包识图生成 conf=0.80，卖点:['不锈钢材质', '美容工具']"
bocina-inal-mbrica-3-fm-usb-micro-sd-recargable,"Bocina inalámbrica 3"" FM USB Micro SD recargable","Bocina inalámbrica 3"" FM USB Micro SD recargable

📦 Características:
• 3 pulgadas
• Conexión inalámbrica
• Batería recargable
• Función de radio FM
• Compatible con USB y Micro SD

✨ Estado: Nuevo
🚚 Disponible para entrega o recogida

🛒 VivaBien — Tu tienda de confianza en República Dominicana",VivaBien,Electrónicos y Tecnología,电子数码,TRUE,VBEE64128D,340.00,10,VBEE64128D.jpg,无线音箱,,电子数码,Electrónicos y Tecnología,"Shopify,Facebook Marketplace",价格由 AI 从图片识别：RD$ 340，请在审核台确认
aceites-esenciales-fragancias-6-botellas-variedad,Aceites esenciales / fragancias 6 botellas variedad,"Aceites esenciales / fragancias 6 botellas variedad

📦 Características:
• 6 botellas
• Variedad de aromas

✨ Estado: Nuevo
🚚 Disponible para entrega o recogida

🛒 VivaBien — Tu tienda de confianza en República Dominicana",VivaBien,Belleza y Cuidado Personal,美容个护,TRUE,VBEE64988F,100.00,10,VBEE64988F.jpg,精油套装,,美容个护,Belleza y Cuidado Personal,"Shopify,Facebook Marketplace",价格由 AI 从图片识别：RD$ 100，请在审核台确认
tubo-de-gas-manguera-de-gas-naranja-resistente-con-abrazader,Tubo de gas / manguera de gas naranja resistente con abrazaderas,"Tubo de gas / manguera de gas naranja resistente con abrazaderas

📦 Características:
• Color naranja
• Resistente a altas temperaturas
• Resistente a presión
• Con clip de fijación

✨ Estado: Nuevo
🚚 Disponible para entrega o recogida

🛒 VivaBien — Tu tienda de confianza en República Dominicana",VivaBien,Herramientas y Ferretería,工具五金,TRUE,VBEE801A6A,165.00,10,VBEE801A6A.jpg,燃气连接管,,工具五金,Herramientas y Ferretería,"Shopify,Facebook Marketplace",
ducha-de-mano-regadera-con-filtro-y-bot-n-de-parada,Ducha de mano / regadera con filtro y botón de parada,"Ducha de mano / regadera con filtro y botón de parada

📦 Características:
• Tipo portátil
• Con función de filtrado
• Con botón de parada

✨ Estado: Nuevo
🚚 Disponible para entrega o recogida

🛒 VivaBien — Tu tienda de confianza en República Dominicana",VivaBien,Baño y Sanitarios,浴室卫浴,TRUE,VBEEA4C7FF,230.00,10,VBEEA4C7FF.jpg,增压花洒,,浴室卫浴,Baño y Sanitarios,"Shopify,Facebook Marketplace",
spray-arom-tico-250ml-fragancia-duradera-dise-o-elegante-oro,"Spray aromático 250ml, fragancia duradera, diseño elegante oro y negro","Spray aromático 250ml, fragancia duradera, diseño elegante oro y negro

📦 Características:
• 250ml
• Aroma duradero
• diseño dorado, negro y blanco

✨ Estado: Nuevo
🚚 Disponible para entrega o recogida

🛒 VivaBien — Tu tienda de confianza en República Dominicana",VivaBien,Belleza y Cuidado Personal,美容个护,TRUE,VBEF2FA3A5,260.00,10,VBEF2FA3A5.jpg,香氛喷雾,,美容个护,Belleza y Cuidado Personal,"Shopify,Facebook Marketplace","⚠️ AI 生图失败，可点「重新生图」重试: HTTPSConnectionPool(host='api.quickrouter.ai', port=443): Read timed out. (read timeout=120)"
pegamento-pvc-gris-goma-industrial-baja-voc-118ml,Pegamento PVC gris / goma industrial baja VOC 118ml,"Pegamento PVC gris / goma industrial baja VOC 118ml

📦 Características:
• Grado industrial
• gris
• Bajo VOC
• Capacidad 118ml

✨ Estado: Nuevo
🚚 Disponible para entrega o recogida

🛒 VivaBien — Tu tienda de confianza en República Dominicana",VivaBien,Herramientas y Ferretería,工具五金,TRUE,VBEF3F4FB9,80.00,10,VBEF3F4FB9.jpg,PVC胶水,,工具五金,Herramientas y Ferretería,"Shopify,Facebook Marketplace",价格由 AI 从图片识别：RD$ 80，请在审核台确认
lima-de-u-as-pulidor-de-u-as-mango-azul-verdoso,Lima de uñas / pulidor de uñas mango azul verdoso,"Lima de uñas / pulidor de uñas mango azul verdoso

📦 Características:
• Mango azul verdoso
• superficie de lima metálica
• Herramienta para uñas

✨ Estado: Nuevo
🚚 Disponible para entrega o recogida

🛒 VivaBien — Tu tienda de confianza en República Dominicana",VivaBien,Belleza y Cuidado Personal,美容个护,TRUE,VBF03F22E5,35.00,10,VBF03F22E5.jpg,指甲锉刀,,美容个护,Belleza y Cuidado Personal,"Shopify,Facebook Marketplace",价格由 AI 从图片识别：RD$ 35，请在审核台确认
cargador-r-pido-usb-c-adaptador-25w-para-celular,Cargador rápido USB-C / adaptador 25W para celular,"Cargador rápido USB-C / adaptador 25W para celular

📦 Características:
• 25W
• USB-C

✨ Estado: Nuevo
🚚 Disponible para entrega o recogida

🛒 VivaBien — Tu tienda de confianza en República Dominicana",VivaBien,Electrónicos y Tecnología,电子数码,TRUE,VBF05C331B,280.00,10,VBF05C331B.jpg,USB-C充电器,,电子数码,Electrónicos y Tecnología,"Shopify,Facebook Marketplace",价格由 AI 从图片识别：RD$ 280，请在审核台确认
coj-n-para-u-as-almohadilla-de-manicure,Cojín para uñas / almohadilla de manicure,"Neceser / estuche de maquillaje rosado portátil

📦 Características:
• Rosado
• Diseño geométrico
• Portátil

✨ Estado: Nuevo
🚚 Disponible para entrega o recogida

🛒 VivaBien — Tu tienda de confianza en República Dominicana",VivaBien,Belleza y Cuidado Personal,美容个护,TRUE,VBF0A38537,150.00,10,VBF0A38537.jpg,美甲用的垫手包（垫在手下面的包）,,美容个护,Belleza y Cuidado Personal,"Shopify,Facebook Marketplace",
spray-negro-pintura-en-spray-400ml-r-pido-secado,Spray negro / pintura en spray 400ml rápido secado,"Spray negro / pintura en spray 400ml rápido secado

📦 Características:
• 400ML
• Negro
• Para madera, metal y plástico
• Secado rápido
• Alta luminosidad

✨ Estado: Nuevo
🚚 Disponible para entrega o recogida

🛒 VivaBien — Tu tienda de confianza en República Dominicana",VivaBien,Herramientas y Ferretería,工具五金,TRUE,VBF0B8D6F2,145.00,10,VBF0B8D6F2.jpg,喷漆,,工具五金,Herramientas y Ferretería,"Shopify,Facebook Marketplace",价格由 AI 从图片识别：RD$ 145，请在审核台确认
set-de-regalo-arom-tico-con-crema-perfume-y-m-s-en-caja-dora,"Set de regalo aromático con crema, perfume y más en caja dorada","Set de regalo aromático con crema, perfume y más en caja dorada

📦 Características:
• Incluye crema corporal
• Perfume
• spray corporal
• gel de baño
• empaque dorado

✨ Estado: Nuevo
🚚 Disponible para entrega o recogida

🛒 VivaBien — Tu tienda de confianza en República Dominicana",VivaBien,Belleza y Cuidado Personal,美容个护,TRUE,VBF0CDB7A2,495.00,10,VBF0CDB7A2.jpg,香氛礼盒,,美容个护,Belleza y Cuidado Personal,"Shopify,Facebook Marketplace",
juego-de-brochas-de-maquillaje-dorado-y-plateado-multi-pieza,"Juego de brochas de maquillaje dorado y plateado, multi piezas","Juego de brochas de maquillaje dorado y plateado, multi piezas

📦 Características:
• varias unidades
• empaque dorado
• Mango plateado
• Cerdas marrones

✨ Estado: Nuevo
🚚 Disponible para entrega o recogida

🛒 VivaBien — Tu tienda de confianza en República Dominicana",VivaBien,Belleza y Cuidado Personal,美容个护,TRUE,VBF0E53DBA,310.00,10,VBF0E53DBA.jpg,化妆刷套装,,美容个护,Belleza y Cuidado Personal,"Shopify,Facebook Marketplace","品名由豆包识图生成 conf=0.80，卖点:['多支装', '金色包装', '刷杆银灰', '刷毛棕色']"
recortador-de-vellos-nasales-usb-bater-a-litio,Recortador de vellos nasales USB batería litio,"Recortador de vellos nasales USB batería litio

📦 Características:
• carga USB
• Batería de litio de alto rendimiento
• cuchilla afilada
• Sin daño a la piel

✨ Estado: Nuevo
🚚 Disponible para entrega o recogida

🛒 VivaBien — Tu tienda de confianza en República Dominicana",VivaBien,Belleza y Cuidado Personal,美容个护,TRUE,VBF11F156B,260.00,10,VBF11F156B.jpg,鼻毛修剪器,,美容个护,Belleza y Cuidado Personal,"Shopify,Facebook Marketplace",价格由 AI 从图片识别：RD$ 260，请在审核台确认
silic-n-pegamento-impermeable-multiuso-con-boquilla,Silicón / pegamento impermeable multiuso con boquilla,"Silicón / pegamento impermeable multiuso con boquilla

📦 Características:
• Impermeable
• multiuso
• Incluye boquilla

✨ Estado: Nuevo
🚚 Disponible para entrega o recogida

🛒 VivaBien — Tu tienda de confianza en República Dominicana",VivaBien,Herramientas y Ferretería,工具五金,TRUE,VBF193E21E,120.00,10,VBF193E21E.jpg,防水密封胶,,工具五金,Herramientas y Ferretería,"Shopify,Facebook Marketplace",价格由 AI 从图片识别：RD$ 120，请在审核台确认
pegamento-para-u-as-pega-de-u-as-3g-r-pida-y-duradera,Pegamento para uñas / pega de uñas 3g rápida y duradera,"Pegamento para uñas / pega de uñas 3g rápida y duradera

📦 Características:
• Capacidad de 3g
• Adhesión rápida
• Para uñas

✨ Estado: Nuevo
🚚 Disponible para entrega o recogida

🛒 VivaBien — Tu tienda de confianza en República Dominicana",VivaBien,Belleza y Cuidado Personal,美容个护,TRUE,VBF1C0AFBF,85.00,10,VBF1C0AFBF.jpg,指甲胶水,,美容个护,Belleza y Cuidado Personal,"Shopify,Facebook Marketplace",价格由 AI 从图片识别：RD$ 85，请在审核台确认
set-de-hombre-perfume-y-aftershave-en-caja-roja-elegante,Set de hombre: perfume y aftershave en caja roja elegante,"Set de hombre: perfume y aftershave en caja roja elegante

📦 Características:
• Perfume
• Crema para después del afeitado
• Empaque rojo

✨ Estado: Nuevo
🚚 Disponible para entrega o recogida

🛒 VivaBien — Tu tienda de confianza en República Dominicana",VivaBien,Belleza y Cuidado Personal,美容个护,TRUE,VBF1F7498A,295.00,10,VBF1F7498A.jpg,红色男士套装,,美容个护,Belleza y Cuidado Personal,"Shopify,Facebook Marketplace",
candado-de-cable-cadena-con-clave-azul-alta-calidad,Candado de cable / cadena con clave azul alta calidad,"Candado de cable / cadena con clave azul alta calidad

📦 Características:
• Azul
• Candado con clave
• Alta calidad

✨ Estado: Nuevo
🚚 Disponible para entrega o recogida

🛒 VivaBien — Tu tienda de confianza en República Dominicana",VivaBien,Herramientas y Ferretería,工具五金,TRUE,VBF2701EA3,160.00,10,VBF2701EA3.jpg,密码线锁,,工具五金,Herramientas y Ferretería,"Shopify,Facebook Marketplace",价格由 AI 从图片识别：RD$ 160，请在审核台确认
aud-fonos-inal-mbricos-bluetooth-30h-sonido-puro,Audífonos inalámbricos / Bluetooth 30h sonido puro,"Audífonos inalámbricos / Bluetooth 30h sonido puro

📦 Características:
• Tiempo de reproducción de 30 horas
• Sonido de bajos puro
• Nueva generación V6.0
• Conexión automática

✨ Estado: Nuevo
🚚 Disponible para entrega o recogida

🛒 VivaBien — Tu tienda de confianza en República Dominicana",VivaBien,Electrónicos y Tecnología,电子数码,TRUE,VBF2E0FF94,980.00,10,VBF2E0FF94.jpg,无线耳机,,电子数码,Electrónicos y Tecnología,"Shopify,Facebook Marketplace",价格由 AI 从图片识别：RD$ 980，请在审核台确认
aro-de-luz-soporte-para-celular-y-micr-fono-negro,Aro de luz / soporte para celular y micrófono negro,"Aro de luz / soporte para celular y micrófono negro

📦 Características:
• un set
• Negro
• Para celulares, micrófonos y filtros POP

✨ Estado: Nuevo
🚚 Disponible para entrega o recogida

🛒 VivaBien — Tu tienda de confianza en República Dominicana",VivaBien,,,TRUE,VBF2E2C7C2,595.00,10,VBF2E2C7C2.jpg,手机支架补光灯,,,,"Shopify,Facebook Marketplace",
u-as-postizas-u-as-acr-licas-12-piezas-dise-o-floral-rosa-ne,Uñas postizas / uñas acrílicas 12 piezas diseño floral rosa-negro,"Uñas postizas / uñas acrílicas 12 piezas diseño floral rosa-negro

📦 Características:
• 12 hojas por paquete
• Fondo rosado
• Diseño de patrón negro

✨ Estado: Nuevo
🚚 Disponible para entrega o recogida

🛒 VivaBien — Tu tienda de confianza en República Dominicana",VivaBien,Belleza y Cuidado Personal,美容个护,TRUE,VBF2FBDA32,110.00,10,VBF2FBDA32.jpg,按压式美甲,,美容个护,Belleza y Cuidado Personal,"Shopify,Facebook Marketplace",价格由 AI 从图片识别：RD$ 10，请在审核台确认
palo-selfie-tr-pode-negro-extensible-para-celular,Palo selfie / trípode negro extensible para celular,"Palo selfie / trípode negro extensible para celular

📦 Características:
• Negro
• Portátil
• Extensible

✨ Estado: Nuevo
🚚 Disponible para entrega o recogida

🛒 VivaBien — Tu tienda de confianza en República Dominicana",VivaBien,Electrónicos y Tecnología,电子数码,TRUE,VBF33489EA,245.00,10,VBF33489EA.jpg,自拍杆,,电子数码,Electrónicos y Tecnología,"Shopify,Facebook Marketplace",价格由 AI 从图片识别：RD$ 245，请在审核台确认
llave-doble-llave-mixta-met-lica,Llave doble / llave mixta metálica,"Llave doble / llave mixta metálica

📦 Características:
• material metálico
• un extremo abierto y otro en forma de anillo

✨ Estado: Nuevo
🚚 Disponible para entrega o recogida

🛒 VivaBien — Tu tienda de confianza en República Dominicana",VivaBien,Herramientas y Ferretería,工具五金,TRUE,VBF33D59F5,95.00,10,VBF33D59F5.jpg,双头扳手,,工具五金,Herramientas y Ferretería,"Shopify,Facebook Marketplace",价格由 AI 从图片识别：RD$ 595，请在审核台确认
set-arom-tico-velas-difusor-de-aromas-7-piezas,Set aromático / velas / difusor de aromas 7 piezas,"Set aromático / velas / difusor de aromas 7 piezas

📦 Características:
• 7 piezas
• Aromaterapia
• vela
• Difusor de aromas

✨ Estado: Nuevo
🚚 Disponible para entrega o recogida

🛒 VivaBien — Tu tienda de confianza en República Dominicana",VivaBien,Decoración del Hogar,家居装饰,TRUE,VBF3D01AD4,785.00,10,VBF3D01AD4.jpg,香薰礼盒,,家居装饰,Decoración del Hogar,"Shopify,Facebook Marketplace",价格由 AI 从图片识别：RD$ 595，请在审核台确认
brocha-ancha-pincel-para-pintar-con-mango-de-madera,Brocha ancha / pincel para pintar con mango de madera,"Brocha ancha / pincel para pintar con mango de madera

📦 Características:
• Cabezal ancho
• Manija de madera
• Diseño de cola roja

✨ Estado: Nuevo
🚚 Disponible para entrega o recogida

🛒 VivaBien — Tu tienda de confianza en República Dominicana",VivaBien,Herramientas y Ferretería,工具五金,TRUE,VBF4019DF0,95.00,10,VBF4019DF0.jpg,宽头油漆刷,,工具五金,Herramientas y Ferretería,"Shopify,Facebook Marketplace",
pala-de-jardiner-a-pala-peque-a-negra-port-til,Pala de jardinería / pala pequeña negra portátil,"Pala de jardinería / pala pequeña negra portátil

📦 Características:
• Cabeza de pala metálica negra
• Mango antideslizante
• Diseño práctico

✨ Estado: Nuevo
🚚 Disponible para entrega o recogida

🛒 VivaBien — Tu tienda de confianza en República Dominicana",VivaBien,Herramientas y Ferretería,工具五金,TRUE,VBF42E131C,140.00,10,VBF42E131C.jpg,园艺小铲,,工具五金,Herramientas y Ferretería,"Shopify,Facebook Marketplace",价格由 AI 从图片识别：RD$ 140，请在审核台确认
portaretrato-marco-de-fotos-13x18cm-gris-madera,Portaretrato / marco de fotos 13x18cm gris madera,"Portaretrato / marco de fotos 13x18cm gris madera

📦 Características:
• Tamaño 13x18cm
• gris
• De madera

✨ Estado: Nuevo
🚚 Disponible para entrega o recogida

🛒 VivaBien — Tu tienda de confianza en República Dominicana",VivaBien,Decoración del Hogar,家居装饰,TRUE,VBF45446D1,160.00,10,VBF45446D1.jpg,木质相框,,家居装饰,Decoración del Hogar,"Shopify,Facebook Marketplace",价格由 AI 从图片识别：RD$ 160，请在审核台确认
cuadro-decorativo-marco-6-x8-15cmx20cm-plateado,"Cuadro decorativo / marco 6""x8"" / 15cmx20cm plateado","Cuadro decorativo / marco 6""x8"" / 15cmx20cm plateado

📦 Características:
• 6""x8""
• 15cmx20cm
• marco plateado

✨ Estado: Nuevo
🚚 Disponible para entrega o recogida

🛒 VivaBien — Tu tienda de confianza en República Dominicana",VivaBien,Decoración del Hogar,家居装饰,TRUE,VBF479768B,120.00,10,VBF479768B.jpg,装饰画框,,家居装饰,Decoración del Hogar,"Shopify,Facebook Marketplace",价格由 AI 从图片识别：RD$ 120，请在审核台确认
cargador-para-carro-auto-15w-pd-carga-r-pida-2-usb,Cargador para carro / auto 15W PD carga rápida 2 USB,"Cargador para carro / auto 15W PD carga rápida 2 USB

📦 Características:
• 15W
• Doble puerto USB
• carga rápida PD

✨ Estado: Nuevo
🚚 Disponible para entrega o recogida

🛒 VivaBien — Tu tienda de confianza en República Dominicana",VivaBien,Electrónicos y Tecnología,电子数码,TRUE,VBF4EF5D2E,175.00,10,VBF4EF5D2E.jpg,车载充电器,,电子数码,Electrónicos y Tecnología,"Shopify,Facebook Marketplace",价格由 AI 从图片识别：RD$ 175，请在审核台确认
elefante-decorativo-plateado-figura-cer-mica,Elefante decorativo plateado / figura cerámica,"Elefante decorativo plateado / figura cerámica

📦 Características:
• color plateado
• Material cerámico

✨ Estado: Nuevo
🚚 Disponible para entrega o recogida

🛒 VivaBien — Tu tienda de confianza en República Dominicana",VivaBien,Decoración del Hogar,家居装饰,TRUE,VBF5167DD6,180.00,10,VBF5167DD6.jpg,银色小象摆件,,家居装饰,Decoración del Hogar,"Shopify,Facebook Marketplace",价格由 AI 从图片识别：RD$ 180，请在审核台确认
panel-de-toma-doble-blanco-para-220v-y-60hz-ideal-para-el-ho,Panel de toma doble blanco para 220V y 60Hz ideal para el hogar,"Panel de toma doble blanco para 220V y 60Hz ideal para el hogar

📦 Características:
• Blanco
• 220V
• 60Hz

✨ Estado: Nuevo
🚚 Disponible para entrega o recogida

🛒 VivaBien — Tu tienda de confianza en República Dominicana",VivaBien,Herramientas y Ferretería,工具五金,TRUE,VBF5463C60,40.00,10,VBF5463C60.jpg,双插座面板,,工具五金,Herramientas y Ferretería,"Shopify,Facebook Marketplace",价格由 AI 从图片识别：RD$ 40，请在审核台确认
cargador-adaptador-con-cable-lightning-5w-usb,Cargador / adaptador con cable Lightning 5W USB,"Cargador / adaptador con cable Lightning 5W USB

📦 Características:
• 5W
• puerto Lightning
• puerto USB

✨ Estado: Nuevo
🚚 Disponible para entrega o recogida

🛒 VivaBien — Tu tienda de confianza en República Dominicana",VivaBien,Electrónicos y Tecnología,电子数码,TRUE,VBF55D5C96,170.00,10,VBF55D5C96.jpg,充电器套装,,电子数码,Electrónicos y Tecnología,"Shopify,Facebook Marketplace",价格由 AI 从图片识别：RD$ 170，请在审核台确认
tijera-americana-tijera-grande-10-met-lica-250mm,"Tijera americana / tijera grande 10"" metálica 250mm","Tijera americana / tijera grande 10"" metálica 250mm

📦 Características:
• 10 pulgadas
• 250mm
• Estilo americano
• material metálico

✨ Estado: Nuevo
🚚 Disponible para entrega o recogida

🛒 VivaBien — Tu tienda de confianza en República Dominicana",VivaBien,Herramientas y Ferretería,工具五金,TRUE,VBF564CB5E,215.00,10,VBF564CB5E.jpg,美式剪刀,,工具五金,Herramientas y Ferretería,"Shopify,Facebook Marketplace",价格由 AI 从图片识别：RD$ 215，请在审核台确认
soporte-para-celular-m-vil-ajustable-negro-para-carro,Soporte para celular / móvil ajustable negro para carro,"Soporte para celular / móvil ajustable negro para carro

📦 Características:
• para vehículos
• Negro
• Ajustable

✨ Estado: Nuevo
🚚 Disponible para entrega o recogida

🛒 VivaBien — Tu tienda de confianza en República Dominicana",VivaBien,Electrónicos y Tecnología,电子数码,TRUE,VBF59C4AE4,260.00,10,VBF59C4AE4.jpg,手机支架,,电子数码,Electrónicos y Tecnología,"Shopify,Facebook Marketplace",价格由 AI 从图片识别：RD$ 260，请在审核台确认
panel-de-enchufe-multifuncional-con-usb-y-switch-blanco,Panel de enchufe multifuncional con USB y switch blanco,"Panel de enchufe multifuncional con USB y switch blanco

📦 Características:
• puerto USB
• enchufe multifuncional
• Blanco
• Con interruptor

✨ Estado: Nuevo
🚚 Disponible para entrega o recogida

🛒 VivaBien — Tu tienda de confianza en República Dominicana",VivaBien,Herramientas y Ferretería,工具五金,TRUE,VBF5FFE869,250.00,10,VBF5FFE869.jpg,插座面板,,工具五金,Herramientas y Ferretería,"Shopify,Facebook Marketplace",价格由 AI 从图片识别：RD$ 250，请在审核台确认
manguera-extensible-tubo-flexible-autom-tico-22-5m-azul,Manguera extensible / tubo flexible automático 22.5m azul,"Manguera extensible / tubo flexible automático 22.5m azul

📦 Características:
• 22.5 metros
• Extensión automática
• Azul

✨ Estado: Nuevo
🚚 Disponible para entrega o recogida

🛒 VivaBien — Tu tienda de confianza en República Dominicana",VivaBien,Herramientas y Ferretería,工具五金,TRUE,VBF6B65D24,470.00,10,VBF6B65D24.jpg,伸缩水管,,工具五金,Herramientas y Ferretería,"Shopify,Facebook Marketplace",价格由 AI 从图片识别：RD$ 470，请在审核台确认
isopo-de-cejas,Isopo de cejas,"🌟✨ LÁPIZ PEGAMENTO TRANSPARENTE CON PURPURINA - BOLSA

📦 Características:
• Transparente con brillo dorado
• empaque en bolsa

✨ Estado: Nuevo
🚚 Disponible para entrega o recogida

🛒 VivaBien — Tu tienda de confianza en República Dominicana",VivaBien,Belleza y Cuidado Personal,美容个护,TRUE,VBF71EF629,100.00,10,VBF71EF629.jpg,金粉透明胶棒,,美容个护,Belleza y Cuidado Personal,"Shopify,Facebook Marketplace","品名由豆包识图生成 conf=0.70，卖点:['透明带金粉', '袋装']"
crema-para-aumentar-busto-reafirmar-senos-piel-firme,Crema para aumentar busto / reafirmar senos / piel firme,"Crema para aumentar busto / reafirmar senos / piel firme

📦 Características:
• Realza el busto
• Extractos naturales
• Mayor elasticidad

✨ Estado: Nuevo
🚚 Disponible para entrega o recogida

🛒 VivaBien — Tu tienda de confianza en República Dominicana",VivaBien,Belleza y Cuidado Personal,美容个护,TRUE,VBF741094A,145.00,10,VBF741094A.jpg,丰胸霜,,美容个护,Belleza y Cuidado Personal,"Shopify,Facebook Marketplace",价格由 AI 从图片识别：RD$ 145，请在审核台确认
caja-de-herramientas-kit-manual-japon-s-modelo-ar001-m,Caja de herramientas / kit manual japonés modelo AR001-M,"Caja de herramientas / kit manual japonés modelo AR001-M

📦 Características:
• Calidad japonesa
• Uso seguro
• modelo AR001-M

✨ Estado: Nuevo
🚚 Disponible para entrega o recogida

🛒 VivaBien — Tu tienda de confianza en República Dominicana",VivaBien,Herramientas y Ferretería,工具五金,TRUE,VBF7426DAF,165.00,10,VBF7426DAF.jpg,手动工具,,工具五金,Herramientas y Ferretería,"Shopify,Facebook Marketplace",价格由 AI 从图片识别：RD$ 165，请在审核台确认
colonia-para-beb-splash-infantil-236ml-aroma-duradero,Colonia para bebé / splash infantil 236ml aroma duradero,"Colonia para bebé / splash infantil 236ml aroma duradero

📦 Características:
• 236ml
• Botella amarilla
• Fragancia duradera

✨ Estado: Nuevo
🚚 Disponible para entrega o recogida

🛒 VivaBien — Tu tienda de confianza en República Dominicana",VivaBien,Bebés y Maternidad,母婴用品,TRUE,VBF7A05446,205.00,10,VBF7A05446.jpg,婴儿古龙水,,母婴用品,Bebés y Maternidad,"Shopify,Facebook Marketplace",价格由 AI 从图片识别：RD$ 205，请在审核台确认
cabeza-de-pr-ctica-pl-stica-maniqu-de-entrenamiento-1-unidad,Cabeza de práctica plástica / maniquí de entrenamiento 1 unidad,"Cabeza de práctica plástica / maniquí de entrenamiento 1 unidad

📦 Características:
• 1 unidad
• material plástico

✨ Estado: Nuevo
🚚 Disponible para entrega o recogida

🛒 VivaBien — Tu tienda de confianza en República Dominicana",VivaBien,Belleza y Cuidado Personal,美容个护,TRUE,VBF7A85A3E,490.00,10,VBF7A85A3E.jpg,练习假人头,,美容个护,Belleza y Cuidado Personal,"Shopify,Facebook Marketplace",价格由 AI 从图片识别：RD$ 490，请在审核台确认
ambientador-para-carro-gel-arom-tico-200g,Ambientador para carro / gel aromático 200g,"Ambientador para carro / gel aromático 200g

📦 Características:
• 200g

✨ Estado: Nuevo
🚚 Disponible para entrega o recogida

🛒 VivaBien — Tu tienda de confianza en República Dominicana",VivaBien,Belleza y Cuidado Personal,美容个护,TRUE,VBF7BDBF21,115.00,10,VBF7BDBF21.jpg,车载香膏,,美容个护,Belleza y Cuidado Personal,"Shopify,Facebook Marketplace",价格由 AI 从图片识别：RD$ 115，请在审核台确认
talco-para-beb-polvo-para-ni-os-4oz-larga-duraci-n,Talco para bebé / polvo para niños 4oz larga duración,"Talco para bebé / polvo para niños 4oz larga duración

📦 Características:
• 4oz
• frescura duradera
• Uso infantil

✨ Estado: Nuevo
🚚 Disponible para entrega o recogida

🛒 VivaBien — Tu tienda de confianza en República Dominicana",VivaBien,Bebés y Maternidad,母婴用品,TRUE,VBF7F3595C,115.00,10,VBF7F3595C.jpg,婴儿爽身粉,,母婴用品,Bebés y Maternidad,"Shopify,Facebook Marketplace",价格由 AI 从图片识别：RD$ 115，请在审核台确认
aud-fonos-headphones-con-micr-fono-usb-c-color-negro,Audífonos / headphones con micrófono USB-C color negro,"Audífonos / headphones con micrófono USB-C color negro

📦 Características:
• Con micrófono
• puerto USB-C
• Negro

✨ Estado: Nuevo
🚚 Disponible para entrega o recogida

🛒 VivaBien — Tu tienda de confianza en República Dominicana",VivaBien,Electrónicos y Tecnología,电子数码,TRUE,VBF81CD3E6,140.00,10,VBF81CD3E6.jpg,耳机,,电子数码,Electrónicos y Tecnología,"Shopify,Facebook Marketplace",价格由 AI 从图片识别：RD$ 140，请在审核台确认
regleta-extensi-n-el-ctrica-6-pies-con-usb-y-apagador,Regleta / extensión eléctrica 6 pies con USB y apagador,"Regleta / extensión eléctrica 6 pies con USB y apagador

📦 Características:
• Cable de 6 pies
• Con puerto USB
• Material resistente al fuego
• Con interruptor

✨ Estado: Nuevo
🚚 Disponible para entrega o recogida

🛒 VivaBien — Tu tienda de confianza en República Dominicana",VivaBien,Electrónicos y Tecnología,电子数码,TRUE,VBF88E45A1,315.00,10,VBF88E45A1.jpg,多功能插座,,电子数码,Electrónicos y Tecnología,"Shopify,Facebook Marketplace",价格由 AI 从图片识别：RD$ 315，请在审核台确认
taco-pl-stico-gris-chazo-pl-stico-15-unidades,Taco plástico gris / chazo plástico 15 unidades,"Taco plástico gris / chazo plástico 15 unidades

📦 Características:
• gris
• 15 unidades por paquete
• material plástico

✨ Estado: Nuevo
🚚 Disponible para entrega o recogida

🛒 VivaBien — Tu tienda de confianza en República Dominicana",VivaBien,Herramientas y Ferretería,工具五金,TRUE,VBF89599F5,40.00,10,VBF89599F5.jpg,塑料膨胀管,,工具五金,Herramientas y Ferretería,"Shopify,Facebook Marketplace",价格由 AI 从图片识别：RD$ 40，请在审核台确认
panel-de-toma-doble-blanco-con-tornillos-para-pared,Panel de toma doble blanco con tornillos para pared,"Panel de toma doble blanco con tornillos para pared

📦 Características:
• Blanco
• Con tornillos
• instalación en pared

✨ Estado: Nuevo
🚚 Disponible para entrega o recogida

🛒 VivaBien — Tu tienda de confianza en República Dominicana",VivaBien,Herramientas y Ferretería,工具五金,TRUE,VBF8AF9E02,95.00,10,VBF8AF9E02.jpg,双插座面板,,工具五金,Herramientas y Ferretería,"Shopify,Facebook Marketplace",价格由 AI 从图片识别：RD$ 95，请在审核台确认
bocina-inal-mbrica-speaker-8-pulgadas-5000mah,Bocina inalámbrica / speaker 8 pulgadas 5000mAh,"Bocina inalámbrica / speaker 8 pulgadas 5000mAh

📦 Características:
• 8 pulgadas
• 5000mAh
• DC 5V
• 1 set
• 4.1kg

✨ Estado: Nuevo
🚚 Disponible para entrega o recogida

🛒 VivaBien — Tu tienda de confianza en República Dominicana",VivaBien,Electrónicos y Tecnología,数码配件,TRUE,VBF8E8579A,3150.00,10,VBF8E8579A.jpg,无线音箱,,数码配件,Electrónicos y Tecnología,"Shopify,Facebook Marketplace",价格由 AI 从图片识别：RD$ 175，请在审核台确认
lima-el-ctrica-removedor-de-callos-recargable-waterproof,Lima eléctrica / removedor de callos recargable waterproof,"Lima eléctrica / removedor de callos recargable waterproof

📦 Características:
• Impermeable
• Fácil de limpiar
• Doble velocidad
• Batería de litio recargable
• Dos tipos de cabezales

✨ Estado: Nuevo
🚚 Disponible para entrega o recogida

🛒 VivaBien — Tu tienda de confianza en República Dominicana",VivaBien,Belleza y Cuidado Personal,美容个护,TRUE,VBF8F31FA2,245.00,10,VBF8F31FA2.jpg,电子修脚器,,美容个护,Belleza y Cuidado Personal,"Shopify,Facebook Marketplace",价格由 AI 从图片识别：RD$ 245，请在审核台确认
b-lsamo-s-lido-ung-ento-s-lido-olor-a-lim-n,Bálsamo sólido / ungüento sólido olor a limón,"Bálsamo sólido / ungüento sólido olor a limón

📦 Características:
• Sabor a limón
• sólido

✨ Estado: Nuevo
🚚 Disponible para entrega o recogida

🛒 VivaBien — Tu tienda de confianza en República Dominicana",VivaBien,Belleza y Cuidado Personal,美容个护,TRUE,VBFA3A60A7,95.00,10,VBFA3A60A7.jpg,青柠香膏,,美容个护,Belleza y Cuidado Personal,"Shopify,Facebook Marketplace",⚠ 图片可能拍反，价格从旋转图中识别 | 价格由 AI 从图片识别：RD$ 95，请在审核台确认
bocina-altavoz-inal-mbrico-port-til-rgb-6-5w,Bocina / Altavoz inalámbrico portátil RGB 6.5W,"Bocina / Altavoz inalámbrico portátil RGB 6.5W

📦 Características:
• 6.5W
• iluminación RGB
• Portátil
• Inalámbrico

✨ Estado: Nuevo
🚚 Disponible para entrega o recogida

🛒 VivaBien — Tu tienda de confianza en República Dominicana",VivaBien,Electrónicos y Tecnología,电子数码,TRUE,VBFAC1E367,420.00,10,VBFAC1E367.jpg,无线音箱,,电子数码,Electrónicos y Tecnología,"Shopify,Facebook Marketplace",价格由 AI 从图片识别：RD$ 420，请在审核台确认
frasco-de-vidrio-transparente-con-gotero-50ml,Frasco de vidrio transparente con gotero 50ml,"Frasco de vidrio transparente con gotero 50ml

📦 Características:
• Transparente
• material de vidrio
• Con gotero

✨ Estado: Nuevo
🚚 Disponible para entrega o recogida

🛒 VivaBien — Tu tienda de confianza en República Dominicana",VivaBien,Belleza y Cuidado Personal,美容个护,TRUE,VBFAC8CBA0,80.00,10,VBFAC8CBA0.jpg,玻璃滴管瓶,,美容个护,Belleza y Cuidado Personal,"Shopify,Facebook Marketplace",价格由 AI 从图片识别：RD$ 80，请在审核台确认
pegamento-gel-para-pegar-cabello-60ml-tapa-roja,Pegamento / gel para pegar cabello 60ml tapa roja,"Pegamento / gel para pegar cabello 60ml tapa roja

📦 Características:
• 60ml
• Tapa roja
• Para pegar cabello

✨ Estado: Nuevo
🚚 Disponible para entrega o recogida

🛒 VivaBien — Tu tienda de confianza en República Dominicana",VivaBien,Belleza y Cuidado Personal,美容个护,TRUE,VBFACBDC4A,60.00,10,VBFACBDC4A.jpg,发胶粘合剂,,美容个护,Belleza y Cuidado Personal,"Shopify,Facebook Marketplace",价格由 AI 从图片识别：RD$ 25，请在审核台确认
spray-impermeable-pintura-en-aerosol-resistente-al-agua,Spray impermeable / pintura en aerosol resistente al agua,"Spray de goma 450ml / poliuretano / rellena grietas

📦 Características:
• 450ml
• Material de poliuretano
• Repara grietas

✨ Estado: Nuevo
🚚 Disponible para entrega o recogida

🛒 VivaBien — Tu tienda de confianza en República Dominicana",VivaBien,Herramientas y Ferretería,工具五金,TRUE,VBFAE0F384,195.00,10,VBFAE0F384.jpg,防水喷漆,,工具五金,Herramientas y Ferretería,"Shopify,Facebook Marketplace",价格由 AI 从图片识别：RD$ 195，请在审核台确认
difusor-de-aromaterapia-humidificador-efecto-llama-2-4mhz,Difusor de aromaterapia / humidificador efecto llama 2.4MHz,"Difusor de aromaterapia / humidificador efecto llama 2.4MHz

📦 Características:
• 2.4MHz frecuencia ultrasónica
• Efecto de luz de llama simulada
• Apagado automático
• 2 niveles de brillo
• Función de aromaterapia

✨ Estado: Nuevo
🚚 Disponible para entrega o recogida

🛒 VivaBien — Tu tienda de confianza en República Dominicana",VivaBien,Decoración del Hogar,家居装饰,TRUE,VBFAEC9EA7,520.00,10,VBFAEC9EA7.jpg,火焰香薰机,,家居装饰,Decoración del Hogar,"Shopify,Facebook Marketplace",价格由 AI 从图片识别：RD$ 520，请在审核台确认
vaselina-beb-natural-125g-coco-vitamina-e-hipoalerg-nica,Vaselina bebé natural 125g coco / vitamina E / hipoalergénica,"Vaselina bebé natural 125g coco / vitamina E / hipoalergénica

📦 Características:
• 125g
• Sabor a coco
• Vitamina E
• Hipoalergénico
• Sin conservantes

✨ Estado: Nuevo
🚚 Disponible para entrega o recogida

🛒 VivaBien — Tu tienda de confianza en República Dominicana",VivaBien,Bebés y Maternidad,母婴用品,TRUE,VBFB655DDB,175.00,10,VBFB655DDB.jpg,婴儿天然凡士林,,母婴用品,Bebés y Maternidad,"Shopify,Facebook Marketplace",价格由 AI 从图片识别：RD$ 175，请在审核台确认
rodillo-brocha-de-pintar-paredes-exteriores-ecol-gico,Rodillo / brocha de pintar paredes exteriores ecológico,"Rodillo / brocha de pintar paredes exteriores ecológico

📦 Características:
• Para pintura de paredes exteriores
• Empaque verde

✨ Estado: Nuevo
🚚 Disponible para entrega o recogida

🛒 VivaBien — Tu tienda de confianza en República Dominicana",VivaBien,Herramientas y Ferretería,工具五金,TRUE,VBFB953E99,35.00,10,VBFB953E99.jpg,滚筒刷,,工具五金,Herramientas y Ferretería,"Shopify,Facebook Marketplace",价格由 AI 从图片识别：RD$ 35，请在审核台确认
exfoliante-corporal-scrub-con-col-geno-y-cido-hialur-nico,Exfoliante corporal / scrub con colágeno y ácido hialurónico,"Exfoliante corporal / scrub con colágeno y ácido hialurónico

📦 Características:
• Con ácido hialurónico
• Con colágeno
• exfoliante corporal

✨ Estado: Nuevo
🚚 Disponible para entrega o recogida

🛒 VivaBien — Tu tienda de confianza en República Dominicana",VivaBien,Belleza y Cuidado Personal,美容个护,TRUE,VBFBC329F9,210.00,10,VBFBC329F9.jpg,玫瑰身体磨砂,,美容个护,Belleza y Cuidado Personal,"Shopify,Facebook Marketplace",价格由 AI 从图片识别：RD$ 210，请在审核台确认
mascarilla-facial-con-aceite-de-oliva-hidratante-exfoliante-,Mascarilla facial con aceite de oliva / hidratante / exfoliante 150ml,"Mascarilla facial con aceite de oliva / hidratante / exfoliante 150ml

📦 Características:
• 150ml
• Hidratante
• Exfoliante

✨ Estado: Nuevo
🚚 Disponible para entrega o recogida

🛒 VivaBien — Tu tienda de confianza en República Dominicana",VivaBien,Belleza y Cuidado Personal,美容个护,TRUE,VBFBE011BE,195.00,10,VBFBE011BE.jpg,橄榄油面膜,,美容个护,Belleza y Cuidado Personal,"Shopify,Facebook Marketplace",价格由 AI 从图片识别：RD$ 195，请在审核台确认
decoraci-n-de-madera-guirnalda-beige-con-flecos,Decoración de madera / guirnalda beige con flecos,"Decoración de madera / guirnalda beige con flecos

📦 Características:
• De madera
• Color crema
• una cadena
• Con flecos

✨ Estado: Nuevo
🚚 Disponible para entrega o recogida

🛒 VivaBien — Tu tienda de confianza en República Dominicana",VivaBien,,,TRUE,VBFD043AF2,255.00,10,VBFD043AF2.jpg,木质装饰串,,,,"Shopify,Facebook Marketplace",
cartel-decorativo-madera-con-macetero-rosa-y-cuerda,Cartel decorativo madera con macetero rosa y cuerda,"Cartel decorativo madera con macetero rosa y cuerda

📦 Características:
• De madera
• Macetero pequeño rosado
• Cordón

✨ Estado: Nuevo
🚚 Disponible para entrega o recogida

🛒 VivaBien — Tu tienda de confianza en República Dominicana",VivaBien,Decoración del Hogar,家居装饰,TRUE,VBFD27C583,170.00,10,VBFD27C583.jpg,欢迎装饰牌,,家居装饰,Decoración del Hogar,"Shopify,Facebook Marketplace",价格由 AI 从图片识别：RD$ 170，请在审核台确认
portarretrato-marco-de-fotos-dorado-4-x6-10cmx15cm,"Portarretrato / marco de fotos dorado 4""x6"" 10cmx15cm","Portarretrato / marco de fotos dorado 4""x6"" 10cmx15cm

📦 Características:
• 4""x6""
• 10cmx15cm
• marco metálico

✨ Estado: Nuevo
🚚 Disponible para entrega o recogida

🛒 VivaBien — Tu tienda de confianza en República Dominicana",VivaBien,Decoración del Hogar,家居装饰,TRUE,VBFD4B01FE,160.00,10,VBFD4B01FE.jpg,金色相框,,家居装饰,Decoración del Hogar,"Shopify,Facebook Marketplace",价格由 AI 从图片识别：RD$ 160，请在审核台确认
calendario-de-madera-almanaque-con-flores-secas-y-n-meros-ve,Calendario de madera / almanaque con flores secas y números verdes,"Calendario de madera / almanaque con flores secas y números verdes

📦 Características:
• Bloques numéricos verdes
• Base de madera
• Incluye flores secas decorativas

✨ Estado: Nuevo
🚚 Disponible para entrega o recogida

🛒 VivaBien — Tu tienda de confianza en República Dominicana",VivaBien,Decoración del Hogar,家居装饰,TRUE,VBFD51D19F,235.00,10,VBFD51D19F.jpg,木质翻页日历,,家居装饰,Decoración del Hogar,"Shopify,Facebook Marketplace",价格由 AI 从图片识别：RD$ 295，请在审核台确认 | 价格经二次OCR修正：295 → RD$ 235
u-as-postizas-tips-azul-brilloso-punta-stiletto,Uñas postizas / tips azul brilloso punta stiletto,"Uñas postizas / tips azul brilloso punta stiletto

📦 Características:
• Azul
• Brillo
• Punta fina

✨ Estado: Nuevo
🚚 Disponible para entrega o recogida

🛒 VivaBien — Tu tienda de confianza en República Dominicana",VivaBien,Belleza y Cuidado Personal,美容个护,TRUE,VBFDAAF682,80.00,10,VBFDAAF682.jpg,假指甲,,美容个护,Belleza y Cuidado Personal,"Shopify,Facebook Marketplace",价格由 AI 从图片识别：RD$ 80，请在审核台确认
kit-u-as-postizas-u-as-acr-licas-rosadas-natural-c-modas,Kit uñas postizas / uñas acrílicas rosadas natural cómodas,"Kit uñas postizas / uñas acrílicas rosadas natural cómodas

📦 Características:
• Rosado
• Uso cómodo y natural
• modelo profesional

✨ Estado: Nuevo
🚚 Disponible para entrega o recogida

🛒 VivaBien — Tu tienda de confianza en República Dominicana",VivaBien,Belleza y Cuidado Personal,美容个护,TRUE,VBFDD53E99,70.00,10,VBFDD53E99.jpg,假指甲套装,,美容个护,Belleza y Cuidado Personal,"Shopify,Facebook Marketplace",价格由 AI 从图片识别：RD$ 70，请在审核台确认
jab-n-l-quido-gel-de-manos-col-geno-11oz-con-vitamina-e,Jabón líquido / gel de manos colágeno 11oz con vitamina E,"Jabón líquido / gel de manos colágeno 11oz con vitamina E

📦 Características:
• 11 onzas
• Líquido azul
• Con vitamina E
• Antienvejecimiento

✨ Estado: Nuevo
🚚 Disponible para entrega o recogida

🛒 VivaBien — Tu tienda de confianza en República Dominicana",VivaBien,Belleza y Cuidado Personal,美容个护,TRUE,VBFE81EE8E,120.00,10,VBFE81EE8E.jpg,胶原蛋白洗手液,,美容个护,Belleza y Cuidado Personal,"Shopify,Facebook Marketplace",
mini-l-mpara-u-as-uv-led-verde-1-unidad,Mini lámpara uñas UV/LED verde 1 unidad,"Mini lámpara uñas UV/LED verde 1 unidad

📦 Características:
• 1 unidad
• UV/LED
• Verde

✨ Estado: Nuevo
🚚 Disponible para entrega o recogida

🛒 VivaBien — Tu tienda de confianza en República Dominicana",VivaBien,Belleza y Cuidado Personal,美容个护,TRUE,VBFE99A430,180.00,10,VBFE99A430.jpg,迷你美甲灯,,美容个护,Belleza y Cuidado Personal,"Shopify,Facebook Marketplace",价格由 AI 从图片识别：RD$ 180，请在审核台确认
tairr-abrazadera-pl-stica-negra-de-nylon,Tairrá / abrazadera plástica negra de nylon,"Tairrá / abrazadera plástica negra de nylon

📦 Características:
• Negro
• Material de nylon

✨ Estado: Nuevo
🚚 Disponible para entrega o recogida

🛒 VivaBien — Tu tienda de confianza en República Dominicana",VivaBien,Herramientas y Ferretería,工具五金,TRUE,VBFEAD3BA6,60.00,10,VBFEAD3BA6.jpg,尼龙扎带,,工具五金,Herramientas y Ferretería,"Shopify,Facebook Marketplace",价格由 AI 从图片识别：RD$ 60，请在审核台确认
removedor-de-pega-adhesivo-para-peluca-extensiones-30ml,Removedor de pega / adhesivo para peluca / extensiones 30ml,"Removedor de pega / adhesivo para peluca / extensiones 30ml

📦 Características:
• 30ml
• Para pegamento de pelucas y cintas adhesivas

✨ Estado: Nuevo
🚚 Disponible para entrega o recogida

🛒 VivaBien — Tu tienda de confianza en República Dominicana",VivaBien,Belleza y Cuidado Personal,美容个护,TRUE,VBFF39932A,130.00,10,VBFF39932A.jpg,假发胶去除剂,,美容个护,Belleza y Cuidado Personal,"Shopify,Facebook Marketplace",价格由 AI 从图片识别：RD$ 130，请在审核台确认
espejo-adhesivo-hexagonal-1-pieza-espejo-decorativo,Espejo adhesivo hexagonal 1 pieza / espejo decorativo,"Espejo adhesivo hexagonal 1 pieza / espejo decorativo

📦 Características:
• 1 hoja
• Hexagonal
• pegatina de espejo

✨ Estado: Nuevo
🚚 Disponible para entrega o recogida

🛒 VivaBien — Tu tienda de confianza en República Dominicana",VivaBien,Decoración del Hogar,家居装饰,TRUE,VBFF61142E,55.00,10,VBFF61142E.jpg,六边形镜贴,,家居装饰,Decoración del Hogar,"Shopify,Facebook Marketplace",价格由 AI 从图片识别：RD$ 55，请在审核台确认
filtro-para-fregadero-lavamanos-de-acero-inoxidable,Filtro para fregadero / lavamanos de acero inoxidable,"Filtro para fregadero / lavamanos de acero inoxidable

📦 Características:
• material de acero inoxidable
• Para fregaderos
• Con función de filtrado

✨ Estado: Nuevo
🚚 Disponible para entrega o recogida

🛒 VivaBien — Tu tienda de confianza en República Dominicana",VivaBien,Baño y Sanitarios,浴室卫浴,TRUE,VBFF78FEAB,160.00,10,VBFF78FEAB.jpg,水槽排水器,,浴室卫浴,Baño y Sanitarios,"Shopify,Facebook Marketplace",价格由 AI 从图片识别：RD$ 160，请在审核台确认
spray-retardante-masculino-12g-lidoca-na-9-6,Spray retardante masculino 12g / lidocaína 9.6%,"Spray retardante masculino 12g / lidocaína 9.6%

📦 Características:
• 12g
• Con lidocaína 9.6%
• Retrasa la eyaculación
• Reduce sensibilidad

✨ Estado: Nuevo
🚚 Disponible para entrega o recogida

🛒 VivaBien — Tu tienda de confianza en República Dominicana",VivaBien,Artículos para Adultos,情趣用品,TRUE,VBFFC45972,185.00,10,VBFFC45972.jpg,男性延时喷雾,,情趣用品,Artículos para Adultos,"Shopify,Facebook Marketplace",价格由 AI 从图片识别：RD$ 185，请在审核台确认
mascarilla-hidratante-gl-teos-nalgas-35ml-con-durazno,Mascarilla hidratante glúteos / nalgas 35ml con durazno,"Mascarilla hidratante glúteos / nalgas 35ml con durazno

📦 Características:
• 35ml
• Levantamiento y firmeza de glúteos
• Extracto de durazno
• Ácido hialurónico transparente
• Fórmula vegana
• Sin pruebas en animales

✨ Estado: Nuevo
🚚 Disponible para entrega o recogida

🛒 VivaBien — Tu tienda de confianza en República Dominicana",VivaBien,Belleza y Cuidado Personal,美容个护,TRUE,VBFFCA4A65,130.00,10,VBFFCA4A65.jpg,臀部保湿面膜,,美容个护,Belleza y Cuidado Personal,"Shopify,Facebook Marketplace",价格由 AI 从图片识别：RD$ 130，请在审核台确认
vbd962cdc6,Florero / jarrón cerámico blanco y dorado 45cm,"Florero / jarrón cerámico blanco y dorado 45cm

📦 Características:
• 1个
• 白色
• 陶瓷材质
• 金色装饰

💰 Precio: RD$ 2195
✨ Estado: Nuevo
🚚 Disponible para entrega o recogida

🛒 VivaBien — Tu tienda de confianza en República Dominicana",VivaBien,Decoración del Hogar,Decoración del Hogar,TRUE,VBD962CDC6,2195.0,,VBD962CDC6_scene.jpg,45cm 2195,家居装饰,Decoración del Hogar,"Shopify,Facebook Marketplace",价格由 AI 从图片识别：RD$ 2195，请在审核台确认,
vbd962cdc6,,,,,,,,,,VBD962CDC6_dim.jpg,,,,,,
vb1702ab63,Jarrón decorativo de cerámica dorado 38cm,"Plato decorativo 38cm cerámica dorado

📦 Características:
• 1个
• 金色
• 陶瓷材质

💰 Precio: Consultar precio
✨ Estado: Nuevo
🚚 Disponible para entrega o recogida

🛒 VivaBien — Tu tienda de confianza en República Dominicana",VivaBien,Decoración del Hogar,Decoración del Hogar,TRUE,VB1702AB63,1580,,VB1702AB63_scene.jpg,38cm 1560,家居装饰,家居装饰,Decoración del Hogar,,
vb1702ab63,,,,,,,,,,VB1702AB63_dim.jpg,,,,,,
vb66584de6,Planta artificial verde / matojo decorativo 100cm,"Planta artificial verde / matojo decorativo 100cm

📦 Características:
• 1束
• 绿色
• 仿真材质

💰 Precio: Consultar precio
✨ Estado: Nuevo
🚚 Disponible para entrega o recogida

🛒 VivaBien — Tu tienda de confianza en República Dominicana",VivaBien,Decoración del Hogar,Decoración del Hogar,TRUE,VB66584DE6,895,,VB66584DE6_scene.jpg,100 cm 895,家居装饰,Decoración del Hogar,"Shopify,Facebook Marketplace",,
vb66584de6,,,,,,,,,,VB66584DE6_dim.jpg,,,,,,
vb3ff5dcb3,Planta artificial decorativa en macetero 1 unidad,"Macetero / tiesto plástico verde 1 unidad

📦 Características:
• 1盆
• 绿色
• 塑料材质

💰 Precio: Consultar precio
✨ Estado: Nuevo
🚚 Disponible para entrega o recogida

🛒 VivaBien — Tu tienda de confianza en República Dominicana",VivaBien,Decoración del Hogar,Decoración del Hogar,TRUE,VB3FF5DCB3,540,,VB3FF5DCB3_scene.jpg,50,家居装饰,家居装饰,Decoración del Hogar,,
vb3ff5dcb3,,,,,,,,,,VB3FF5DCB3_dim.jpg,,,,,,
vb05e6a99d,Flores artificiales / planta decorativa amarilla 10 ramas 100cm,"Flores artificiales / planta decorativa amarilla 10 ramas 100cm

📦 Características:
• 10朵
• 黄色
• 仿真花
• 盆栽

💰 Precio: Consultar precio
✨ Estado: Nuevo
🚚 Disponible para entrega o recogida

🛒 VivaBien — Tu tienda de confianza en República Dominicana",VivaBien,Decoración del Hogar,Decoración del Hogar,TRUE,VB05E6A99D,1650,,VB05E6A99D_scene.jpg,100cm 1650,家居装饰,Decoración del Hogar,"Shopify,Facebook Marketplace",,
vb05e6a99d,,,,,,,,,,VB05E6A99D_dim.jpg,,,,,,
vb550abe0b,Planta artificial 120 cm con hojas coloridas,"Planta artificial 120 cm con hojas coloridas

📦 Características:
• 1个
• 彩色叶子
• 仿真植物
• 高度约1.2m

💰 Precio: Consultar precio
✨ Estado: Nuevo
🚚 Disponible para entrega o recogida

🛒 VivaBien — Tu tienda de confianza en República Dominicana",VivaBien,Decoración del Hogar,Decoración del Hogar,TRUE,VB550ABE0B,,,VB550ABE0B_scene.jpg,120 cm 1595,家居装饰,Decoración del Hogar,"Shopify,Facebook Marketplace",,
vb550abe0b,,,,,,,,,,VB550ABE0B_dim.jpg,,,,,,
vbd04dd7c8,Planta artificial verde / mata plástica 110cm,"Planta artificial verde / mata plástica 110cm

📦 Características:
• 绿色
• 仿真植物
• 盆栽

💰 Precio: Consultar precio
✨ Estado: Nuevo
🚚 Disponible para entrega o recogida

🛒 VivaBien — Tu tienda de confianza en República Dominicana",VivaBien,Decoración del Hogar,Decoración del Hogar,TRUE,VBD04DD7C8,1955,,VBD04DD7C8_scene.jpg,110cm  1955,家居装饰,Decoración del Hogar,"Shopify,Facebook Marketplace",,
vbd04dd7c8,,,,,,,,,,VBD04DD7C8_dim.jpg,,,,,,
vbbac3a84f,Planta artificial 150cm hojas verdes frutas amarillas,"Planta artificial 150cm hojas verdes frutas amarillas

📦 Características:
• 2棵
• 绿色叶子
• 黄色果实
• 黑色花盆

💰 Precio: Consultar precio
✨ Estado: Nuevo
🚚 Disponible para entrega o recogida

🛒 VivaBien — Tu tienda de confianza en República Dominicana",VivaBien,Decoración del Hogar,Decoración del Hogar,TRUE,VBBAC3A84F,3795,,VBBAC3A84F_scene.jpg,150cm 3795,家居装饰,Decoración del Hogar,"Shopify,Facebook Marketplace",,
vbbac3a84f,,,,,,,,,,VBBAC3A84F_dim.jpg,,,,,,
vbab43d8e5,Rosa artificial decorativa 170cm color rosado,"Muñeca de silicona / realista 170cm color rosado

📦 Características:
• 粉色
• 仿真材质
• 高度约1.2m

💰 Precio: Consultar precio
✨ Estado: Nuevo
🚚 Disponible para entrega o recogida

🛒 VivaBien — Tu tienda de confianza en República Dominicana",VivaBien,Decoración del Hogar,Decoración del Hogar,TRUE,VBAB43D8E5,2795,,VBAB43D8E5_scene.jpg,170cm  2795,家居装饰,家居装饰,Decoración del Hogar,,
vbab43d8e5,,,,,,,,,,VBAB43D8E5_dim.jpg,,,,,,
vb8d3986db,Flor artificial amarilla 5 unidades 1.2m / 120cm,"Flor artificial amarilla 5 unidades 1.2m / 120cm

📦 Características:
• 5朵
• 黄色
• 约1.2m

💰 Precio: Consultar precio
✨ Estado: Nuevo
🚚 Disponible para entrega o recogida

🛒 VivaBien — Tu tienda de confianza en República Dominicana",VivaBien,Decoración del Hogar,Decoración del Hogar,TRUE,VB8D3986DB,375,,VB8D3986DB_scene.jpg,130cm 375,家居装饰,Decoración del Hogar,"Shopify,Facebook Marketplace",,
vb8d3986db,,,,,,,,,,VB8D3986DB_dim.jpg,,,,,,
vb848d1f9a,Planta artificial / mata decorativa 1.2m verde con maceta,"Planta artificial / mata decorativa 1.2m verde con maceta

📦 Características:
• 1.2m
• 绿色
• 仿真植物
• 带盆栽

💰 Precio: Consultar precio
✨ Estado: Nuevo
🚚 Disponible para entrega o recogida

🛒 VivaBien — Tu tienda de confianza en República Dominicana",VivaBien,Decoración del Hogar,Decoración del Hogar,TRUE,VB848D1F9A,2380,,VB848D1F9A_scene.jpg,125,家居装饰,Decoración del Hogar,"Shopify,Facebook Marketplace",,
vb848d1f9a,,,,,,,,,,VB848D1F9A.jpg,,,,,,
vb5f38cbe5,Plato decorativo 25cm cerámica dorado/blanco,"Plato decorativo 25cm cerámica dorado/blanco

📦 Características:
• 1个
• 金色和白色
• 陶瓷材质

💰 Precio: RD$ 1095
✨ Estado: Nuevo
🚚 Disponible para entrega o recogida

🛒 VivaBien — Tu tienda de confianza en República Dominicana",VivaBien,Decoración del Hogar,Decoración del Hogar,TRUE,VB5F38CBE5,1095.0,,VB5F38CBE5_scene.jpg,25cm,家居装饰,Decoración del Hogar,"Shopify,Facebook Marketplace",价格由 AI 从图片识别：RD$ 1095，请在审核台确认,
vb5f38cbe5,,,,,,,,,,VB5F38CBE5_dim.jpg,,,,,,
vbc5d6afef,Termo / vaso térmico metálico 35cm con tapa plateado,"Termo / vaso térmico metálico 35cm con tapa plateado

📦 Características:
• 1个
• 银色
• 金属材质
• 带盖设计

💰 Precio: RD$ 895
✨ Estado: Nuevo
🚚 Disponible para entrega o recogida

🛒 VivaBien — Tu tienda de confianza en República Dominicana",VivaBien,Decoración del Hogar,Decoración del Hogar,TRUE,VBC5D6AFEF,895.0,,VBC5D6AFEF_scene.jpg,35cm 895,家居装饰,Decoración del Hogar,"Shopify,Facebook Marketplace",价格由 AI 从图片识别：RD$ 895，请在审核台确认,
vbc5d6afef,,,,,,,,,,VBC5D6AFEF_dim.jpg,,,,,,
vb9dd09991,Planta decorativa artificial / 160cm / hojas verdes,"Tubo plástico verde 1.5m / 160cm / manguera

📦 Características:
• 1.5m
• 绿色
• 塑料材质

💰 Precio: Consultar precio
✨ Estado: Nuevo
🚚 Disponible para entrega o recogida

🛒 VivaBien — Tu tienda de confianza en República Dominicana",VivaBien,Decoración del Hogar,Decoración del Hogar,TRUE,VB9DD09991,2215,,VB9DD09991_scene.jpg,160cm 2215,家居装饰,家居装饰,Decoración del Hogar,,
vb9dd09991,,,,,,,,,,VB9DD09991_dim.jpg,,,,,,
vb9b2e42bf,Planta artificial verde plástico 160cm / 1.2m,"Planta artificial verde plástico 160cm / 1.2m

📦 Características:
• 1.2m
• 绿色
• 塑料材质

💰 Precio: Consultar precio
✨ Estado: Nuevo
🚚 Disponible para entrega o recogida

🛒 VivaBien — Tu tienda de confianza en República Dominicana",VivaBien,Decoración del Hogar,Decoración del Hogar,TRUE,VB9B2E42BF,2530,,VB9B2E42BF_scene.jpg,160cm  2530,家居装饰,Decoración del Hogar,"Shopify,Facebook Marketplace",,
vb9b2e42bf,,,,,,,,,,VB9B2E42BF_dim.jpg,,,,,,
vb90b0edf3,Planta artificial 90cm 3 hojas bicolor con tallo rojo,"Planta artificial 90cm 3 hojas bicolor con tallo rojo

📦 Características:
• 3片
• 红色茎
• 双色叶片

💰 Precio: Consultar precio
✨ Estado: Nuevo
🚚 Disponible para entrega o recogida

🛒 VivaBien — Tu tienda de confianza en República Dominicana",VivaBien,Decoración del Hogar,Decoración del Hogar,TRUE,VB90B0EDF3,1870,,VB90B0EDF3_scene.jpg,90cm 1870,家居装饰,Decoración del Hogar,"Shopify,Facebook Marketplace",,
vb90b0edf3,,,,,,,,,,VB90B0EDF3.jpg,,,,,,
vb750f588a,Planta artificial bambú verde 1.2m,"Árbol de Navidad / pino verde plástico 1.2m

📦 Características:
• 1个
• 绿色
• 塑料材质
• 高度约1.2m

💰 Precio: Consultar precio
✨ Estado: Nuevo
🚚 Disponible para entrega o recogida

🛒 VivaBien — Tu tienda de confianza en República Dominicana",VivaBien,Decoración del Hogar,Decoración del Hogar,TRUE,VB750F588A,1980,,VB750F588A_scene.jpg,120,家居装饰,家居装饰,Decoración del Hogar,,
vb750f588a,,,,,,,,,,VB750F588A_dim.jpg,,,,,,
vb2f699645,Planta decorativa artificial de 160 cm,"Rollo de manguera plástica verde 1.8m / 160cm

📦 Características:
• 1.8m
• 绿色
• 塑料材质

💰 Precio: RD$ 2995
✨ Estado: Nuevo
🚚 Disponible para entrega o recogida

🛒 VivaBien — Tu tienda de confianza en República Dominicana",VivaBien,Decoración del Hogar,Decoración del Hogar,TRUE,VB2F699645,2655,,VB2F699645_scene.jpg,160cm 2655,家居装饰,家居装饰,Decoración del Hogar,价格由 AI 从图片识别：RD$ 2995，请在审核台确认,价格由 AI 从图片识别：RD$ 2995，请在审核台确认
vb2f699645,,,,,,,,,,VB2F699645_dim.jpg,,,,,,
vb2a7e1e01,Planta artificial decorativa verde 160cm,"Planta artificial decorativa verde 160cm

📦 Características:
• 绿色
• 仿真植物
• 装饰用

💰 Precio: Consultar precio
✨ Estado: Nuevo
🚚 Disponible para entrega o recogida

🛒 VivaBien — Tu tienda de confianza en República Dominicana",VivaBien,Decoración del Hogar,Decoración del Hogar,TRUE,VB2A7E1E01,2245,,VB2A7E1E01_scene.jpg,160cm 2245,家居装饰,Decoración del Hogar,"Shopify,Facebook Marketplace",,
vb2a7e1e01,,,,,,,,,,VB2A7E1E01.jpg,,,,,,
